content,language
Gone 🎣 in missoni 🐙 @ Missoni in Mykonos https://t.co/cI4xV9oSVv,it
Pepperoni pizza DNA,it
Gucci! #ColdWater https://t.co/9INWhGKcRW,it
Miami #PurposeTour,it
Miami #PurposeTourAlchemist https://t.co/Jc2h6yY4iM,it
@RubyRose nice piano http://t.co/TJp22KKzTO,it
"Vevo.
#BadBloodMusicVideo 

http://t.co/juLhTCzoU5",it
"Ahahaha KARLIE!!
http://t.co/2Ah4uLwqVw
@karliekloss",it
"#KissItBetterVIDEO
VEVO: https://t.co/Ybra8IHmzN
TIDAL: https://t.co/5cyDmEklJd",it
#KISSITBETTERVIDEO #THURSDAY #NOON on VEVO! https://t.co/suzH3RAWPz,it
Argentina leggooooal,it
Ghetto. http://t.co/2tZNwGuLah,it
Ghetto http://t.co/mLv9wCouXm,it
LUI. #coveR by Mario Sorrenti http://t.co/v0XbELIE7R,it
#pouritupvideo vevo http://t.co/1PTcZRDxCh,it
She. x mani http://t.co/jFGIVahiqi,it
Francesco Scognamilio https://t.co/xDGt5yxaAT,it
Ragazzi AlegraGaga Vodka Da Vinci and Fashion http://t.co/g2umqu8z0q,it
"So Presidential... Haha! 🙏‼️

#CantStopTheFeeling  https://t.co/HoE2dYhM42",it
Congrats Rayana Miccolis! http://t.co/7hrrQsqash #finderskeepers,it
"""@robknox_ys: 'Daniel son... FOCUS'"" ""Miiiyaaaaaaagiiiiiii!!!!!"" --Sato",it
Miami https://t.co/Qo3wg7kA6H,it
hahahha mamma's boy @robkardashian #RobAndChyna,it
Vintage Galliano https://t.co/Ax4QIbqNuu,it
💜 Carlita https://t.co/pTplSoUtK5,it
Teatro dell 'Opera https://t.co/q66Cr0BaMM,it
#STREETSTYLE MIAMI VICE https://t.co/ImIOMY7CM8 https://t.co/tfGxEZdN0P,it
COSMOPOLITAN http://t.co/dGjGb1bfVm,it
La Scala Lunch @richwilkersonjr @dawnchere @carladibello http://t.co/MNVEshFBF7,it
@gabbsolis ciao!,it
"@Sus7Inter Ciao, Italia!",it
@MichelaDammizio Grazie Italia.,it
Ti amo http://t.co/YvQ2TtinGS,it
Mafia babies http://t.co/rybbD2GEwS,it
Buffalo. Sup http://t.co/Uy1usASFmg,it
Volare http://t.co/wamb87mYle,it
Italian President Sergio Mattarella appoints Foreign Minster Paolo Gentiloni the country's prime minister-designate… https://t.co/dCnDAPbysN,it
“@chrisholmez: @jimmyfallon adopt me” no.,it
"#SideToSide 
Vevo: https://t.co/iCHOWc4oTC
iTunes: https://t.co/ttorp8DPpe https://t.co/F8DFQIj6Mt",it
hahahhaahahh🙈 https://t.co/a36UfsoCJH,it
Rip Chanel no 2 @screamqueens https://t.co/aRCk4RLflQ,it
ciao,it
hahahaahhah https://t.co/FgXzExTFOk,it
buona sera milano #IoAmoLItalia #ragazzaItaliana #breakfastat7pm #damn #igiveup #ohwell… https://t.co/VufobVIlX8,it
La Pietà made of chocolate. Shak https://t.co/OSOiCz9ckL,it
La familia Topo Gigio!! https://t.co/t4DZKZcz3F,it
Ciao Milano! Shak  http://t.co/mAZvjWn1,it
@SimJonasbooksNJ Cinderella,it
"#BodySay 😈

Vevo: https://t.co/qQV4lghv3l
iTunes: https://t.co/eqZIwoIi4L",it
Domo Arigato Demi Lovato... 😳,it
"Ucraina-Russia, Ricciardi: Servono grandi campagne vaccino Covid per profughi",it
Tra l’altro Emme era pure No vax…. Fatevi due conti,it
Siamo passati da abbraccia un cinese ad odio un russo . Il tutto passando per ammazza un no-vax . Le persone buoneeeeh…,it
"Il medico non vaccinato non deve essere sospeso dall’Ordine se può esercitare la sua professione a distanza, senza un contatto…",it
"Ucraina-Russia, Ricciardi: Servono grandi campagne vaccino Covid per profughi",it
euro Obligare ad un vaccino di dubbia efficacia direi che è la cosa peggiore che questo governo poteva fare...…,it
"Sono passati dall'augurare la m●rte ai non vaccinati a chiedere la pace nel mondo, il tutto nell'arco di tre giorni.",it
"Fingeva di somministrare i vaccini ai bambini, infermiera condannata a 8 anni e mezzo",it
"Non solo Covid: La follia si paga cara. Novax non in tempo di pandemia. Una bella pena , finalmente . Ha finto di vacci…",it
"Foto: #Dugin, l'ideologo di #Putin e #Savoini, l'ex portavoce di #Salvini con simpatie neonaziste, con loro chi troviam…",it
"Notizia BOMBA!!! In Italia c'è ancora il #SUPERGREENPASS ed i cinquantenni non vaccinati, sono stati lasciati: #Senzala…",it
"Non è che i #novax sono anche #proPutin. È che esiste gente che osserva, si informa e ragiona con la propria testa e sci…",it
"🆘ABBIAMO BISOGNO DI UNA ZAMPINA PER ACHILLE🆘 Giovedì va portato dal veterinario per il secondo vaccino, essere visitato…",it
"L'italiano medio non ha smesso di essere fiero odiatore dei novax che ha già trovato il suo prossimo nemico, servito su un p…",it
"Guerra #Ucraina-Russia, Ricciardi: Servono grandi campagne vaccino anti #Covid per profughi .",it
Sarà la nuova moneta dei no vax,it
Draghi: la forza dell'#UE è una forza di pace (Troppe dosi di vaccino. Troppe.),it
"Notizia BOMBA!!! In Italia c'è ancora il #SUPERGREENPASS ed i cinquantenni non vaccinati, sono stati lasciati: #Senzala…",it
Pensavate che i #NoEuro fossero spariti? Prima sono diventati #NoVax. Ora sono più trasparentemente burattini della Russia…,it
Siamo passati da abbraccia un cinese ad odio un russo . Il tutto passando per ammazza un no-vax . Le persone buoneeeeh…,it
Pensavate che i #NoEuro fossero spariti? Prima sono diventati #NoVax. Ora sono più trasparentemente burattini della Russia…,it
#Novax si vaccina con #Novavax e come effetto collaterale scopre che #Putin ha invaso l'#Ucraina.,it
DraghiFOTTITI!!!! Praticamente ferme nuove vaccinazioni Umbria,it
"BKK, storica assicurazione tedesca, ha analizzato i dati di 10,9 milioni di clienti, riscontrando un numero di danni da #va…",it
"Notizia BOMBA!!! In Italia c'è ancora il #SUPERGREENPASS ed i cinquantenni non vaccinati, sono stati lasciati: #Senzala…",it
"L'obbligo di vaccinazione anti Covid, imposto nel Regno Unito negli ultimi mesi solo per gli operatori della sanità, sa…",it
Provate a spiegare ad un #Over50 sospeso dal lavoro via DECRETO LEGGE che stiamo aiutando l’Ucraina per esportare democrazia……,it
"Non è che i #novax sono anche #proPutin. È che esiste gente che osserva, si informa e ragiona con la propria testa e sci…",it
"In quello che definite mondo libero, un ragazzino di 12 anni non può andare a scuola con l'autobus se non è vaccinato.",it
#Novax si vaccina con #Novavax e come effetto collaterale scopre che #Putin ha invaso l'#Ucraina.,it
"Mayclark: Si uno se pone a leer lo que rusia dice de su vacuna, básicamente logra cura y tratar todas las enfermedades…",it
"Volevate la guerra contro i novax. In Ucraina sono oltre 70%, quindi hanno esaudito il vostro desiderio... Ma adesso vo…",it
"In quello che definite mondo libero, un ragazzino di 12 anni non può andare a scuola con l'autobus se non è vaccinato.",it
"Foto: #Dugin, l'ideologo di #Putin e #Savoini, l'ex portavoce di #Salvini con simpatie neonaziste, con loro chi troviam…",it
"Comincia l’ennesima caccia alle streghe. Prima era i non vaccinati, ora sono i russi. Il post di ha ricevuto…",it
Medici ipocondriaci che non curano chi non è vaccinato. Negozianti sceriffi che ti cacciano in malo modo. Insegnanti che…,it
"Foto: #Dugin, l'ideologo di #Putin e #Savoini, l'ex portavoce di #Salvini con simpatie neonaziste, con loro chi troviam…",it
"fsi: Chigi, ma dobbiamo proprio aiutarli sti #novax ucraini? Non possiamo lasciarli senza lavoro, senza cibo, senza…",it
Non è neanche necessario augurare: faranno tutto da soli. Stanno impazzendo... sono sempre…,it
🔴#Coronavirus La giornata a Reggio • 0 decessi (tot. 1.491) • 96 nuovi casi (tot. 130.762) • 132 ricoverati in H/Covid…,it
"cami: Siete consapevoli tutti cosa succede durante lo stato d’emergenza, vero? Decreti legge uno dopo l’altro approvati in un ba…",it
"Sono passati dall'augurare la m●rte ai non vaccinati a chiedere la pace nel mondo, il tutto nell'arco di tre giorni.",it
Provate a spiegare ad un #Over50 sospeso dal lavoro via DECRETO LEGGE che stiamo aiutando l’Ucraina per esportare democrazia……,it
"V_Vi_Vi: I Nazisti ci censurano illegalmente decine di V_V CAELLOS, spazi pagati regolamente per gioco interattivo! Ovviamente, no…",it
Stazione in Polonia stipata di Ucraini in fuga. Meno del 35% degli ucraini sono vaccinati e lí nessuno ha la mascherina. Se…,it
"trend: ✅ #Coronavirus, dosi di vaccino somministrate in totale fino a mezzanotte in Italia: 134.149.099 Dosi somministrate ieri: 1…",it
V_Vi_Vi: Di quanti casi di #nessunacorrelazione avete bisogno per dire che i vaccini uccidono? Continua la strage di malori improvvis…,it
"L'onda dell'intolleranza continua (dopo i novax) a colpire inesorabile il nemico 'diverso', con l'unico scopo di t…",it
I noatri soldi sono anche serviti per pagare vaccini distruttivi anziche' curare il covid. Non dimentichia…,it
"Si buscan en los archivos de Russia Today, van a ver que hicieron una propaganda inmensa EN CONTRA de las vacunas occident…",it
"vc10: sono stata a contatto per tre volte consecutive con un positivo e non l'ho preso E NON SONO NEANCHE VACCINATA, dov'è il prem…",it
DENUNCIEMOS LAS INFORMACIONES FALSAS A mi familia en VMT le han repartido estos volantes en contra de las vacunas a lo…,it
"637 pro, 13 contro: l'Europarlamento ha votato la condanna dell'invasione russa e la proposta di far entrare l'Ucraina in…",it
"Dopo la caccia al cinese, Poi all'infetto, al NoVax Ora la caccia al Russo Mai che ve la prendere con il vero responsabi…",it
Avete notato come i Media hanno spostato l'odio dai Novax ai Russi? Chirurgici.,it
Siamo passati da abbraccia un cinese ad odio un russo . Il tutto passando per ammazza un no-vax . Le persone buoneeeeh…,it
"Devo ritirare passaporto che sto aspettando da un mese. Avevo chiesto di inviarlo via assicurata, ma nulla.. mi scrivono ch…",it
claudio Aggiornatemi vi prego. Dal 31 marzo il russo sostituisce il non vaccinato nella classifica dello schifo…,it
"fsi: Scusate, mi sorge un dubbio: un profugo ucraino in Italia va discriminato in quanto #novax o lasciato entrare ovunque se…",it
"Notizia BOMBA!!! In Italia c'è ancora il #SUPERGREENPASS ed i cinquantenni non vaccinati, sono stati lasciati: #Senzala…",it
"Il medico non vaccinato non deve essere sospeso dall’Ordine se può esercitare la sua professione a distanza, senza un contatto…",it
"Notizia BOMBA!!! In Italia c'è ancora il #SUPERGREENPASS ed i cinquantenni non vaccinati, sono stati lasciati: #Senzala…",it
Siamo passati da abbraccia un cinese ad odio un russo . Il tutto passando per ammazza un no-vax . Le persone buoneeeeh…,it
"Il medico non vaccinato non deve essere sospeso dall’Ordine se può esercitare la sua professione a distanza, senza un contatto…",it
Siamo passati da abbraccia un cinese ad odio un russo . Il tutto passando per ammazza un no-vax . Le persone buoneeeeh…,it
Stazione in Polonia stipata di Ucraini in fuga. Meno del 35% degli ucraini sono vaccinati e lí nessuno ha la mascherina. Se…,it
stare: Bella l'ITALIA dei democratici. Gente vaccinata senza la terza dose perché le stava scoppiando il cuore lasciata a casa…,it
"In quello che definite mondo libero, un ragazzino di 12 anni non può andare a scuola con l'autobus se non è vaccinato.",it
Quelli che dicono: eh ma non si può togliere il greenpass perché poi i vaccinati protesterebbero. Adesso che son tutti p…,it
No more vaccine mandate in New york🤔,it
"Stiamo entrando in #guerra, in spregio all'art.11 della #Costituzione. Si usa la tecnica già vista per il virus: #provax bu…",it
"Buone notizie, e ne abbiamo molto bisogno. Il vaccino fornisce ai più piccoli un’ottima protezione contro il ricovero.…",it
"Stiamo entrando in #guerra, in spregio all'art.11 della #Costituzione. Si usa la tecnica già vista per il virus: #provax bu…",it
"Il medico non vaccinato non deve essere sospeso dall’Ordine se può esercitare la sua professione a distanza, senza un contatto…",it
"Non ne posso più di leggere i negazionisti, su qualsiasi piattaforma. Negazionisti di qualsiasi cosa: malattie, vaccini,…",it
UK (24-gennaio - 20 febbraio) Sempre più ospedalizzazioni e decessi tra i vaccinati. Grafico il % e non in valori assoluti. ht…,it
Siamo passati da abbraccia un cinese ad odio un russo . Il tutto passando per ammazza un no-vax . Le persone buoneeeeh…,it
da oggi centinaia di persone con regolare esenzione da vaccino sono tagliate fuori dalla società perché nel frat…,it
"fsi: Chigi, ma dobbiamo proprio aiutarli sti #novax ucraini? Non possiamo lasciarli senza lavoro, senza cibo, senza…",it
Hanno avvertito gli Ucraini che l'unione europea è quella cosa che ti vieta di lavorare se non fai un vaccino di una o più mu…,it
"Ucraina-Russia, Ricciardi: Servono grandi campagne vaccino Covid per profughi",it
Immagina essere no vax e filo russo. Praticamente la primula rossa,it
Si sta verificando la stessa faccenda dei vaccini. Prima sollevavi un dubbio sul grinpasse ed eri un no vax terrapiattis…,it
"Ucraina-Russia, Ricciardi: Servono grandi campagne vaccino Covid per profughi",it
Novax ucraino &gt;&gt;&gt; vaccinato russo ?,it
Siamo passati da abbraccia un cinese ad odio un russo . Il tutto passando per ammazza un no-vax . Le persone buoneeeeh…,it
Provate a spiegare ad un #Over50 sospeso dal lavoro via DECRETO LEGGE che stiamo aiutando l’Ucraina per esportare democrazia……,it
"🆘ABBIAMO BISOGNO DI UNA ZAMPINA PER ACHILLE🆘 Giovedì va portato dal veterinario per il secondo vaccino, essere visitato…",it
Draghi: la forza dell'#UE è una forza di pace (Troppe dosi di vaccino. Troppe.),it
Gli ultimi dati pubblicati dall'Agenzia per la sicurezza sanitaria del Regno Unito confermano che i decessi stanno aumentando d…,it
"Notizia BOMBA!!! In Italia c'è ancora il #SUPERGREENPASS ed i cinquantenni non vaccinati, sono stati lasciati: #Senzala…",it
Ma i profughi ucraini hanno il green pass e sono vaccinati? Ci vogliamo contagiare???,it
"Notizia BOMBA!!! In Italia c'è ancora il #SUPERGREENPASS ed i cinquantenni non vaccinati, sono stati lasciati: #Senzala…",it
Novax. Pro Putin. No UE. No Euro. No Zan. Sono un italiano pessimo.,it
"Che bello, è arrivato anche il vaccino novavax, così potremo rifiutare anche questo.",it
"Notizia BOMBA!!! In Italia c'è ancora il #SUPERGREENPASS ed i cinquantenni non vaccinati, sono stati lasciati: #Senzala…",it
"Credo che i profughi ucraini saranno contenti di farsi vaccinare qui, con vaccini sicuri e affidabili, che razza dì pole…",it
"Gente che ha lasciato casa e affetti, che è partita per fuggire in un altro paese, per cercare un lavoro che a casa non pot…",it
"“Perché mi respingi? Sono anche vaccinato con tre dosi.” “E non vedi l’ora di fare la quarta?” “Esatto, altrimenti non ne…",it
Quelli che dicono: eh ma non si può togliere il greenpass perché poi i vaccinati protesterebbero. Adesso che son tutti p…,it
Provate a spiegare ad un #Over50 sospeso dal lavoro via DECRETO LEGGE che stiamo aiutando l’Ucraina per esportare democrazia……,it
#FrancescaDonato unica eurodeputata italiana ad aver votato contro la risoluzione di condanna all'invasione della Russia in…,it
Ma quanta pena mi fanno coloro che riducono tutto a essere pro o contro qualcosa/qualcuno? #ProPutin #ControPutin #…,it
⛔⛔⛔#GREENPASS⛔⛔⛔ PER GLI ESENTI AL #VACCINO VALIDITÀ 18 MESI. In italiano ve lo devo spiegare io o ci arrivate da soli…,it
"Il medico non vaccinato non deve essere sospeso dall’Ordine se può esercitare la sua professione a distanza, senza un contatto…",it
"gente che piange per #Ucraina e solo 4 giorni fa auguarva ai #novax di finire intubati Si ride per non vomitare, ormai",it
"DeBunker: chiarire ai sostenitori nostrani della dittatura sanitaria, filoputinianani novax, nogreenpass et similia, che se hanno…",it
"Ucraina-Russia, Ricciardi: Servono grandi campagne vaccino Covid per profughi",it
⛔⛔⛔#GREENPASS⛔⛔⛔ PER GLI ESENTI AL #VACCINO VALIDITÀ 18 MESI. In italiano ve lo devo spiegare io o ci arrivate da soli…,it
"fsi: Scusate, mi sorge un dubbio: un profugo ucraino in Italia va discriminato in quanto #novax o lasciato entrare ovunque se…",it
Siamo passati da abbraccia un cinese ad odio un russo . Il tutto passando per ammazza un no-vax . Le persone buoneeeeh…,it
Stazione in Polonia stipata di Ucraini in fuga. Meno del 35% degli ucraini sono vaccinati e lí nessuno ha la mascherina. Se…,it
"Gente su Twitter che dà ragione a #Putin sulla Crimea, sognando persino un'annessione con l'Italia. Indaghi sui profili…",it
Tutti i #novax qui e ancora di più su FB sono impegnati a dimostrare che #Putin è meno dittatore e pericoloso di Dragh…,it
"In quello che definite mondo libero, un ragazzino di 12 anni non può andare a scuola con l'autobus se non è vaccinato.",it
"Guerra #Ucraina-Russia, Ricciardi: Servono grandi campagne vaccino anti #Covid per profughi .",it
Se no si scordassero ristoranti e bus,it
Stazione in Polonia stipata di Ucraini in fuga. Meno del 35% degli ucraini sono vaccinati e lí nessuno ha la mascherina. Se…,it
Draghi: la forza dell'#UE è una forza di pace (Troppe dosi di vaccino. Troppe.),it
Pensavate finisse con la caccia ai ovax ? La caccia al russo fa capire che ormai la discriminazione dei buonih è uno s…,it
Siamo passati da abbraccia un cinese ad odio un russo . Il tutto passando per ammazza un no-vax . Le persone buoneeeeh…,it
Pensavate che i #NoEuro fossero spariti? Prima sono diventati #NoVax. Ora sono più trasparentemente burattini della Russia…,it
"L'obbligo vaccinale illegittimo a causa degli effetti avversi, la bomba del giurista: salta tutto? #vaccino #covid #1marzo…",it
"Perché dovrei avercela coi russi? Nessun russo mi ha mai chiamato novax, né licenziato, impedito di andare in università…",it
"Il medico non vaccinato non deve essere sospeso dall’Ordine se può esercitare la sua professione a distanza, senza un contatto…",it
Siamo passati da abbraccia un cinese ad odio un russo . Il tutto passando per ammazza un no-vax . Le persone buoneeeeh…,it
Immagina essere no vax e filo russo. Praticamente la primula rossa,it
"Notizia BOMBA!!! In Italia c'è ancora il #SUPERGREENPASS ed i cinquantenni non vaccinati, sono stati lasciati: #Senzala…",it
Siamo passati da abbraccia un cinese ad odio un russo . Il tutto passando per ammazza un no-vax . Le persone buoneeeeh…,it
Raga chi ha aperto le gabbie dei boomers complottasti/novax/Pro-Putin anche su twitter? Non si era rimasti…,it
"Notizia BOMBA!!! In Italia c'è ancora il #SUPERGREENPASS ed i cinquantenni non vaccinati, sono stati lasciati: #Senzala…",it
Siamo passati da abbraccia un cinese ad odio un russo . Il tutto passando per ammazza un no-vax . Le persone buoneeeeh…,it
Tutti i #novax qui e ancora di più su FB sono impegnati a dimostrare che #Putin è meno dittatore e pericoloso di Dragh…,it
Sono 6.238 le persone che oggi hanno ricevuto il vaccino contro il Covid,it
"Leon trovato in strada da solo in provincia di Napoli. Leon ha solo 2 mesi, dei ragazzi lo stanno ospitando ma non…",it
"Notizia BOMBA!!! In Italia c'è ancora il #SUPERGREENPASS ed i cinquantenni non vaccinati, sono stati lasciati: #Senzala…",it
"salvaje: - Sono vaccinata, ma il s.greenpass è un obbrobrio giuridico -&gt;SEI UN NOVAX!1! - Condanno la guerra, sempre, come condann…",it
Siamo passati da abbraccia un cinese ad odio un russo . Il tutto passando per ammazza un no-vax . Le persone buoneeeeh…,it
"L'obbligo di vaccinazione anti Covid, imposto nel Regno Unito negli ultimi mesi solo per gli operatori della sanità, sa…",it
Stazione in Polonia stipata di Ucraini in fuga. Meno del 35% degli ucraini sono vaccinati e lí nessuno ha la mascherina. Se…,it
La pandemia non si esaurisce? La sanità soffre? I negozi sono vuoti? Colpa dei no vax. La libertà è in pericolo? Le bolle…,it
"L'obbligo vaccinale illegittimo a causa degli effetti avversi, la bomba del giurista: salta tutto? #vaccino #covid #1marzo…",it
"Notizia BOMBA!!! In Italia c'è ancora il #SUPERGREENPASS ed i cinquantenni non vaccinati, sono stati lasciati: #Senzala…",it
La pandemia non si esaurisce? La sanità soffre? I negozi sono vuoti? Colpa dei no vax. La libertà è in pericolo? Le bolle…,it
"fsi: Scusate, mi sorge un dubbio: un profugo ucraino in Italia va discriminato in quanto #novax o lasciato entrare ovunque se…",it
"DeBunker: chiarire ai sostenitori nostrani della dittatura sanitaria, filoputinianani novax, nogreenpass et similia, che se hanno…",it
Stazione in Polonia stipata di Ucraini in fuga. Meno del 35% degli ucraini sono vaccinati e lí nessuno ha la mascherina. Se…,it
Siamo passati da abbraccia un cinese ad odio un russo . Il tutto passando per ammazza un no-vax . Le persone buoneeeeh…,it
"Adoro quei campioni della democrazia, del “Noi siamo dalla parte giusta della Storia”, e che fino a qualche giorno fa invoca…",it
Questo ha solo un chiodo fisso in testa. Immagino dopo una catastrofe nucleare lui che chiede a Mad Max se si è v…,it
"Tacconi: Salvini e Meloni pro vax e pro Draghi non si illudano, la maggioranza degli italiani non è con loro.",it
"Buone notizie, e ne abbiamo molto bisogno. Il vaccino fornisce ai più piccoli un’ottima protezione contro il ricovero.…",it
"Il 90% dei siti, profili o canali #telegram dei #novax sono passati in poche ore ad essere pro #Putin: non vi suona mini…",it
"BKK, storica assicurazione tedesca, ha analizzato i dati di 10,9 milioni di clienti, riscontrando un numero di danni da #va…",it
"Però qualcuno deve davvero spiegarmi perché tutti i novax, ma tutti tutti eh, sono pro Russia. Cosa lega le due cose?",it
"Gente su Twitter che dà ragione a #Putin sulla Crimea, sognando persino un'annessione con l'Italia. Indaghi sui profili…",it
it: Lo studio mostra che il vaccino Pfizer è significativamente meno efficace nei bambini tra 5 e 11 anni,it
"Guerra #Ucraina-Russia, Ricciardi: Servono grandi campagne vaccino anti #Covid per profughi .",it
"Però qualcuno deve davvero spiegarmi perché tutti i novax, ma tutti tutti eh, sono pro Russia. Cosa lega le due cose?",it
Siamo passati da abbraccia un cinese ad odio un russo . Il tutto passando per ammazza un no-vax . Le persone buoneeeeh…,it
Siamo passati da abbraccia un cinese ad odio un russo . Il tutto passando per ammazza un no-vax . Le persone buoneeeeh…,it
"Devo ritirare passaporto che sto aspettando da un mese. Avevo chiesto di inviarlo via assicurata, ma nulla.. mi scrivono ch…",it
Hanno avvertito gli Ucraini che l'unione europea è quella cosa che ti vieta di lavorare se non fai un vaccino di una o più mu…,it
"#guerraucraina rilevo sommessamente che il 99,9% di quelli che si stracciano le vesti per i diritti dei popoli, le liber…",it
"Non sono neanche arrivati, è già vogliono inocularli. Zaia: se necessario, chiederemo ai veneti le seconde case per ospitar…",it
Quelli che dicono: eh ma non si può togliere il greenpass perché poi i vaccinati protesterebbero. Adesso che son tutti p…,it
Siamo passati da abbraccia un cinese ad odio un russo . Il tutto passando per ammazza un no-vax . Le persone buoneeeeh…,it
Siamo passati da abbraccia un cinese ad odio un russo . Il tutto passando per ammazza un no-vax . Le persone buoneeeeh…,it
"L'obbligo di vaccinazione anti Covid, imposto nel Regno Unito negli ultimi mesi solo per gli operatori della sanità, sa…",it
Stazione in Polonia stipata di Ucraini in fuga. Meno del 35% degli ucraini sono vaccinati e lí nessuno ha la mascherina. Se…,it
Siamo passati da abbraccia un cinese ad odio un russo . Il tutto passando per ammazza un no-vax . Le persone buoneeeeh…,it
Siamo passati da abbraccia un cinese ad odio un russo . Il tutto passando per ammazza un no-vax . Le persone buoneeeeh…,it
"Il medico non vaccinato non deve essere sospeso dall’Ordine se può esercitare la sua professione a distanza, senza un contatto…",it
Mant: Posso capire i dubbi e le cazzate che avete sparato su COVID e vaccini ma proprio non capisco come possiate continuare a farl…,it
Siamo passati da abbraccia un cinese ad odio un russo . Il tutto passando per ammazza un no-vax . Le persone buoneeeeh…,it
Se no si scordassero ristoranti e bus,it
Stazione in Polonia stipata di Ucraini in fuga. Meno del 35% degli ucraini sono vaccinati e lí nessuno ha la mascherina. Se…,it
Si sta verificando la stessa faccenda dei vaccini. Prima sollevavi un dubbio sul grinpasse ed eri un no vax terrapiattis…,it
Quindi ue e italia stanno inviando soldi e armi a ucraina fomentando una possibile guerra mondiale Erano quelli che per il…,it
Neanche il tempo di smettere di latrare minchiate criminali #novax e avete iniziato a ragliare da coglionazzi su #Donb…,it
"meluzzi Sconfinate Praterie di vaccinazione , guerra come sacrificio mascherato",it
"Devo ritirare passaporto che sto aspettando da un mese. Avevo chiesto di inviarlo via assicurata, ma nulla.. mi scrivono ch…",it
Tira fuori gli SMS con Bourla. Tira fuori gli SMS con Bourla. Tira fuori gli SMS con Bourla. Tira fuori gli SMS…,it
"In quello che definite mondo libero, un ragazzino di 12 anni non può andare a scuola con l'autobus se non è vaccinato.",it
Siamo passati da abbraccia un cinese ad odio un russo . Il tutto passando per ammazza un no-vax . Le persone buoneeeeh…,it
Provate a spiegare ad un #Over50 sospeso dal lavoro via DECRETO LEGGE che stiamo aiutando l’Ucraina per esportare democrazia……,it
"Gente che ha lasciato casa e affetti, che è partita per fuggire in un altro paese, per cercare un lavoro che a casa non pot…",it
Stazione in Polonia stipata di Ucraini in fuga. Meno del 35% degli ucraini sono vaccinati e lí nessuno ha la mascherina. Se…,it
Oggi incontrato dopo due anni un amico di cui avevo perso le tracce. L'ho visto zoppicante Ciao come stai? Male. Ho avuto u…,it
Siamo passati da abbraccia un cinese ad odio un russo . Il tutto passando per ammazza un no-vax . Le persone buoneeeeh…,it
OF: Ringraziate noi vaccinati..quando tornerete liberi...fanculo no vax,it
"salvaje: - Sono vaccinata, ma il s.greenpass è un obbrobrio giuridico -&gt;SEI UN NOVAX!1! - Condanno la guerra, sempre, come condann…",it
"Notizia BOMBA!!! In Italia c'è ancora il #SUPERGREENPASS ed i cinquantenni non vaccinati, sono stati lasciati: #Senzala…",it
"Notizia BOMBA!!! In Italia c'è ancora il #SUPERGREENPASS ed i cinquantenni non vaccinati, sono stati lasciati: #Senzala…",it
Immagina essere no vax e filo russo. Praticamente la primula rossa,it
Non avevamo gli ospedali al collasso per colpa dei novax ?,it
Siamo passati da abbraccia un cinese ad odio un russo . Il tutto passando per ammazza un no-vax . Le persone buoneeeeh…,it
L’imposizione del trattamento con queste sostanze alla popolazione è pura follia e deve essere fermata immediatamente. http…,it
"Ucraina, Papa Francesco: Urgente aprire corridoi umanitari È lo stesso Papa che nega l'accesso alle mense Caritas e…",it
Immagina essere no vax e filo russo. Praticamente la primula rossa,it
"Il medico non vaccinato non deve essere sospeso dall’Ordine se può esercitare la sua professione a distanza, senza un contatto…",it
"Il medico non vaccinato non deve essere sospeso dall’Ordine se può esercitare la sua professione a distanza, senza un contatto…",it
"Notizia BOMBA!!! In Italia c'è ancora il #SUPERGREENPASS ed i cinquantenni non vaccinati, sono stati lasciati: #Senzala…",it
"Sono rossobruno, novax, filorusso, etero, mantengo mia moglie quindi maschilista, tradizionalista, antiprogressista, a…",it
Per Galli abolire il Green Pass sarebbe come un condono per i NON VACCINATI che “avranno avuto ragione”. Questi ti obb…,it
"Cmq si può esser contro l'invasione russa dell'Ucraina senza scatenare le cacce al russo,imporre abiure preventive o adesio…",it
Love000: Da caccia ai no vax a caccia ai russi è stato un attimo Che paese di merda. Grazie ai ns pollici in primis e…,it
Se no si scordassero ristoranti e bus,it
"Foto: #Dugin, l'ideologo di #Putin e #Savoini, l'ex portavoce di #Salvini con simpatie neonaziste, con loro chi troviam…",it
Siamo passati da abbraccia un cinese ad odio un russo . Il tutto passando per ammazza un no-vax . Le persone buoneeeeh…,it
"Notizia BOMBA!!! In Italia c'è ancora il #SUPERGREENPASS ed i cinquantenni non vaccinati, sono stati lasciati: #Senzala…",it
Hanno avvertito gli Ucraini che l'unione europea è quella cosa che ti vieta di lavorare se non fai un vaccino di una o più mu…,it
I no vax contro le bombe: “chissà cosa c’è dentro”. #UkraineRussiaWar,it
"Dopo la caccia al cinese, Poi all'infetto, al NoVax Ora la caccia al Russo Mai che ve la prendere con il vero responsabi…",it
"Spero che la mia domanda non sia stata considerata critica offensiva o ragionamento insensato, perchè la pen…",it
"#Berta e i suoi bimbi. Lei è una mammina dolcissima, buona e affettuosa, i suoi piccoli hanno un bellissimo carattere. R…",it
"Occhio sempre alla narrazione, ricordatevi quanti giornalisti, virologi dell'ultima ora, esperti del nulla, hanno usato…",it
Stazione in Polonia stipata di Ucraini in fuga. Meno del 35% degli ucraini sono vaccinati e lí nessuno ha la mascherina. Se…,it
"Notizia BOMBA!!! In Italia c'è ancora il #SUPERGREENPASS ed i cinquantenni non vaccinati, sono stati lasciati: #Senzala…",it
"cami: Siete consapevoli tutti cosa succede durante lo stato d’emergenza, vero? Decreti legge uno dopo l’altro approvati in un ba…",it
Immagina essere no vax e filo russo. Praticamente la primula rossa,it
Oggi incontrato dopo due anni un amico di cui avevo perso le tracce. L'ho visto zoppicante Ciao come stai? Male. Ho avuto u…,it
"L'obbligo di vaccinazione anti Covid, imposto nel Regno Unito negli ultimi mesi solo per gli operatori della sanità, sa…",it
"ilaria: Ormai l'Italia è il paese del pensiero unico, della sacra inquisizione, del liberale che sventola la bandierina della…",it
Quindi ue e italia stanno inviando soldi e armi a ucraina fomentando una possibile guerra mondiale Erano quelli che per il…,it
"Vergogna #Giletti , un programma dopo l’altro sempre più giù, dai piu deliranti no vax ad esperti di geopolitica con…",it
Neanche il tempo di smettere di latrare minchiate criminali #novax e avete iniziato a ragliare da coglionazzi su #Donb…,it
Siamo passati da abbraccia un cinese ad odio un russo . Il tutto passando per ammazza un no-vax . Le persone buoneeeeh…,it
"fsi: Scusate, mi sorge un dubbio: un profugo ucraino in Italia va discriminato in quanto #novax o lasciato entrare ovunque se…",it
Da domani l'Hub vaccinale di Termini a Roma sarà anche destinato alla vaccinazione dei cittadini provenienti dall'Ucraina co…,it
"Sono passati dall'augurare la m●rte ai non vaccinati a chiedere la pace nel mondo, il tutto nell'arco di tre giorni.",it
Hauer_: Gli stessi fenomeni che c'avevano i cuggini con ictus immediato dopo il vaccino ora raccontano degli amici a Kiev che vi…,it
"Devo ritirare passaporto che sto aspettando da un mese. Avevo chiesto di inviarlo via assicurata, ma nulla.. mi scrivono ch…",it
"Guerra #Ucraina-Russia, Ricciardi: Servono grandi campagne vaccino anti #Covid per profughi .",it
"In quello che definite mondo libero, un ragazzino di 12 anni non può andare a scuola con l'autobus se non è vaccinato.",it
"Foto: #Dugin, l'ideologo di #Putin e #Savoini, l'ex portavoce di #Salvini con simpatie neonaziste, con loro chi troviam…",it
Hanno avvertito gli Ucraini che l'unione europea è quella cosa che ti vieta di lavorare se non fai un vaccino di una o più mu…,it
"Non è che i #novax sono anche #proPutin. È che esiste gente che osserva, si informa e ragiona con la propria testa e sci…",it
"Voto in plenaria sulla aggressione Russa all'Ucraina: 637 SI, 13 NO e 26 astenuti. Tra i NO quello della italiana ex leg…",it
Immagina essere no vax e filo russo. Praticamente la primula rossa,it
"Però qualcuno deve davvero spiegarmi perché tutti i novax, ma tutti tutti eh, sono pro Russia. Cosa lega le due cose?",it
"Dal Covid al Cremlino, le chat No Vax si danno alla propaganda russa (scopri la app) #RepSelezione",it
Novax ucraino &gt;&gt;&gt; vaccinato russo ?,it
"🆘ABBIAMO BISOGNO DI UNA ZAMPINA PER ACHILLE🆘 Giovedì va portato dal veterinario per il secondo vaccino, essere visitato…",it
L’imposizione del trattamento con queste sostanze alla popolazione è pura follia e deve essere fermata immediatamente. http…,it
"L'obbligo di vaccinazione anti Covid, imposto nel Regno Unito negli ultimi mesi solo per gli operatori della sanità, sa…",it
Solo il 25% degli Ucraini è stato vaccinato. Il resto ha rifiutato per una propria scelta. Ora molti di loro saranno acco…,it
"Tu con la foto con la mascherina, che in questi ultimi 2 anni hai vissuto nel panico, nell'odio x i novax, tu che non vai più…",it
Siamo passati da abbraccia un cinese ad odio un russo . Il tutto passando per ammazza un no-vax . Le persone buoneeeeh…,it
"salvaje: - Sono vaccinata, ma il s.greenpass è un obbrobrio giuridico -&gt;SEI UN NOVAX!1! - Condanno la guerra, sempre, come condann…",it
உன்னைத்தொட்டால் உன்னுள்ளத்தை நொருக்கமாட்டியோ!! என்னைப் போல பெண்ணைப்ப் பார்த்து மயங்க மாட்டியோ!!  #RaOne #chammakChallo #tamilLyrics,ta
"நதியா நதியா நயில் நதியா
…
இடை தான் கொடியா 
கொடி மேல் கனியா
#RDBurnam #HindMusic #TamilLyrics",ta
"உறக்கம் விற்று கனவுகள் வாங்கலையா?! #TamilLyrics RT @JanuShath: கனவுகள் விற்றுக் கவிதைகள் வாங்குவதும், கவிதைகள் விற்றுக் காதலை வாங்குவதுமாய்.",ta
மீண்டும் உன்னை காணும் மனமே ... வேண்டும் எனக்கே மனமே மனமே !!! #TamilLyrics,ta
உயிரை தொலைத்தேன் அது உன்னில் தானோ ... இது நான் காணும் கனவோ நிஜமோ...அன்பே உயிரை தொடுவேன் உன்னை தாலாட்டுதே பார்வைகள் ! #TamilLyrics,ta
ஒரு வீதி பத்தாதே. ஊரு பத்தாதே. நாம இறங்கி கலக்கதான் இந்த உலகம் பத்தாதே #Tamillyrics #NEPV,ta
"அழகளந்திடும் கருவிகள்
செயலிழந்திடும் அவளிடம்
அணியிலக்கணம் அசைவதை பார்த்தேன்! #TamilLyrics",ta
"கருவோடு வந்தது... 
தெருவோடு போனது... 
மெய்யென்று மேனியை யார் சொன்னது? 
வாழ்வே மாயம்... இந்த வாழ்வே மாயம்! #Vaali #TamilLyrics #RIP",ta
"அழகான மனைவி, அன்பான துணைவி, அமைந்தாலே பேரின்பமே... மடி மீது துயில, சரசங்கள் பயில, மோகங்கள் ஆரம்பமே... <3 #MyFavourite #TamilLyrics",ta
"ஒரே ஒரு பார்வை தந்தாலென்ன தேனே  
ஒரே ஒரு வார்த்தை சொன்னால் என்ன மானே
#TamilLyrics",ta
அவள் சிக்கெடுக்கும் கூந்தலுக்கு சீப்பாக இருப்பேன் #TamilLyrics,ta
ஓரிரு வார்த்தை தப்பாய் போனால் உதடு கடிப்பாய்… #TamilLyrics,ta
ஒவ்வொரு வாக்கியம் முடியும்போதும் புன்னகை செய்வாய்… #TamilLyrics,ta
"சிந்தனையில் வந்துவந்து போறா…
அவ சந்தனத்தில் செஞ்சுவெச்ச தேரா…
#TamilLyrics",ta
"என்ன நான் கேட்பேன் தெரியாதா… 
இன்னமும் என் மனம் புரியாதா…
#TamilLyrics",ta
"பெண் கூந்தல் மீது பூவாகட்டா?...
பூ கூந்தல் கலைத்து விளையாடட்டா?…
#TamilLyrics",ta
"உன் மேல் மற்றொரு பூ விழுந்தால்...
என்னால் தாங்க முடியாது…
#TamilLyrics",ta
"துலி துலி துலி மழையாய் வந்தலை…
#TamilLyrics",ta
"கைகள் தொடாமல் கண்களால் நெஞ்சை பந்தாடினாய்…
ரத்தம் வராமல் பார்வையால் என்னை துண்டாடினாய்…
#TamilLyrics",ta
"வெட்கம் பாடாத பூக்களை வண்டுகள் தொடாதடி..
#TamilLyrics",ta
"என்னானதோ , ஏதானதோ… 
கண்ணாடி போல் உடைந்திடும் மனது….
#TamilLyrics",ta
"ஒரு பாதி கதவு நீயடி… 
மரு பாதி கதவு நானடி…
#TamilLyrics",ta
"இருவரும் ஒரு முறை காண்போமா…
#TamilLyrics",ta
"புன்னகையில் தீ மூட்டி போனவளே…
#TamilLyrics",ta
"அடி உனக்கும் உனக்கும் எல்லாம் பிடிக்க என்னை ஏன் பிடிக்காது என்றாய் ?…
#TamilLyrics",ta
"வெண்ணிலவே வெண்ணிலவே விண்ணை தாண்டி வருவாயா…
#TamilLyrics",ta
"இவள்தானே எரிமலை அள்ளி…
மருதாணி போல் பூசியவள்…
#TamilLyrics",ta
"பல்லவன் சிற்பிகள் அன்று பண்ணிய சிற்பத்தில் ஒன்று...
பெண்ணென வந்தது இன்று சிலையே…
#TamilLyrics",ta
"இந்த அழகைக்கண்டு வியந்து போகிறேன்…
#TamilLyrics",ta
"சொல்ல நினைதேன் ஆனால் வார்த்தை இல்லை…
உன்னைவிட்டால் யாரும் எந்தன் சொந்தம் இல்லை!…
#TamilLyrics",ta
"கண் பார்க்கும் போதே பார்வையாலே கடத்தி சென்றாய்..
#TamilLyrics",ta
"மழை அழகா? வெயில் அழகா?…
கொஞ்சும் போது மழை அழகு…
கண்ணா நீ கோபப்பட்டால் வெயில் அழகு…
#TamilLyrics",ta
"சற்று தொலைவிலே அவள் முகம் பார்த்தேன்…
அங்கே தொலைந்தவன் நானே…
#TamilLyrics",ta
"கண்ணுக்குள் இமையாக இருக்கின்றாள் ...
நெஞ்சுக்குள் இசையாக துடிக்கின்றாள் ...
#TamilLyrics",ta
"என்னை காணும் பொது கண்ணை பார்த்து சொல்லு...
கண்ணே என் போலே நீயும் காதல் கொண்டாயா?…
#TamilLyrics",ta
"காலங்கள் சென்றாலும் அந்த வானம் போல் விழாதது...
#TamilLyrics",ta
நீ நின்ற இடமென்றால் விலையேறி போகாதோ... #TamilLyrics,ta
"லட்சம் பல லட்சம் பூக்கள் ஒன்றாக பூத்ததே...
#TamilLyrics",ta
"முடியாதுன்னு சொல்ல முடியாது...
முடியாதுன்னு சொல்லக் கூடாது...
#TamilLyrics",ta
"தேடித் தேடித் தேய்ந்தேனே மீண்டும் கண்முன் கண்டேனே பெண்ணே பெண்ணே..
#TamilLyrics",ta
"இருவரும் ஒரு முறை காண்போமா...
#TamilLyrics",ta
"அற்றை திங்கள் அன்னிலவில்...
நெற்றி தரள நீர் வடிய...
கொற்ற  பொய்கள் ஆடியவள் நீயா...
#TamilLyrics",ta
"அசையும் வளைவுகள் அதிசயமே...
#TamilLyrics",ta
"உலகில் ஏழல்ல அதிசயங்கள் வாய்பேசும் நீதான் எட்டாவததிசயமே...
#TamilLyrics",ta
"நிமிஷங்கள் ஒவ்வொன்றும் வருஷங்களாகும்
நீ என்னை நீங்கிச் சென்றாலே...
#TamilLyrics",ta
"வருஷங்கள் ஒவ்வொன்றும் நிமிஷங்கள் ஆகும்
நீ எந்தன் பக்கம் நின்றாலே...
#TamilLyrics",ta
"மெய்யாக நீ என்னை விரும்பாத போதும்
பொய் ஒன்று சொல் கண்ணே என் ஜீவன் வாழும்...
#TamilLyrics",ta
"ஒரு வண்ணத்துப்பூச்சி எந்தன் வழிதேடி வந்தது...
அதன் வண்ணங்கள் மட்டும் இன்று விரலோடு உள்ளது...
#TamilLyrics",ta
"உன் பேர் மெல்ல நான் சொன்னதும் 
என் வீட்டு ரோஜாக்கள் பூக்கின்றன...
#TamilLyrics",ta
"இவ்வுலகம் இருண்ட பின்னும் இருளாத பாகம் எது...
கதிர் வந்து பாயும் உந்தன் கண்களடி...
#TamilLyrics",ta
"மரணம் மீண்ட ஜனனம் நீ!...
#TamilLyrics",ta
"காதல் என்னும் மந்திரத்தின் மாயமென்ன...
கல்லும் முள்ளும் இப்போது பூவானதே...
#TamilLyrics",ta
"வானவில்லின் துண்டொன்று மண்ணில் வந்து...
யாருக்கும் சொல்லாமல் பெண்ணானதே...
#TamilLyrics",ta
"வெங்காட்டு பக்கக்கள்ளி சட்டென்று மொட்டுவிட...
செங்காட்டு சில்லிச்செடி சில்லென்று பூவெடுக்க...
#TamilLyrics",ta
"எனக்காகவே வந்தாய்
என் நிழல் போலவே நின்றாய்
உனைத் தோற்று நீ என்னை வென்றாயே...
#TamilLyrics",ta
"நீ தினம் சீரிச்சா போதுமேமே... 
வேறு எதுவும் வேணாமே...
#TamilLyrics",ta
"அவள் அழகைப் பாட ஒரு மொழி இல்லையே..
அளந்து பார்க்க பல விழி இல்லையே..
என்ன இருந்த போதும் அவள் எனதில்லையே..
மறந்து போ என் மனமே..
#TamilLyrics",ta
"இவள் கண்ணில் மிதப்பது என்ன கலையோ...
சிரிக்கும் போது சிலிர்த்து கொண்டேன்...
இவள் சிந்திய சிரிப்பினை மடியில் ஏந்தி கொண்டேன்...
#TamilLyrics",ta
"பிறந்த மண்ணை அள்ளி தின்றேன்... உன்னை காணும் முன்பு, 
நீ நடந்த மண்ணை அள்ளி தின்றேன்... உன்னை கண்ட பின்பு
#tamillyrics",ta
"என் வானத்தில் சில மாற்றங்கள்,
வெண்மேகத்தில் உன் உருவங்கள்,
என் காற்றிலே உன் சுவாசங்கள்,
நான் பறந்து போகிறேன்...
#tamillyrics",ta
"எங்கும் சாந்தி நிலவ வேண்டும். வாழ்வில் சக்தி ஓங்க வேண்டும்.
#peace #Tamil #Tamillyrics",ta
"RT RajiniNathan: எங்கும் சாந்தி நிலவ வேண்டும். வாழ்வில் சக்தி ஓங்க வேண்டும்.
#peace #Tamil #Tamillyrics",ta
"பணமிருக்கும் மனிதரிடம் மனம் இருப்பதில்லை,
மனம் இருக்கும் மனிதரிடம் பணம் இருப்பதில்லை,
#TheMeaningOfLife #tamillyrics",ta
"மலர்களை அள்ளி வந்து மகிழ்வுடன் கையில் தந்து
மனதினை பகிர்ந்திடவே ஆசை கொள்கின்றேன் #YennaiArindhaal #Thamarai #TamilLyrics",ta
"கண்ணழகா..காலழகா 
பொன் அழகா ..பெண் அழகா
எங்கேயோ தேடி செல்லும் விரல் அழகா?
என் கைகள் கோர்த்து கொள்ளும் விதம் அழகா?
Beautiful #TamilLyrics",ta
நகரும் நொடிகள் கசை அடி போல முதுகின் மேல விழுவதுனாலே.. வரி வரி கவிதை..!  தள்ளி போகதே! @aymthemovie #Tamil #tamillyrics #STR #aymtrailer,ta
RT dinesh_here: நகரும் நொடிகள் கசை அடி போல முதுகின் மேல விழுவதுனாலே.. வரி வரி கவிதை..! தள்ளி போகதே! aymthemovie #Tamil #tamillyrics #STR #a…,ta
RT LavanPath: விதி என்னும் நூலில் விளையாடும் பொம்மை. #TamilLyrics #Tamil #Quote #Thoughts,ta
RT LavanPath: எந்தன் சோகம் உன்னைத் தாக்கும் என்றெண்ணும் போது வந்த அழுகை நின்றது. #TamilLyrics #Tamil #Quote #Thoughts #Poetry,ta
"RT LavanPath: எதை நாம் இங்கு கொண்டு வந்தோம், எதை நாம் அங்கு கொண்டு செல்வோம். #TamilLyrics #Tamil #Quote #Thoughts #Poetry",ta
RT LavanPath: தள்ளி தள்ளி நீ இருந்தால் சொல்லிக்கொள்ள வாழ்கை இல்லை. #TamilLyrics #Tamil #Quote #Thoughts #Poetry,ta
"#tamillyrics இனிது, 
சாலையெங்கும் மலர்களின் மாநாடு 
பெண்கள்தானே கண்களின் சாப்பாடு 
மனதுக்குள் புதியத்தொல்லை 
அதன் பேர்ச்சொல்லத் தெரியவில்லை",ta
"இருள் கொண்ட வானில் 
இவள் தீப ஒளி....
கடையும் இந்தப் பாற்கடலில்
நஞ்சார்?அமுதார்?மொழி....#tamillyrics  pic.twitter.com/VRunam5KjS",ta
"#tamillyrics
நான் பிறக்கும் முன்னே அட நீ பிறந்ததேன்
நான் பிறக்கும்போது நீ உந்தன் கையில் என்னை ஏந்தத்தானோ  pic.twitter.com/Jff4k4d4aL",ta
"#tamillyrics புயல் அடித்தால் கலங்காதே
நான் பூக்கள் நீட்டுகிறேன்
எதை நீ தொலைத்தாலும்
மனதை தொலைக்காதே....
பேசுகிறேன் உன் இதயம் பேசுகிறேன்...  pic.twitter.com/7kDg2JKqLQ",ta
"#tamillyrics 
என் மனம் கானலின் நீரென ஆகுமா
கைகளில் சேருமா அன்பே
நேசிக்கும் காலம் தான் வீண் என  போகுமா
நினைவுகள் சேர்க்கிறேன் இங்கே  pic.twitter.com/1RXh0u0X0F",ta
"#tamillyrics 
தாய் முகம் பார்த்த நாள் தாவனி போட்ட நாள்
மறக்குமா நெஞ்சே
மழைதுளி ரசித்ததும் பனித்துளி ருசித்ததும்
கரையுமா கண்ணில்  pic.twitter.com/jX1XN9Alyu",ta
"கண்ணீர் துளிகளின் ஆழம் இது கடலைவிடவும் பெரிதல்லவா 🎼🎵🎶
#TamilLyrics",ta
"காயம் தனக்கென்றால் அவன் கத்தல் தாங்காது
காயம் பிறர்க்கென்றால் அவன் காதுகள் கேட்காது 🎶🎼
#உண்மை #TamilLyrics",ta
"தனியாக நடமாடும் பிடிவாதம் உனது. 
நிழலோடும் உரசாத தன்மானம் எனது... 
#tamillyrics
#lovesad
#oxygenthanthale
#தமிழ்க்கவிதை",ta
"பெண்ணே உனது மெல்லிடை பார்த்தேன்
அடடா பிரம்மன் கஞ்சனடி
சற்றே நிமிர்ந்தேன் தலைசுற்றிப் போனேன்
ஆஹா அவனே வள்ளலடி.. 

#tamillyrics #arrahman #vairamuthu @lyricsinbox",ta
அன்பு படர்ந்த கொம்பினிலே ஒரு அகந்தைக் குரங்கு தாவும் - அதன் அழகைக் குலைக்க மேவும் கொம்பும் ஒடிந்து கொடியும் குலைந்து குரங்கும் விழுந்து சாகும் சிலர் குணமும் இது போல் குறுகிப் போகும்.... #TamilLyrics,ta
"காயம் பட்ட இதயத்தில்
காதல் இன்னும் வாழுதே
கேள்வியாக கேட்கிறேன்
நிலை மாறுமா.?
நிஜம் சேருமா.?
நினைத்து நினைத்து
வாழ்ந்து என்தன்
வாழ்நாள் கூட தீருமா.?

சக்திராகவா

 https://www.facebook.com/sakthikavithai 
#சக்திராகவா #கவிதை #love #lyrics #sakthikavithai #sakthiragava #kavithai #tamil #tamillyrics  pic.twitter.com/Ha5eaimd2S",ta
"எனக்கான பாதை தேடி
எனக்கென்ன என்றே போனேன்
எனக்காக வந்தாயே என்னுயிரே!

எனக்காக வந்தாய் என்று
எதிர்காலம் கையில் தந்தேன்
எதிர்ப்பார்த்து நானும் நின்றேன்
நீ எங்கே??

சக்திராகவா

#சக்திராகவா #கவிதை #love #lyrics #sakthikavithai #sakthiragava #kavithai #tamil #tamillyrics #lyricist pic.twitter.com/i82Ja2FnIZ",ta
நல்ல வழி நீதான் சொல்லி என்ன லாபம்? சொன்னவனத்தானே சூழ்ந்ததின்று பாவம்!… #DevarMagan #tamilLyrics,ta
"எனது கைகள் மீட்டும் போது வீணை அழுகின்றது
எனது கைகள் தழுவும் போது மலரும் சுடுகின்றது
என்ன நினைத்து என்னை படைத்தான் இறைவன் என்பவனே
கண்ணை படைத்து பெண்ணை படைத்த இறைவன் கொடியவனே! #TravelSongs #Kannadasan #tamillyrics",ta
"தன்னைப்போல பிறரை எண்ணும் தன்மை வேண்டுமே
அந்த தன்மை வர உள்ளத்திலே கருணை வேண்டுமே
பொன்னைப்போல மனம் படைத்தால் செல்வம் வேறில்லை
இதை புரிந்து கொண்ட ஒருவனை போல் மனிதன் வேறில்லை! #TravelSongs #Kannadasan #tamillyrics",ta
"நட்சத்திர ஆடையில் ஒரு நிலா வந்ததே...
முட்கள் இல்லா ரோஜாப்பூ போன்ற பாதத்தில்
அன்னம் அவள் நடக்கையில்
என் உள்ளம் சிதரியதே....

#tamilLyrics #Vijay62 #LoveSong",ta
"மேகங்களே மழையினை சிறை செய்யுமா மரங்களே மைனாவுக்கு ஒர் வலை ஆகுமா 
பட்டாம்பூச்சி ரயில் தடம் மேலே பறக்குமா 
வேரின் மேலே வெண்ணீர் விட்டால் பூ பூக்குமா

#TamilLyrics #Englishkaran",ta
"உன் கண்கள் தூவும் காதல்
என் தூக்கம் கெடுத்து மோதல்,
காற்று வீசலில் நடனம் ஆடுதே உன் கூந்தல் 
நன்றியுடன் உன் அழகை மட்டும் ரசிக்குதே என் காதல்.
#MeghaAkash #ENPT #TamilLyrics #ArumugamStudios pic.twitter.com/K1NUkInSFB",ta
"எண்ணம் முழுவதும் 
நீயே எங்கும் ,
உன்னை காண 
கண்கள் இரண்டும் ,
காத்திருக்கிறேன் 
நம் காதல் தொடர வேண்டும் .
#ENPT #Dhanush #TamilLyrics #ArumugamStudios pic.twitter.com/1irnzdgcbp",ta
"உரலு ஒன்னு அங்க இருக்கு உலக்க ஒன்னு இங்க இருக்கு
ந்நெல்லு குத்தும் நேரம் எது சொல்லுடி என் சித்திரமே
பல்லு குத்தும் பவுசு இல்லை பாவம் நீதான் விடல பையன்
நெல்லு குத்த இடம் கொடுத்தா மாட்டிக்குவ ஒரலுக்குள்ளே #tamilLyrics",ta
"துயர் #நான் கொண்டேன்,

உன் கண்களில் #நீர் எதற்கு வானமே?

#ChennaiRain #ChennaiRains #Rain #Rains #Poem #Tamilpoem #Tamillyrics #Tamil #தமிழ் #தமிழ்மொழி #தமிழ்கவிதை #கவிதை #கவிதைகள் #ஓர்வரிகவிதை #மழைநீர் #இயற்கை #natural #தமிழன் #svenkatnews #கண்ணீர்துளிகள் #கண்ணீர்கவிதை #Feelings",ta
"#Machakanni #tamillyrics 👉  http://bit.ly/machakanniSeemaRajaLyrics …
🌟மச்சக்கன்னி கொஞ்சம்
கேட்டு பாரேன் என்ன பத்தி.
குண்டு கட்டா  தட்டி தூக்க
போறேன் கண்ண பொத்தி.🌟
#DImman #SeemaRaja #tsonglyrics #SeemaRajaFromToday",ta
"#Machakanni #tamillyrics 👉  http://bit.ly/machakanniSeemaRajaLyrics …
🌟மச்சக்கன்னி கொஞ்சம்
கேட்டு பாரேன் என்ன பத்தி.
குண்டு கட்டா  தட்டி தூக்க
போறேன் கண்ண பொத்தி.🌟
#DImman #SeemaRaja #tsonglyrics #SeemaRajaFromToday #SeemaRajaReview",ta
"வழிபோக்கனின் வாழ்விலே நிழலாக வருகிறாய்... நான் கேட்க்கும் முன்னவே இளைப்பாறல் தருகிறாய்
#பிடித்தவரிகள்
#TamilLyrics",ta
"என் காதல் மனம் துண்டுத் துண்டாய் உடையக் கண்டேன் 
துண்டு துண்டாய் உடைந்த மனத் தூள்களையெல்லாம்
அடி தூயவளே உனக்குள் 
தொலைத்து விட்டேன்

#ajith #thala #favorite #tamillyrics @ThalaAjith_FC pic.twitter.com/3qTw60BF8z",ta
"பிறையில் வளர்வதும் பிறகு தேய்வதும்
ஒரே நிலவு
உறவில் கலப்பதும் பிரிவில் தவிப்பதும்
ஒரே மனது
பருவ வயதிலே இரவும் பகலும் விரகம்
நரகம் சரணம் சரணம்

நானே நானா யாரோ தானா ?.......

😍😍😍😍😍
#TamilLyrics #VaniJayaramanVoice #VaniJayaraman",ta
"👉 http://bit.ly/visiri-lyrics 
♥️தேன்  முத்தங்கள் மட்டுமே
போதும் என்று சொல்வதால்
தொடாமல் போகிறேன்♥️
#dhanush #ENPT #EnaiNokiPaayumThota #vadachennai #gvm #gauthamvasudevmenon
#love #romance #melody #sidsriram #lyrics #tamillyrics #kollywood pic.twitter.com/DCj1mNh1Rk",ta
"உன் கிட்ட படிச்சி
படிச்சி சொன்னேனே
கேட்டியா யார் கூப்டு நீ
போன ஏன் டி போன
எத்தன தடவ சொல்லி
இருக்கேன் எல்லா மனுசனும்
இங்கே ஒன்னு இல்லன்னு

வளத்து அணைக்குறவன்
கழுத்த நெரிக்கிறவன் கண்ண
தடவுறவன் கால நொடிக்கிறவன்
கொன்னு சிரிக்கிறவன் நின்னு
அழுகுறவன்

#AdiKaruppi #TamilLyrics",ta
"எந்திரி கருப்பி
அம்மா கூப்புடுறா குளிக்க
போகணும் எந்திரிடி ஏன் டி
பேசல என் கூட என்னடி
நடந்திச்சி அங்க

வலிய தாங்காம
துடிச்சியா கடைசி நிமிஷம்
என்ன நெனைச்சியா உன்ன
கொல்லும் போது அவன்
சிரிச்சானா நீ கொரைக்கும்
போது அவன் மொறைச்சானா

#AdiKaruppi #TamilLyrics",ta
"#TamilLyrics
தினமும் நீ குளித்ததும்
என்னை தேடி என் சேலை நுனியால் உந்தன் தலை 
துடைப்பாயே அது கவிதை",ta
"உன்னை கலந்த பின் நான் சென்று குளித்தால்..

 கடல் நீர் குடிநீர் ஆகுமடி..

#TamilLyrics #Vairamuthu https://twitter.com/karthikeyan1958/status/1074503770833182720 …",ta
நான் வீழ்வேன் என்று நினைத்தாயோ!! @RevathiRadhakr3 @vadivel85 #barathiyar #barathiyarkavithaigal #tamil #tamillyrics #tamilan #tamilstatus #instagram #thursdayquotes #likeforlikes #positivevibes #positivequotes #tamiltype pic.twitter.com/J6TdnxhDl3,ta
"சிலர் ஆசைக்கும்
தேவைக்கும் வாழ்வுக்கும்
வசதிக்கும் ஊரார் கால்
பிடிப்பார்

ஒரு மானமில்லை
அதில் ஈனமில்லை அவர்
எப்போதும் வால் பிடிப்பார் 
     - HBD MGR 💛
#MGR #MGRBirthday #MGR102 #HappyBirthdayMGR #Tamilnadu #TamilLyrics #பொங்கல்நல்வாழ்த்துக்கள் pic.twitter.com/mDZQxUQJ3D",ta
"உன் புன்னகை நான் சேமிக்கின்ற
செல்வமடி.........
#prabhudeva #pennin_manathai_thottu #nycsong #tamillyrics #soulful  https://www.instagram.com/p/BvUDB51gqVLBN4iiQLqJ_QoP8BcqS6_ntUoHpg0/?utm_source=ig_twitter_share&igshid=t9tr6hchoeif …",ta
"கொட்டும் அருவியாய் கொலுசு சத்தமும் காற்றின் அசைவாய் வளைவி சத்தமும்
ஓடும் நதியாய் சிரிப்பு சத்தமும்
மூங்கில் இசையாய் மூச்சு சத்தமும்
தேனினும் மதுரமாய் முனகும் சத்தமும்
குயிலின் மொழியாய் ஆசை முத்தமும் ஒலித்தாள் போதும் சித்தமே!

#poetry #tamil #tamilpoem #tamillyrics #lyrics",ta
"பேசாத பாஷையாய்
உன் தீண்டல் ஆகுதே
தானாக பேசும்
என் மௌனம் இனி.. இனி

#DearComrade #DearComradeSecondSingle
#Pularaadha
#TamilLyrics
#VijayDeverakonda #Rashmikamandanna #JustinPrabhakaran 

4/4",ta
"🎼அன்பை_அளந்திட_எந்த_மொழியும்_போதாது...😍❤😍❤😍❤
#sivappumanjalpachai
#sasi #yazhi #sisbro #brosis #brosislove #familylove #tamilcinima #tamilcini #gv #gvprakashfanpage #gvprakash #tamilmoviesong #tamillyrics…  https://www.instagram.com/p/ByepHvWgMR2/?igshid=f402i9vpzx4s …",ta
"🎼அன்பை_அளந்திட_எந்த_மொழியும்_போதாது...😍❤😍❤
#sivappumanjalpachai #sasi #yazhi #gvprakashfanpage #gv #gvprakash #tamilcinima #tamilcini #tamilbgmlovers #tamilmoviesong #tamilbgm #tamillyrics #tamiltrending…  https://www.instagram.com/p/ByeqPxagnU1/?igshid=1ilh6ule0opw5 …",ta
"எட்டி போகாதே என்னை விட்டு,
என் உயிர் இருப்பதோ உன்னை சார்ந்து.
கலங்க வைக்காதே கொஞ்சி விட்டு,
நான் வாழும் வாழ்க்கையை உன் நினைவை இட்டு. #Tamillyrics #Tamipoets #ArumugamStudios #ENPT #Dhanush pic.twitter.com/uI9NPRGowb",ta
"நீரின்றி அமையாது உலகு,
நீயின்றி அமையாது என் வாழ்வு. ♥️
#ENPT #Dhanush #Tamillyrics #ArumugamStudios pic.twitter.com/pX7kBlGe4j",ta
"முயற்சி ஒன்று தான் நம் வாழ்வின் முதுகெலும்பு
.
.
.
.
.
.
.
.
.
.
.#kollywood #kollywoodcinema #kollywoodactress #tamillyrics #tamilactress #tamilcomedy #kollywoodactor #vijaysethupathi #thalapathy #viswasam #samantha #tamilsong #tamilmotivation #tamilmovies #tamilmovie pic.twitter.com/6V6BPKBAKq",ta
"வழியில் உன் வழியில் 
வந்து நடந்தேன் அந்த நொடியில் என் வழித்துணை நீதான் என்று 
நிழல் சொன்னதே... 💕💞 #tamilsonglyrics #tamillyrics",ta
"வாழ்க ஆசிரிய பெருமக்கள்!
.
.
.
#teachersday #teachersdayspecial #teachersofinstagram #teachersday2019 #worldteachersday #tamilkavithaigal #tamilbooks #bookstagram #tamily #tamilkavithai #books #booksreview #tamillyrics  https://www.instagram.com/p/B2CFAl8BPFY/?igshid=pmqze0vcqlda …",ta
"🎸:தேடும் முன்பே
வந்த பொருள் வாழ்வில்
நிலைப்பதில்லை தேடி
தேடி கண்ட பொருள்
எளிதில் தொலைவதில்லை🎶🎵
🎼🎼🎼
🎸: இசை பாட்டும்
காற்றும் சேர்ந்த பின்பு
பிரிவதில்லை🎶🎼
#tamillyrics 📝✌️
#thullathamanamumthullum 😊✌️
✌️Happy ☀️ Day........

#Vijay 😎 #Samantha ♥️ pic.twitter.com/uiTGE06Hb8",ta
"நடிகைக்கு சிறுவயதில் ஏற்பட்ட சோக கதை,  https://bit.ly/2mdJUri  #tamilactress #tamil #kollywood #tamilcinema #thalapathy #tamillyrics #tamilsonglyrics #tamilmemes #tamilstatus #tamillove #love #kollywoodcinema #tamilactor #tamilsong #teluguactress #tiktok #vijay #tollywood pic.twitter.com/vTAiJQMvet",ta
பாசம் இல்லையா😒,ta
ஒத்தையா பொறந்துட்டு அண்ணே தங்கச்சி பாசம் என்னன்னு தெரியாம இருக்குறது சாபம் அதுவும் தங்கச்சி ங்குற உறவு இல்லாதது இருக்கே😌 பெரும் சாபம் #verified,ta
"#NammaVeettuPillai
அப்பா இல்லாத மகனாக பல பேரின் நகலாக இந்த கதாப்பாத்திரத்தில் @Siva_Kartikeyan அண்ணா நடித்துள்ளார் ஒவ்வொரு குடும்பத்தின் பாசம் கவலை எல்லாவற்றையும் நினைவுபடுத்தும் படம் @pandiraj_dir சிறப்பான இயக்கம் அதில் வரும் காட்சி அனுபவித்த ஒவ்வொரு வரும் கண்ணீர் விட்டு படைப்பு",ta
"#NammaVeettuPillai

My  review 🌟🌟🌟🌟
@Siva_Kartikeyan  அண்ணா படம் கண்டிப்பா BB தான் பேமிலி  கூட்டம்  கூட்டமா  வர போது #Viswasam படத்துக்கு அப்றமா 🤩🤩🤩

  அண்ணா தங்கச்சி  குடும்பம்  பாசம் அவ்ளோ அழகா இருந்துச்சு 💓💓💓
@immancomposer  sir மியூசிக்  செம்ம சாங்ஸ்  👌👌",ta
"யார் மேலயும் இங்க பாசம் பாயாசம் எல்லாம் வைக்க கூடாது
ன்னு கத்துக்கிட்டேன்..  https://twitter.com/_Inshira_/status/1177523561147162626 …",ta
"அண்ணண்-தங்க பாசம், பாசமலர் part2னு சொல்லி ஜவ்வா இழுத்து வெச்சிறுக்காய்ஙக.. அதுவும் climaxலாம்...😭 #NammaVeettuPillai",ta
நாமெல்லாம்  வேலை சோறு தூக்கம் னு இருந்துக்கணும்....இந்த பாசம் அன்பு எல்லாம் நமக்கு இருக்கவே கூடாது....  pic.twitter.com/8asIHPRfDJ,ta
"திமுக கட்சி காரனுங்க  தமிழ்நாட்டுல பொது மக்களை யாரை தாக்குனாலும்.. 

தாக்கப்பட்டவன்  தமிழனா தான் இருப்பான்..... தமிழ்நாட்டுல இருக்குற ஒரு தெலுங்கன் மேலயும் திமுகா  கை வைக்காது... 

அது தான் இரத்த பாசம்... 

#தெலுங்கர்ஸ்டாலின்...",ta
துளசி @aishu_dil கேரக்டர் 100% பக்கா...ஆக்டிங் செம்ம...அண்ணன் தங்கச்சி பாசம் காட்றதுலருந்து அழுகுறது வரைக்கும்...தமிழ்சினிமாவின் குட்டி ராதிகா😍😍👌👌👌👌நட்டி சார் அவருடைய ரோல் பக்காவா பண்ணிருக்காரு....ஹீரோயின் ரோல்ம் செம்ம..😍படத்த பாருங்க தியேட்டர்ல போய் #NammaVeettuPillai,ta
நாய் மீது என்ன பாசம் @shraddhakapoor pic.twitter.com/ubVmxdEmE7,ta
இது அந்த குழந்தைகளின் மீதுள்ள பாசம் இல்லை ஆதித்தியநாத் மீதுள்ள வெறி,ta
என் பேர போடல அப்போ நா பாசம் இல்லயா.. 😭  pic.twitter.com/sGjLB6g1vy,ta
"யார் பாசம் 
       யார் வேஷம் ஏன்று புரிந்து கொள்ள முடியவில்லை இருந்தாலும் உண்மையான அன்பிற்காக
      மனம் ஏங்குகிறது♥️♥️♥️♥️  pic.twitter.com/u3ODQK2pH1",ta
"பெருமைமிகு கலைஞனின்
.   நம்மவர் பாசம்  https://twitter.com/enakkulnee/status/1177556791900553217 …",ta
"எவ்வளவுதான் பாசம் அன்பு என உருகினாலும்  சுய நலத்தின் வேர்கள்  காலப் போக்கில் வெளிப்படத்தான் #செய்கிறது...
#இரதிதேவி 😉😉😉😉😉😉 pic.twitter.com/WGHBVeW2Di",ta
"நான் அன்பானவளா இல்லையான்னு என் கணவருக்கு புரிந்தால் போதும் ஐயா 😊

என் கணவர் மேல் அன்பு பாசம் நேசம்  உள்ள எனக்கு திட்ட உரிமை இல்லையா என்ன..

மற்றவர்கள் என் கணவரை திட்ட அனுமதிக்க மாட்டேன் 👍

நான் எந்த டிவிட்ல பொய் சொன்னேன் ன்னு சொல்லுங்க.",ta
"அண்ணன்,தங்கை பாசம் என்றால் அது தலைவரின் முள்ளும் மலரும் மட்டுமே! மற்றது எல்லாம் அப்புறம்தான்!",ta
எங்கள் தலைவரின் காவலர்களின் ID முடக்கினால் போதுமா ..முட்டாள்களா எங்கள் தலைவர் மீதுள்ள பாசம் எங்கள் ரத்தத்தில் உள்ளது ...ஒரு ஐடி முடக்கினால் திரும்ப துவங்க முடியாதா ..இந்த வேலை பாக்குற நேரத்துல கொஞ்சம் நல்லது செய்த்து டபொசிட் வாங்க பாருங்க அறிவு ஜீவிகளை  https://twitter.com/RajiniSampath/status/1177519532853755905 …,ta
"அன்று 
காணக் காத்திருந்த 
கண்கள்
இன்று
கண்டும்
காணமல் போகின்றன.

காத்திருந்தேன் நான்
அதிகாலையிலே
உன்னைக் காண 
என்றே உருகிப் பேசிடுவார்

கதிரவன் மறையும் நேரத்திற்குள்
காரிகை காதலும் அங்கே
கரைந்து போகும்.

பாசம் அங்கு பரிதாபம்
தேவையே அங்கு பிரதானம்.",ta
உண்மையான பாசம் ரெண்டையும் செய்யும்,ta
தூத்துக்குடி தேர்தல்ல தங்கச்சிக்கு ஆதரவா ஆரம்பிச்ச அந்த பனை பாசம் இன்னும் விடல...,ta
"நான் கடந்து வந்த வலி, வேதனை, தொரோகம், நட்பு, பாசம், உழைப்பு அதை தாண்டி இருக்குற வெறி என்னை விடதுனு நினைக்கிறேன்
#Today_PAIN
#Tommorow_SUCCESS
#BE_CONFIDENT
@Siva_Kartikeyan pic.twitter.com/qc5aUzEghj",ta
அண்ணா படம் வேற லெவல் பாசம் அன்பு நேசம் கதை காமெடி அதுமட்டுமில்லாமல் தந்தை இல்லாத மகன்கள் தவிக்கின்ற ஒவ்வொரு சில மணி நேரத்தில் ஒவ்வொரு நிமிடத்தையும் எடுத்துக்காட்டிய பாண்டியராஜ் சார் அவர்களுக்கு எங்களுடைய மனமார்ந்த நன்றி வாழ்த்துக்களை தெரிவித்துக் கொள்கிறோம்  https://twitter.com/studio9_suresh/status/1177586094688227330 …,ta
தந்தைக்கும் மகனுக்கும் இடையேயான பாசம்❤😊👌  pic.twitter.com/rOb3C0Q7MM,ta
யாருக்கும் நம்ம மேல பாசம் பாயாசம் எதுவும் கிடையாது... 😔😔😔😔,ta
@Siva_Kartikeyan @aishu_dil செம மாஸ் அண்ணன் தங்கை பாசம் @immancomposer அண்ணா வேர லெவல் சாங்ஸ் & பி.ஜி.எம் @pandiraj_dir அண்ணா கடைக்குட்டி சிங்கம் மாதிரி செம மாஸ் தல மாதிரி இந்த வருசம் ஒரு அடியில ரெண்டு வெற்றி வாழ்த்துகள் வெற்றி கூட்டனிக்கு 💞,ta
தந்தைக்கும் மகனுக்கும் இடையேயான பாசம்❤😊👌  pic.twitter.com/fbjbJQ0w53,ta
"அண்ணன், தங்கை பாசம் - நம்ம வீட்டுப் பிள்ளை விமர்சனம்

 https://cinema.maalaimalar.com/cinema/review/2019/09/27223204/1263731/Namma-Veettu-Pillai-Movie-review-in-tamil.vpf …
#NammaVeettuPillai #NammaVeettuPillaiReview #NVPReview @Siva_Kartikeyan @aishu_dil @pandiraj_dir",ta
என் பாசம் யாருக்கும் புரியாது,ta
"#படம்_பார்த்தேன்...👀👀👀 #நம்மவீட்டுப்பிள்ளை...
@Siva_Kartikeyan 👏
@pandiraj_dir அண்ண நீங்க எடுக்குற இந்த மாதிரி படங்கள் (#KKS and #NVP) குடும்பங் இனனப்பு பிணைப்பு பாசம் பண்பு எல்லாம் மேலும் மேலும் அதிகமாகிறது.
@sooriofficial 👌👌👌
@sunpictures இனி பாத்துகும் @MEENAKSHICINE – at Meenatchi Theatre",ta
"நடிப்பு, உணர்வு, அண்ணன் தங்கை பாசம் என நம்ம வீட்டு பிள்ளையாக @Siva_Kartikeyan நிருபித்துள்ளார். 👌👏
#NammaVeettuPillai",ta
"@vanithavijayku1 லாஸ்லியா மேல பாசம், அக்கறை எல்லாம் ஒன்னும் இல்லை. தர்ஷன் மற்றும் ஷெரின் மேல அவ்வளவு கோவம். உள்ளே இருக்கும் வரை தொடர்ந்தது, இப்போது வெளியிலும் தொடர்கிறது. #BiggBossTamil3",ta
"நல்லது பண்ணாலே அரசியலுக்கு வர்றீயானு கேக்குறதால தான் இங்க நல்லது பண்ணவே தயங்குறாங்க!!👌

  கடைக்குட்டி சிங்கம் பாத்த மாறியே இருந்துச்சு...✌😍

 சி.கா தரமான நடிப்பு,அண்ணன் தங்கை பாசம் ✌😍
#NammaVeettuPillai",ta
"ரொம்ப நாளைக்கு அப்புறம் ஒரு அழகான குடும்ப படம் பார்த்த சந்தோசம்...😊

பாண்டியராஜ் வேற லெவல்ல யோசிச்சி படம் பண்ணி இருக்காப்ள..🔥

பாரதிராஜா நடிப்பு அப்படியே சிதறாம இருக்கு..👏

சிகாவோட அண்ணன் பாசம் வேற லெவல்..❤️

சூரி, அவரோட பையனான நடிச்சவனோட காமெடி செம்ம..👌
#NVPReview",ta
அறியாத வயசுல...எதும் புரியாத மனசுல... இருந்து அவர் மேல வச்ச பாசம்...யாருக்கும் புரியாத..யாராலயும் அறிய முடியாத அளவுக்கு அதிகமாக்கிட்டு போகுது ..@actorvijay,ta
"ரசிகன் என்பதையும் தாண்டிய ஓர் ❤️உறவு❤️

என்னோட அண்ணன் என்னோட தளபதி என்னோட உசுரு எல்லாமே எங்க அண்ணன் தான். 

இந்த மாதிரி பாசம் எல்லாம் உங்க வாழ்க்கையில கோடி கோடியா கொட்டி குடுத்தாலும் கிடைக்காது.

#Thalapathy #Bigil #Verithanam pic.twitter.com/De0qnwb8e6",ta
"வார்த்தைகளால் வர்ணிக்க முடியாதவைகள்

மனதால் மட்டுமே உணரக் கூடியவைகள்

அம்மாவின் அன்பு
அப்பாவின் வலிகள்
அண்ணணின் அரவணைப்பு
தங்கையின் பாசம்
நண்பனின் துரோகம்
காதலியின் பிரிவு
மனைவியின் ஸ்பரிசம்
மழலையின் மொழி",ta
"#NammaVeettuPillai
அப்பா இல்லாத மகனாக பல பேரின் நகலாக இந்த கதாப்பாத்திரத்தில் @Siva_Kartikeyan அண்ணா நடித்துள்ளார் ஒவ்வொரு குடும்பத்தின் பாசம் கவலை எல்லாவற்றையும் நினைவுபடுத்தும் படம் @pandiraj_dir சிறப்பான இயக்கம் அதில் வரும் காட்சி அனுபவித்த ஒவ்வொரு வரும் கண்ணீர் விடும் படைப்பு",ta
அப்ப நான் பாசம் இல்லையா 😒,ta
அவ்ளோ பாசம் நிஷா... என்னபோயி தப்பா நினைக்கிற 😤😤😒😂,ta
"யார் மீதும்  கோபம் கொள்ள
தெரியவில்லை
யாரும் என்மீது பாசம் கொள்ள
தெரியவில்லை.....!!!!!!!!!",ta
சாதி பாசம் போல 😂  https://twitter.com/itz__silravicky/status/1177802723753779200 …,ta
"என் சூர்யாண்ணா வ தலைவன் னு சொன்னத விட என்னோட அண்ணன் னு சொன்னது தா அதிகம்😍

திரையில நடிக்கிறதால தலைவனா ஏத்துக்கல தலைவாஆஆ🙏

என் கூட பொறந்த அண்ணன் ன தா நெனச்சுருக்கேன்😍

எப்பவும் குறையாத இந்த பாசம்.

சாகுற வரைக்கும் என் அண்ணனுக்கு மட்டும் விஸ்வாசமான ரசிகனா இருப்பேன்

@Suriya_offl pic.twitter.com/GkdXT7yjyR",ta
"நம்மளோட ரொம்ப வருஷம் பழகுனா மாதிரி @DhruvVikram8 பேச்சு
பாசம் பாசம்❣️  pic.twitter.com/CBgr3paKVd",ta
சாதிப் பாசம்....பாவம்.,ta
"*தலை கணம் இல்லாத எங்கள் தலைவரின் பாசம்!*
*தலைமுறைகள் கற்கும் பாடம்!*
*தன்னடக்கம் தன்னம்பிக்கை உங்கள்  சுவாசம்!*
*நாங்கள் என்ன செய்தோம் உங்களுக்கு ஏன் இவ்வளவு விசுவாசம்!!!*
*வணங்குகின்றோம் அய்யா*🙏🙏🙏🙏🙏🙏🙏🙏🙏🙏🙏🙏🙏  pic.twitter.com/vUBGy4aYEv",ta
என்மேல எம்புட்டு பாசம்  pic.twitter.com/4bCapKmgNN,ta
ஜாதி பாசம்,ta
சிவாஜி படங்கள் வருவதற்கு முன்னால் யாருமே அழுகலையா? இல்லே யாரும் பாசம் தான் காட்டலையா? எதாவது பேசனும்னு பேசாதிங்க சார்!  https://twitter.com/amuduarattai/status/1177812316500328448 …,ta
"பலம் என்றால் உழைப்புனு வந்துட்டா பச்சத்தண்ணிகூட குடிக்காம வேலை செய்வேன்..
பலவீனம் என்றால் பாசம் வைப்பது..

 https://twitter.com/saranyasurya200/status/1177549285316939782?s=19 …",ta
"நேற்று அவர்களுக்கு கொடுக்கப்பட்ட தலைப்பு நட்பு.
நண்பன் தன்னை விட்டு பிரிந்து செ‌ல்லு‌ம் பொழுது வலிகளை தரும்.ஆனால் #Losliya வின் வலி #kavin இல்லாத இடத்தில் அவளால்  இருக்க முடியாதது தேம்பி தேம்பி அழுகும் பொழுதே கவின் மீது உள்ள பாசம் தெறிகிறது.மேலும் அவளின் உண்மையான காதல் புரிகிறது.  pic.twitter.com/uVokhhvrg9",ta
"உண்மையான அன்பை நீ 
ஒருபோதும் ""வடிகட்டி"" பார்க்காதே 

ஏன் என்றால் 

பாசம் என்பது பொருளல்ல 
""அது ஒரு உணர்வு"" 

BY ABCK",ta
"ஒரு அருமையான #COMEBACK கொடுத்த @Siva_Kartikeyan அண்ணனுக்கு வாழ்த்துக்கள்
#பாசமலர் #திருப்பாச்சி அதன் வரிசையில் இன்று #நம்மவீட்டுப்பிள்ளை
வாழ்த்துக்கள் @pandiraj_dir Sir
எப்படிப்பட்ட அண்ணன் தங்கையாக இருந்தாலும் பாசம் ஒன்றுதான் என்று அருமையாக எடுத்துச் சொல்லியிருக்கிறார்கள் 🙏🙏🙏  pic.twitter.com/Y4TqICDmxU",ta
"டேய் ஓத்தா வடைசட்டி...
அஜீத் ஒரு ஆம்பளையா இருந்தா original எடுத்திட்டு வா னு சொன்னா.. அஜீத் பொட்டையா இருந்தாலும் பரவாயில்லை னு முட்டு கொடுக்கும் போதே தெரியும் டா உனக்கு அஜீத் மேல பாசம் லாம் இல்லை விஜய் மேல காண்டுன்னு",ta
"பிரதமருக்கு தமிழ் மொழி மேல் அளவு கடந்த ஆசை, பாசம் இருக்குமெனில் மேன்மையான மொழி என்று  ஏற்றுக்கொள்வாரெனில் தமிழை தேசிய மொழியாக அறிவிப்பாரா ? 

இது ஒரு பம்மாத்து வேலை என்று எங்களுக்கு தெரியும்.",ta
"அவருக்கு இந்து மதத்தின் மேல் கூட அளவு கடந்த
நேசம் பாசம் இருக்கு
அதை தேசிய மதமாக அறிவித்தால் ஏற்ப்பீங்க அப்படி தானே..
அவருக்கு சம்ஸ்கிரதத்தின் மேல் கூட நேசம் பாசம் 
அப்போ அதை தேசிய மொழியா ஆக்கிடலாமா
விதண்டா வாதம் பேச கூடாது பாஸ்",ta
"வீட்ல நாய் வளர்க்கும் போது நம்ம பாசம் எல்லாம் அதோட உயிரா ஒன்றி போய்டும். அந்த அளவுக்கு நாம என்ன தான் அடிச்சாலும் நம்ம கிட்ட தான் திரும்ப வரும் 😔.

அந்த மாதிரி வீட்ல நாய் வளர்த்து இழந்தவங்களுக்கு தான் அதோட வலி தெரியும்.",ta
பாசம் ஆவது பாயாசமாவது,ta
"ஒரு மெல்லிசனா கோடு கோட்டுக்கு இந்த பக்கம் Ajith Fans ரொம்ப அன்பு பாசம் அமைதி

கோட்டுக்கு அந்த பக்கம் 

தூக்கு துரை னா அடாவடி🔥
தூக்கு துரை னா அலப்பறை💥
தூக்கு துரை னா தடாலடி😍

If U are bad😒
Ajith Fans Are yur Dad
Dont mess wid Us 🔥
#Viswasam Only For #ThalaAjith 🔥😎❤ pic.twitter.com/twxmZbj4ps",ta
"கவினின் உண்மை, நேர்மை, நட்பு ,விட்டு கொடுத்தல்,பாசம்,காதல் இது எல்லாம் உண்மை அது வெற்றி பெற வேண்டும் என்றால் அதை நிரூபிக்க மக்களாகிய நாம் இவர்களை வெற்றி பெற செய்ய வேண்டும் இதை கவினின் வெற்றியாக கொண்டாட வேண்டும்
1லாஸ்லியா/winner
2சாண்டி/Runner #VetriMaganKavinEntry",ta
"#VetriMaganKavinEntry
மொத்தம் 268 #promo
அதில் #kavin #promo236 🔥🔥🔥
இதுதான் உண்மையான கெத்து.

உண்மையான #வெற்றி 😎🔥
இரண்டு நாள் இல்லாத #trp எகிற போகுது.. 🔥
#VetriMaganKavinEntry 🔥🔥😎😎..
காதல், அன்பு, பாசம், நட்பு
இவனுக்கு 👍.. மண்டியிட காத்திருக்கிறது.. 🔥😎  pic.twitter.com/K3YMNK1knL",ta
"#justiceforanushkapandey

தேவைக்கு மட்டும் பயன்படுத்தினால் அதற்க்கு பெயர் பாசம் அல்ல சுயநலம்...",ta
தன் துணைவியை குண்டு என்று அழைத்ததில் உங்களுக்கு என்ன பிரச்சனை.உங்கள் மனைவியை அழைத்து இருந்தால் தப்பு.உங்கள் கேடுகெட்ட அரசியல் எல்லோருக்கும் தெரியும். பெண்கள் மீது உங்கள் பாசம் ஓநாய் பாசம்.  pic.twitter.com/m52L6rG4QF,ta
அவ்வளவு பாசம் நம்மேல தலைவரே,ta
மருமகன் மேல அம்புட்டு பாசம்..,ta
நேற்று தலித் சமூகத்தைச் சேர்ந்த இரண்டு குழந்தைகளை அடித்து கொன்று விட்டார்கள் முஸ்லிம் நீ இன்னும் அதற்காக வாய் திறந்து பேச வில்லை ஏன் கொன்றவன் உனது இஸ்லாமிய மதம் என்ற பாசம் தானே  pic.twitter.com/IabD35OiYL,ta
அப்ப நான் பாசம் இல்லையா 😒,ta
"என்னப்பா மாமாக்களே 
இவ்வளவு Views...Rt...
Likes .. ஒரே நாளில்...
அவ்வளவும் 
பாசம் தானே....♥️ 
Lovely...Mams...♥️🤩  https://twitter.com/venkstesa/status/1177529093069271040 …",ta
"பாசம் வைக்க நேசம் வைக்க தோழன் உண்டு வாழவைக்க அவனைத்தவிர உறவுக்காரன் யாரும் இங்கில்லே❤️
#என்றும்நட்பு_விஜய்தனுஷ்",ta
"பாசம் வைக்க நேசம் வைக்க தோழன் உண்டு வாழவைக்க அவனைத்தவிர உறவுக்காரன் யாரும் இங்கில்லே❤️
#என்றும்நட்பு_விஜய்தனுஷ்",ta
"பாசம் வைக்க நேசம் வைக்க 
தோழன் உண்டு வாழவைக்க 
அவனைத்தவிர உறவுக்காரன் 
யாரும் இங்கில்லே❤️",ta
"விஜய்-தனுஷ் நட்பு தான் உண்மையான அண்ணன் -தம்பி பாசம், ரெண்டு பேரு பேன்ஸ் அப்டித்தான் 🙏🙏🙏🙏👌👌👌👌 #என்றும்நட்பு_விஜய்தனுஷ்",ta
அண்ணன் தங்கச்சி பாசம்.. அருமையான படம்,ta
"பாசம் வைக்க நேசம் வைக்க தோழன் உண்டு வாழவைக்க அவனைத்தவிர உறவுக்காரன் யாரும் இங்கில்லே❤️
#என்றும்நட்பு_விஜய்தனுஷ் pic.twitter.com/Zj68MTPWnE",ta
"பாசம் தான் வேற எதும் இல்ல
என் பசங்க♥️
@Senthil11522696 @anandhraja_cvf வாழ்த்துக்கள்டா pic.twitter.com/cwao4wKWvp",ta
ஏது பந்த பாசம் எல்லாம் வெளி வேஷம்,ta
வாழ்க்கையே வேசம் இதில் பாசம் என்ன (ஆறில் இருந்து அறுபது வரை),ta
"ஆகா நீயூட்ரினோ,கெயில்,சாகர் மாலா,மீத்தேன்,ஈத்தேன்,ஸ்டெர்லைட் தமிழக மக்கள் மீது எவ்வளவு பாசம்,கஜா புயலுக்கு பெரிய அளவில் நிவாரணம் தந்ததென்ன?தூத்துக்குடியில் துப்பாக்கி சூடு நடத்தி மக்களைக் கொன்றதென்ன?தமிழக மக்கள் மீது பாசம் அதிகம்தான்.",ta
"பாசம் வைக்க நேசம் வைக்க
தோழன் உண்டு வாழ வைக்க💥🔥♥️
அவனை தவிற உறவுகாரன் யாரும் இங்கு இல்லை💥🔥...
@Vivek_dranzer

#என்றும்நட்பு_விஜய்தனுஷ்",ta
"அப்பா பாசம் செம்ம 
என்னோட அப்பாவும் இப்புடித்தான் இருந்தார் 😢",ta
"பாசம் வைக்க நேசம் வைக்க 😍
தோழன் உண்டு வாழ வைக்க❤️
நண்பேன்டா 🔥😍
@actorvijay
@dhanushkraja
#என்றும்நட்பு_விஜய்தனுஷ் pic.twitter.com/CvRkJCnLnM",ta
"சும்மா தமிழ்,தமிழன்னு பேசுகின்ற மோடி தமிழக விவசாய பெருமக்கள் கஜா புயலால் பாதிக்கப்பட்ட பொழுது நேரில் வந்து சந்திக்காமல்,நடிகையின் திருமண விழாவில் பங்கு எடுத்தாரே?

அப்ப எங்க போச்சு தமிழர் பாசம்",ta
நீ தேடும் போது உன்பக்கதல.நான் இ௫க்க மாட்டேன் நீ நீனைக்கும் போது உன்மனசுயல்லாம் நான் இ௫ப்பேன் உன் பாசம் நீஐமா இ௫ந்துசீனா பாசம் வைக்கிறது தப்பு இல்ல ஆனால் அந்த பாசமே நம்பள பைத்தியம் ஆகுற வரைக்கும் வைக்கிறது தான் தப்பு ஏனால் இங்க முடிவே இல்லாத வாழ்கையும் எல்லாம் சிலகாலம் தான் அன்பே  pic.twitter.com/geDSW3gH3u,ta
பாசம் உனக்கு புரியாது,ta
அது நம்ம மேல இருக்குற வெறுப்பால வந்த பாசம்🤧நம்மளுது உண்மையான அன்பால வந்த பாசம் ❤️ரெண்டுத்துக்கும் நிறைய வித்தியாசம் இருக்கு🥰 #என்றும்நட்பு_விஜய்தனுஷ்,ta
வாழ்க்கை யே வேஷம் அதில் பாசம் என்ன  நேசம்  என்ன 🚶,ta
"நண்பன் - என்னடா எப்பவும் இருட்டுனதுக்கு அப்புறமே சூரியனை பத்தி கிருக்குற!??
அவன் - பக்கத்துல இல்லாதப்போதானடா, பாசம் பத்துமடங்கு அதிகமாகுது!
#கிறுக்கல்கள்",ta
அக்கா உங்க மேல பாசம் காட்டுரது தப்பா 😓,ta
"🎶நிழல் போல நானும் நடை போட நீயும்
தொடர்கின்ற சொந்தம் நெடுங்கால பந்தம்
கடல் வானம் கூட நிறம் மாறக் கூடும்
மனம் கொண்ட பாசம் தடம் மாறிடாது
நான் வாழும் வாழ்வே உனக்காகத்தானே🎶🎶
#VettiFm",ta
Good.... ரொம்ப நல்லா இருக்கு அண்ணனோட பாசம்....,ta
"இன்றைய காலத்தில் குடும்பம், பாசம், அன்பு இதெல்லாம் மறைந்துவிட்டது, இதைப்பற்றியெல்லாம் படமெடுத்தால் ஓடாது. குறிப்பாக, சென்னை போன்ற ஏ சென்டரில் ஓடவே  ஓடாது என்ற மாயை இருந்தது. ஆனால் #நம்மவீட்டுப்பிள்ளை க்கு இங்கும் ஆதரவு கொடுத்து மக்கள் கொண்டாடுகிறார்கள். 
#NVP #NVPKondattam pic.twitter.com/m0v8mdteNq",ta
"பாசம் இங்கும், எங்கும் மறையவில்லை. கொஞ்சம் தட்டி விட்டால் போதும், அது ஆல மரமாக வளரும் என்பதையே கடைக்குட்டி சிங்கம், நம்ப வீட்டுப் பிள்ளை ஆகிய படங்கள் உணர்த்தியுள்ளன. உறவுகள் பற்றிய இயக்குனர் பாண்டியராஜின் பார்வை அற்புதமானது. வாழ்த்துகள்.
@pandiraj_dir @Siva_Kartikeyan pic.twitter.com/C30iE1txrh",ta
"#காலங்கள் என்றும் நம்மோடு 
வாழ்ந்திருக்கும் காதலென..
காட்சிகள் என்றும் நம்மோடு
வாழ்ந்திருக்கும் இன்பமென
என்னோடு நீ இருந்தால்....

#காதல் #அன்பு #பாசம்
#rammu24 #கவிதை pic.twitter.com/S7wgjbI6TF",ta
"#தேவை முடிந்தவுடன் 
விலகும் நண்பர்கள் 
#சொத்து இருந்தால் 
உறவாடும் சொந்தங்கள் 
#பணம் இருந்தால் பாசம் காட்டும் பந்தங்களுடன் நான் 
இருப்பதைவிட நான் 
#அனாதையாக வாழ்வதே மேல் pic.twitter.com/ufkH5zXf8h",ta
ஆமா தோழி... அவருக்கு பாசம் அதிகம்...💪💪💪,ta
அவர் இந்து மதவாதி என்பது உண்மை. சமஸ்கிருதம் மீது அளவுகடந்த பாசம் உண்டு.  ஏமாந்தால் இவற்றை தேசிய மதமாக தேசிய மொழியாக அறிவிக்க முயற்சி செய்வார். ஆனால் தமிழ் மொழி மீது அவருக்கு வந்துள்ளது பாசம் அல்ல. அது ஒரு வேஷம். Vote bank politics. He will do nothing to promote Tamil in India.,ta
ஓஹோ.. அப்ப நான் பாசம் இல்லயா,ta
பாசம் குறையாதுடா ரம்ஸ்😍😍,ta
"பாசத்துல பாயாசமா இனிக்கர தங்கையே 
நீ எங்க இருந்தாலும் இந்த அண்ணணோட பாசமும் முந்திரியாக உன் நினைவுல வந்து போகனுமே

முகம் பார்க தேவையில்லை ரத்தம் பாசம் தான் உறவல்ல
அண்ணன்னு சொன்னா போதும்
தங்கைஉறவென நீ இருக்க
Mycutesister @ilakiyaa_itz 😍😍😘😍😍 https://youtu.be/cUowksRM7x0",ta
"#இதயம் கூட ஒரு கல்லணை தான்.....
#பாசம் வைப்பவர்களை புதைத்து வைத்து கொள்வதால்.......😍

இனிய இதய தின வாழ்த்துகள்❤  pic.twitter.com/sYNDETiK9d",ta
"பெத்தவ பேச்சையும் மத்தவ பேச்சையும் மண்டையில் ஏத்துறதில்ல
நட்புக்கு மத்தியில் நிக்கிற யாரையும் சுத்தமா சீண்டுறதில்ல
(ஜிகிரி தோஸ்து)
பாசம் வைக்க நேசம் வைக்க தோழன் உண்டு வாழ வைக்க அவனைத் தவிர உறவுக்காரன் யாரும் இங்கில்லே
(காட்டுக்குயிலு மனசுக்குள்ள)",ta
#NammaVeettuPillai கடைசி இருபது நிமிடங்கள் ஆண்கள் கண்களில் கூட கண்ணீர் விட்டு அலும் தருணம் .தங்கையின் பாசத்தில் உயிரை குடுக்கும் அன்பு .அம்மாவை குலசாமி எனும் கும்பிடும் அம்மாவின் பாசம்.@Siva_Kartikeyan Anna is back ❤.#NVPFamilyEntertainer,ta
"நீண்ட புகழ்!
அன்பு கொண்ட தோழமைகள்!
பாசம் கொண்ட குடும்பம்!
குறையாத செல்வங்கள்!

பெற்று நீங்கள் நலமுடன் பல்லாண்டு காலம் வாழ அன்புடன் வாழ்த்துகிறேன்.,

@khushsundar pic.twitter.com/2O2ccllIzH",ta
அப்ப நான் பாசம் இல்லையா பேபீ 😔,ta
பாசம் தான் சமயத்துல விசமா மாறிடுற கிழவி நீ,ta
உடல் எந்த குறையும் இல்லாமல் இருக்குறவரகள் நேசிகிறது பெரிய விஷயம் அல்ல! கண்ணு தெரியாம.! காது கேக்காமா! வாய் பேச முடியாம! கை கால் இல்லாதவர் இவர்கள் தளபதிய நேசிக்கிறார்கள் அது தான் உண்மையான பாசம்! அன்பு! மாஸ் ஹீரோ எங்க தளபதி அங்க இடம் பிடிச்சிடாரு பாரு இதுவே சிறந்த மணிதற்கான சான்று!,ta
"Today #NeeyaNana Show at Vijay TV.. 

Most Favourite Actor : 

வேற யாரு நம்ம 🙏🙏
😍😍#தளபதிவிஜய் 🤩🤩

சொன்னா புரியாது சொல்லுக்குள்ள அடங்காது
நீங்கெல்லாம் என்மேல வெச்ச பாசம்😘😘
#Bigil #Thalapathy
@IdrishVijay @Itz_Cigarette
@BTP_Offl @allyVJfan @Namakkal_VFC @ItzSivaa pic.twitter.com/GPJ1JRWklO",ta
"அந்த குழந்தை கிட்ட தளபதி மேல வச்சி இருக்குற உண்மையான பாசம்! அன்பு! எல்லாமே தெரியுது

ஏதோ மனசுல ரொம்ப சந்தோசமா இருக்குற மாதிரி இருக்கு அந்த வீடியோ பாத்த பிறகு..!

#Bigil #ThalapathyVijay",ta
"🙏    நம்ப வீட்டுப்பிள்ளை திரைப்படத்திற்கு தமிழ் மக்களின் பாசம் ♥️
#chennaitakkar #Sivakarthikeyan #TamilNadu #tamilmemes #tamil #TamilCinema #NammaVeettuPillai #tamilactress #tamils pic.twitter.com/N3lzipYobT",ta
"ஒரே குரல்ல என்ன பேசணும்?
ஒம்ம வெளில விடணும்ன்னா?
Chance யே இல்ல..

இப்போ என்ன புது பாசம் தமிழ் மேல?",ta
"பணம் தக்க வைத்து
கொள்கிறது பாசம் தள்ளி நின்று வேடிக்கை பார்க்கிறது உறவுகளை..
எல்லாம் சில காலம் தானே..",ta
"எத்தனை நாட்களுக்கு பிறகு பேசினாலும், சிலரிட‌ம் மட்டுமே  அதே ""உரிமை"" குறையாத‌"" பாசம்"" வெளிப்படும்.அப்படிபட்ட உறவு கிடைப்பது எல்லாம் வரமே.",ta
"#பாரம்பரியம் #கலாச்சாரம் #தமிழ்

மனைவி & தாய் #பாசம் ❤️
அசத்தலான #பாடல்கள் 🥁
குடும்பங்கள் கொண்டாடிய #கருப்பன் 💪 

மக்கள் செல்வன் @VijaySethuOffl
#2YrsOfKaruppan 😍🔄
#2YrsOfKaruppan 😍🔄 pic.twitter.com/DPHozJlinD",ta
தங்கச்சி மேல பாசம் உள்ள ஒவ்வொரு அண்ணனுக்கும் பிடிக்கும்  https://twitter.com/michael_vj_1/status/1178129508508913665 …,ta
தாத்தா பேரன் பாசம் சௌமியாக்கெப்படி ?,ta
"பணம் தக்க வைத்து
கொள்கிறது பாசம் தள்ளி நின்று வேடிக்கை பார்க்கிறது உறவுகளை..
எல்லாம் சில காலம் தானே..",ta
"பழகிப்பார் பாசம் தெரியும் 🤙
பகைத்துப்பார் வீரம் புரியும் 😎
#Viswasam For #ThalaAJITH 1Ly💪 pic.twitter.com/17tcjq5puR",ta
பணம் இருந்தா வரும்...பாசம் வச்சா போயிடும்...  https://twitter.com/itz_chillax/status/1178201832054611968 …,ta
"தோழருக்கு தோழிகள் மேல அம்புட்டு
பாசம் இல்ல😒😏😢",ta
என் மீது நீ வைக்கும் பாசம் உண்மையாக இருந்தால் நான் ஏன் உன்னிடம் இருந்து விலகி நிற்க போகிறேன்..,ta
"உன்னால் ஒருவர் கண்ணீர்
சிந்தினால் அது பாவம்.....!

உனக்காக ஒருவர் கண்ணீர்
சிந்தினால் அது பாசம்.....!!

@directorcheran pic.twitter.com/vRxwHrUzy7",ta
"ஒரு அருமையான #COMEBACK கொடுத்த @Siva_Kartikeyan அண்ணனுக்கு வாழ்த்துக்கள்
#பாசமலர் #திருப்பாச்சி அதன் வரிசையில் இன்று #நம்மவீட்டுப்பிள்ளை
வாழ்த்துக்கள் @pandiraj_dir Sir
எப்படிப்பட்ட அண்ணன் தங்கையாக இருந்தாலும் பாசம் ஒன்றுதான் என்று அருமையாக எடுத்துச் சொல்லியிருக்கிறார்கள் 🙏🙏🙏  pic.twitter.com/NsEYAA92j8",ta
எனக்கு சொல்லவே இல்லையே நான் லா பாசம் இல்ல...🚶‍♂️🚶‍♂️,ta
"ஒரு அருமையான #COMEBACK கொடுத்த @Siva_Kartikeyan அண்ணனுக்கு வாழ்த்துக்கள்
#பாசமலர் #திருப்பாச்சி அதன் வரிசையில் இன்று #நம்மவீட்டுப்பிள்ளை
வாழ்த்துக்கள் @pandiraj_dir Sir
எப்படிப்பட்ட அண்ணன் தங்கையாக இருந்தாலும் பாசம் ஒன்றுதான் என்று அருமையாக எடுத்துச் சொல்லியிருக்கிறார்கள் 🙏🙏🙏  pic.twitter.com/15xHpwD0Sl",ta
"காதல் ....
குடும்ப பாசம்....
நண்பர்களின் நினைவு...
ராஜேஷ்குமாரர் கதைகள்...
பாலகுமாரர் கதைகள்...
கல்கியார் கதைகள்....
இதிகாசங்கள்....
.
.
.
இதில் ஏதாவது ஒன்று அ எல்லாமே

-#ஒகையூரான்",ta
"ரொம்ப பெரிய விமர்சனமெல்லாம் இல்ல சார்..!
மாசி கேமராவை பார்த்து பேசலை..!
எங்ககிட்டதான் பேசினான்..!
உஷாவுடன் காதல் உற்சாகமாய்..
மகேஷூடன் பாசம் பரிதவிப்பாய்
மாசி மாசில்லா மாணிக்கம்..
'உஷா கொஞ்சம் உஷாரா இருந்திருக்கணும்..'
'ஆயிரமே  இருந்தாலும் உன் பொண்டாட்டி'
பார்த்திபனின் பளிச்சுகள்",ta
இந்த மாதிரி உண்மையான மக்கள் பாசம் கிடைக்கிறது அபூர்வம் 🥰 #Biggbosstamil #BiggBossTamil3 #பிக்பாஸ்3 #பிக்பாஸ் #TharshanPeoplesChamp #TharshanTheRealWinner pic.twitter.com/hQQC9sMsHV,ta
"#BiggBossTamil3 விளையாட்டாக மட்டும் இருந்தால் நன்றாக இருக்கும் . பந்தம் ,பாசம் ,விட்டுக்கொடுப்பது , நண்பர்கள், காதலர்கள் , அப்பாக்கள் என்று TV  mega serial பேல் இருக்கிறது . 
   இப்படியிருப்பதால் தான் Vijay tv க்கு கெட்ட பெயர் எற்படுகிறது . #Kamal ஏன் கவலைப்பட வேண்டும்",ta
"வனிதா, உண்மையான அன்பு , பாசம் தெரியாத நீ இப்படி தான் கத்துவ , சந்தேகப்படுவ எல்லாரையும்... உன் நிம்மதியிலாத வாழ்க்கைக்கு நீ மட்டும் தான் காரணம்",ta
"வெற்றியின் பக்கம் நீ இல்லை என்றாலும்!!
நீ வென்றவனே தர்ஷன்!!
உனக்கான வெற்றி வெளியே உண்மையாக காத்திருக்கிறது!!
ரசிகர்களின் மனதை புரியும் நேரம்!!
வீட்டிலுள்ளே பொயாக கண்ட பாசம்!! 
கலங்காமல் வெளியே வந்து பார்!!
உனக்கான ஜீவனிகளின் அன்பை!! 
நீ வாழ்வில் தங்கமாக ஜொளிக்க தான்!!",ta
துடிப்பதை ஒரு நொடி நிறுத்தினாலும் மொத்தமாய் முடிந்துவிடும் நம் வாழ்க்கை.. அன்பு பாசம் நேசம் காதல் என அழகானவற்றை சேர்த்து வையுங்கள்.. கோபம் வெறுப்பு பொறாமை பகை இவற்றையெல்லாம்‌ விலக்கிவையுங்கள்.. இதயம் சீராக இருந்தால் நம் வாழ்வும் சீராக நகருமே என்றுமே..,ta
"இனி ஒரு ஜென்மம் வேண்டும் உனக்காக மட்டும் தான் வாழ வேண்டும்.. #காதல் #அன்பு #பாசம்
@rammu24 #கவிதை pic.twitter.com/bHCesZ3Ysd",ta
குழந்தை பாசம்,ta
சரிங்க தம்பி. ஏன்தம்பி நானில்லை உங்கள் மீது பாசம் காட்ட?😢,ta
எத்தனை ஊரு எத்தனை கண்டம் தாண்டி வந்து உயிர் வாழ்ந்து கொண்டிருக்கிறேன் இவ்வளவு நாள் பாசம் காட்டினாது எல்லாம் நடிப்பா கோபால்😮😏  pic.twitter.com/FbqFsGood9,ta
பாசம் வைக்க நேசம் வைக்க தோழன் உண்டு வாழ வைக்க.....,ta
"கடல் வானம் கூட நிறம்                                  மாறக்கூடும........் 
மனம் கொண்ட பாசம் 
என்றும் தடம் மாறிடாது💔💔  pic.twitter.com/ZGl4qj5bcK",ta
பல இரத்த காயங்களை பார்த்து வந்த தர்ஷன் மீது உள்ள பாசம் தான் அண்ணா இது.ஈழ தமிழர்கள் தனி நாடு தான் கிடைக்கவில்லை .தமிழகத்தில் ஒரு இடம்மாச்சு கிடைக்கட்டும்மே.,ta
"தேசம் விட்டு போகும் போதும்
வானம் என்ன நீளம் தான்
பாசம் உள்ள சேலையில் எல்லாம்
தாய் பாலின் வாசம் தான்
பாச முழுகயில் பாசம் இனிக்குதே
ஆத்தா வாசமோ சோத்துல வீசுதே #Yuvan #YuvansMagic #Yuvanism #YuvaninBhodhaiyil #U1forLife #நான்ஒருயுவன்கிறுக்கன் ❤️❤️❤️",ta
கணவனின் மீது பாசம் மற்றும்  சந்தேகம் என்று சொல்லாம் உன்மையான அன்புனும் சொல்லாம்,ta
"உலகம் மாறலாம் உண்மை மாறாது....
 பாசம் மாறலாம் பந்தம் மாறாது....
 காலம் மாறலாம், நாம் நட்பு என்றும் மாறாது😍😍😍😍😍  pic.twitter.com/KD5sHp8IYy",ta
"வெற்றிக்கு தகுதியானவன் நீ 💪
நீ செய்த அனைத்துமே பிடித்தது ஒன்றை தவிர இந்த உலகில் பொய்யாக வராத ஒன்று நட்பு💯
உண்மையாக உன்மேல பாசம் வைத்த ஒருவரை நீ பொய்யான நட்பு என்று சொல்லும்போது நீ தோற்று விட்டாய்👎நட்பை சந்தேக பட்டால் வாழ்க்கையில் தோல்வி நிச்சயம் #UnrivalledKavinArmy pic.twitter.com/vxKhILd23d",ta
"பிறந்த நாள் வாழ்த்துகள் டா  Smart Abu 

மனசு விட்டுப் பேசும் ஒரு சில நண்பர்கள் கிடைப்பது வரம் ! அதும் பள்ளிப்பருவ நட்பு ,  ரெண்டு லஷ்மி கடாச்சமான  குழந்தைகளுக்கு தகப்பன் ஆன பின்பும் அதே பாசம் வைத்துப் பார்க்கும்...  https://www.facebook.com/100001261018018/posts/2678090022243005/ …",ta
"பெற்றோரின் பாசம் வினோத நோயில்
பாதிக்கப்பட்ட தன் பிள்ளைக்காக தாங்களும்
முகத்தில் இப்படி செய்துகொண்டு உள்ளார்கள்...👇👌👌👏👏😘❤️💞  pic.twitter.com/p7XuHHHXf4",ta
"உண்மையான காதலில் அன்பு பாசம் கோபம் சண்டை என எல்லாமே கலந்திருக்கும்✌️

வரையறை அற்ற அன்பே காதல் எனும் உன்னத உணர்வு!!

#தோனுச்சு
#SG",ta
"உன் இதயத்தை ஒருவர் சுக்குநூறாக உடைத்த 
பிறகும், உடைந்த 
துண்டுகளை வைத்து 
மீண்டும் நேசிப்பதற்கு 
பெயர் தான் பாசம்
❤❣❤❣❤❣❤",ta
"சிறந்த கணவனாய் கொண்ட வரை கைவிடாத  என் தலைவர், சிறந்த தலைவனாய் ஒருபோதும் தன்பால் பாசம்  கொண்ட இம்மண்ணை  கைவிடார்  pic.twitter.com/l8CTzbmtoe",ta
"இதயம் ஒரு வினோதமமான சிறை...
ஏனென்றால், இதில்
குற்றம் செய்பவர்கள்
மாட்டிக் கொள்வதில்லை....
பாசம் வைப்பவர்கள் தான்
மாட்டிக் கொள்கிறார்கள்....!

அம்மா..........🙏🙏  pic.twitter.com/oUKlyB2gWD",ta
"பசி, தாகம், தூக்கம் - உடலின் தேவை;
அன்பு, பாசம், நேசம், காதல் - உயிரின் தேவை;
உயிரை தீர்மானிப்பது உடலே;
காதலை தூண்டுவதும் மெல்லிய காமமே",ta
"#NareshMovie
#Thorati 1980களில் இராமநாதபுரம் மாவட்டத்தில் ஆடு வளர்த்து பிழைக்கும் குடும்பத்தின் கதை. கதாநாயகன் @shamanmithru 👍 கதாநாயகி 😍 பிண்ணனி இசை ஒளிப்பதிவு 👍 பாசம் காதல் நட்பு களவு துரோகம் அனைத்து உணர்வுகளையும் இயக்குநர் @MARIMUTHU காட்சிப்படுத்தியிருப்பது சிறப்பு 👏",ta
"அம்மா பாசம் எப்பவுமே இருக்கும்
திடிர்னு எப்படி வரும்",ta
என்ன ஒரு பாசபினைப்பு மிருகங்களிடம் இருக்கும் பாசம் மனிதர்களிடம் இல்லையே,ta
"ஒருவர் மேல் பாசம் அதிகமாகும் போது🥰❤️
பயமும் அதிகமாகிறது.😢

நம்மை விட்டு பிரிந்து சென்று விடுவார்களோ என்று 😔",ta
"அண்ணன், தங்கை பாசம்; கிராமத்து வாழ்க்கை; காதல்; உறவுகள் என அத்தனை அம்சங்களையும் உள்ளடக்கிய கமர்சியல் படம் “நம்ம வீட்டுப் பிள்ளை” #NammaVeettuPillai #NVP @Siva_Kartikeyan @aishu_dil @pandiraj_dir மிக சிறப்பு...😊",ta
இதுக்கு மேல நாம பாசம் காமிச்சா ஒடனே வந்து @iKhajoorTN நெறைய தங்கச்சி வச்சிருக்கான் எப்டி வாழ போரானோன்னு போஸ்ட் போடுவாய்ங்க போயிருவொம்🚶🏻‍♂️🚶🏻‍♂️ pic.twitter.com/XWpmkoHCBW,ta
"எவரும் பேச வேண்டாம் என்னிடத்திலே...

பாசம் பொய்யானது அவளிடத்திலே...!

#என்னவள்
#இசை",ta
என் மீது நீ வைக்கும் பாசம் உண்மையாக இருந்தால் நான் ஏன் உன்னிடம் இருந்து விலகி நிற்க போகிறேன்..,ta
"#ஆசை யார் மீது வேண்டுமானாலும் 
வரலாம் ஆனால் 
#அன்பு_பாசம்_ஏக்கம் 
நமக்காக வாழ்ந்த 
#இருவர்_மீதே
 வரனும் வரும்..
அப்பா அம்மா pic.twitter.com/qqshdN6Cm0",ta
"1/3 பணம் தான் ஒருவரின் மதிப்பு மரியாதையை நிர்ணயிக்கிறது போல...! பணத்திற்காக #நட்பு #பாசம் #காதல் #பொழுதுபோக்கு #தன்மானம் போன்றவற்றை இழந்தும், #துரோகம் #ஜால்ரா #பொறாமை #அடுத்தவரின்உழைப்பைதிருடுதல்   போன்றவற்றை ஆதரித்தும் தான் அந்த பணத்தை சம்பாதிக்க வேண்டுமா.?",ta
"என் தாயை போல
 பாசம் கொள்ள யாரும் இல்லை என்றிருந்தேன்..
உன்னுடன் பழகினேன் 
உணர்ந்தேன் 
என் தாயை உன்னிடத்தில்",ta
"பாசம் 
என்று நினைத்து 
பழகினேன்

பிறகுதான் 
தெரிந்தது 
நீ
என் சுவாசம் என்று.

#என்_காதல்_ராட்சசி 😍💗 pic.twitter.com/R1vJJMlKoS",ta
"நீ எந்த ஊரு.. நான் எந்த ஊரு.. முகவரி தேவை இல்ல.. 😍🔥

ஆடுங்கடா.. என்ன சுத்தி 💥🔥

வாடா.. வாடா.. தோழா 👏🏻🔥

குட்டி புலி கூட்டம் 😎🔥

சொன்னா புரியாது.. சொல்லுக்குள்ள அடங்காது.. நீங்கெல்லாம் என் மேல வெச்ச பாசம் 😎🔥
#தளபதியின் அனைத்துப் பாடல்களும் ❤️🔥 #Bigil 🔥 https://twitter.com/UTF_Fanaticss/status/1179386004769259520 …",ta
"உறவில் பாசம் வைப்பதை
    நிறுத்தாதே...!
பாசம் காட்டுவதை நிறுத்து...!
         இல்லையெனில் புளித்து போய்விடும்...! 

#நிலாதோழி pic.twitter.com/tMERWmuis3",ta
"தேசங்கள்
இதயத்தில்
ஒட்டிருக்கும்
வேளை
விசாரிப்புகள்
வீணே

பாசம்
உள்ளத்தில்
இருக்கும்
போது
பார்வைகள்
பயனில்லை",ta
"🌷 அன்பு இருந்தால் 
கோபம் இருக்கும்

🌷 ஆசை இருந்தால் 
பாசம் இருக்கும்

🌷 நட்பு இருந்தால் 
 மகிழ்ச்சி இருக்கும்

🌷 உரிமை இருக்கும்
இடத்தில் தான் அன்பான தொல்லை
இருக்கும்

🌷 இந்நாள் இனிய நாளாக அமையட்டும்

🌷 இனிய காலை வணக்கங்கள் 🌷ADITI S GOOD MORNING  pic.twitter.com/JbQth4l2rr",ta
"பாசம் தேடி அலைவதில்
பாதி வாழ்க்கை 
தொலைகிறது...

பாசம் வைத்து அழுவதில்
மீதி வாழ்க்கை 
முடிகிறது...

அன்பை உதாசீனம் 
செய்யாதீர்கள்...

அதன் வலி மரணத்தை விட கொடியது....

💔💔💔",ta
"காதல்... அன்பு...ஏக்கம்... பாசம்... பிரிவின் வலி... பரிதவிப்பு... நம்பிக்கை... இவை அனைத்தும் அடங்கி உள்ளது இவளது இந்த காந்த பார்வையில்😍😍 #KaviLiyaMoments 👩‍❤️‍👨 #Kavin 
The love in her soul is shown in her eyes❤️❤️ pic.twitter.com/hFptrJSJZW",ta
"#அசுரன் The real BLOCK BUSTER of this Year 💪 @VetriMaaran @dhanushkraja Marana Mass! வன்முறை, அடக்குமுறை, காதல், சாதி வெறி, நிலம் எங்கள் உரிமை, பாசம், குடும்பம், சுயமரியாதை, தைரியம், புரட்சி, நம்பிக்கை, அமைதி, வல்லான் வகுத்ததே சட்டம், ஒற்றுமை என இத்தனையும் அசுரனுக்குள் அடக்கம்♥  pic.twitter.com/bUNH8elBol",ta
"யார் மீதும் அளவு கடந்த
அன்பு,பாசம்,காதல் வச்சிடாதீங்க
ஒரு நாள் அவர்களால்..... கேவலப்படுத்தப்பட்டு, அவமானப்படுத்தப்பட்டு, 
அசிங்கப்படுத்தப்பட்டு ,
இழிவுபடுத்தப்பட்டு
குப்பையைவிட கேவலமாக
தூக்கியெறியப்படுவீர்கள்
இது சத்தியம் 😪
#வலி pic.twitter.com/nHYgmoJwpu",ta
மீள முடியாத பாசம் ! நீ என்மீது வைக்கும் போது..நான் மீண்டுவந்து எதைத்தான் சாதிக்க போகிறேன்..!வினாக்களுக்கு விடுமுறை கொடுத்து விட்டேன் கனா காணுவோம்.வா என் கண்ணாளனே..விடியும் வரை நட்சத்திர பட்டாளம்  நம் கதை கேட்க்கட்டும்..!!  pic.twitter.com/zTvvV9NUxB,ta
"இந்த பூமியில்

உங்களுக்கு உள்ளது போலவே..
எல்லா உயிரினங்களுக்கும் எல்லா #உரிமையும், #உயிர்_குடும்பம்_பாசம்_வாழும்_இடம் என்று அத்தனையும் உண்டு

#கவனமாக_வாகனத்தை_ஓட்டுங்கள். pic.twitter.com/ws5LdMkjHr",ta
"இதழ் எனும் மலர் கொண்டு
கடிதங்கள் வரைந்தாய்

பதில் நானும் தருமுன்பே
கனவாகி கலைந்தாய்

- தாமரை

#tamilLyrics #tamil #தமிழ்",ta
"மீள முடியாத பாசம் ! 
நீ என்மீது வைக்கும் போது 
நான் மீண்டுவந்து எதைத்தான்
சாதிக்க போகிறேன்..
வினாக்களுக்கு விடுமுறை
கொடுத்து விட்டேன் 
கனா காணுவோம் வா 
என் காதல் ராட்சசியே
விடியும் வரை 
நட்சத்திர பட்டாளம் 
நம் கதை கேட்கட்டும்..!!💕  pic.twitter.com/KnYRHpQJvj",ta
"அவரின் நேர்மை, அன்பு,எதிரியிடம் கூட காட்டும் பாசம் முடியவில்லை என்னால் ,நிச்சயம் ஒரு நாள் அடைந்தே தீருவேன்",ta
"ஆனந்தம்..
மனதின்
ஆழத்தில்
எழும் அலை..!

சோகம்..
இதயத்தின்
ஓரத்தில்
எழும் அலை..!

பாசம்..
உள்ளங்களின்
ஈரங்களில்
எழும் அலை..!

காதல்..
ஆசைகளின்
எண்ணத்தில்
எழும் அலை..!

வெற்றி..
முயற்சியின்
வேகத்தில்
எழும் அலை..!
#முரா pic.twitter.com/PPyojF9Vxe",ta
"*💓#அன்பு..வாங்குவதல்ல* 
*#கொடுப்பது...*

*💕#பாசம் பார்த்து விட்டு செல்வது இல்லை!* 
 *#பகிர்ந்து❣️ #செல்வது...❤️😍😍* 
*#இனிய_இரவு_வணக்கம்....*",ta
"ட்விட்டர் வலைத்தளங்களில் அறிமுகம் இல்லாமல் முகம் பார்க்காமல் அண்ணன் தம்பி பாசம் கிடைக்குறதெல்லாம் பாக்கியம் ப்ரோ.. 
நிரந்தரமான உறவு.. 
அன்பு ஒன்றே போதும் அதை தாண்டி வேற எதையும் எதிர்பார்க்க மாட்டேன்.. 
எல்லாரும் அப்புடித்தான் 👍",ta
"மீசைகார நண்பா உனக்கு ரோஷம் அதிகம்டா....

அதைவிட பாசம் அதிகம்டா....   நாம அடிச்சு மல்லுகட்னதை மறக்கலியே 😍😍😘😘😘❤️❤️❤️  pic.twitter.com/WvaPk5Jlgr",ta
"பிளாஸ்டிக் வண்டியில் படுக்க வைத்ததால் பிள்ளைகளுக்கு பாசம் இல்லாமல் போனது என்று கூறுவது நியாயமற்றது. 
40 வருடத்திற்கு முன் பிளாஸ்டிக் வண்டி எங்கே இருந்தது. அந்த காலகட்டத்திலும் பெற்றோர்கள் அனாதையாக விடப்பட்ட நிகழ்வுகள் பல உள்ளன.",ta
"உன்னிடம் நான் வைத்திருக்கும் பாசம் இந்த உலகத்தில் எவரிடம் நான் வைத்திருப்பேன் என்று எனக்குத் தெரியவில்லை.

கடந்த வாரம் நீ காய்ச்சலில் படுத்தாய்.

மூன்று நாட்கள் நான் உன் அருகிலே விழித்திருந்தேன்.

நீ எப்போது கண் விழிப்பாய் நீ எப்போது சிரிப்பாய் என்று உன் 
உன் காலடியிலேயே",ta
"நிலவிலிருந்து வரும் வெளிச்சம் எனக்கு மட்டும் தான் என்று நினைப்பதும் 

உன் பாசம் எனக்கு மட்டும் தான் என்று நினைப்பதும் 

என் அறியாமையா  இல்லை  அன்பின் அதிக வெளிப்பாடோ 

#feelmylove",ta
"உன் அழகை ரசித்து 
உனக்காக  ஆயிரம் கவிதை எழுதியிருக்கிறேன்.
அதில் ஒன்னு தான் இது. 

ஆனால்  உன்னைப் போல
அழகு இல்ல அறிவு 
இல்ல பாசம் இல்ல டா. 
எதுக்கு எல்லாம் அழகான 
சொந்தக்காரன் நீ. 
உனக்கான கவிதை 
இதுவரை பிறக்கவே 
இல்லை கள்வனே.. 💕🌹
#குட்டிமா pic.twitter.com/0Z97z41yPn",ta
"ஒரு முறை அழுது விடு 
சோகம் குறையும்
ஒரு முறை கத்திவிடு 
கோபம் குறையும்  

ஒரு முறை சிரித்து விடு 
பாரம் குறையும் 
ஒரு முறை விலகி விடு 
பாசம் புரியும் 
#பபி
#இனிய_காலை",ta
"Гэта тое ўражанне, якое вы хочаце, каб мы вынеслі адгэтуль?",be
А вось як тлумачыў сваё рашэнне зрабіцца вайсковым лётчыкам кадэт Томлінсан.,be
"Яны мелі дачыненне да склепа будынка, які першым было прынята рашэнне ператварыць у эксплуатаванае памяшканне.",be
З усіх чатырох кутоў залы падымаліся лесвіцы белага каменю.,be
"Вось шчыра кажучы, шкада, што кожны раз яму выступаць першы перад, калі можна так выказацца, неразагрэтай залай.",be
"Хто, ты лічыш, што кахае яго?",be
"Колькі грошай ты не ведаеш, як зарабіць?",be
"Той факт, што ён не прыйшоў, нічога зменіць.",be
Было пачута яго гісторыю.,be
Колькі грошай ты хочаш зарабіць?,be
"Хто, ты лічыш, кахае яго?",be
"Мабыць, варта змяніць месца сустрэчы вакзал.",be
"Ён убачыў калёсы і зразумеў, што яны зламаныя і пасля папраўленыя.",be
Мяне ніводнага разу ў гэтай хаце не было.,be
У цябе на носе ёсць чарніла.,be
Распачаты працэс яго звароту надламаўся і скончыўся трагічна.,be
"Мяжэнін скончыў чысціць штык, раптам перахапіў мімалётна прыжмураны пагляд сяржанта на верхнім акне хаты.",be
Ніякага судна там не разбівалася.,be
Такая думка не ўзнікае нечакана.,be
Дый як было не ўстаць у час прыходу Меерхольда?,be
Такой думкі не ўзнікае.,be
Івана ніколі не было ў такім тэатры.,be
Распачаты працэс яго звароту надламаўся і спыніўся трагічна.,be
Вельмі патрэбна яму ў чарзе стаяць!,be
"Увесь дзень я блукаў па вуліцах задаволены, узбуджаны, увечары папісаў артыкул і аднёс на тэлеграф.",be
Яе муж — ён вялікі начальнік.,be
"Ён, магчыма, ведае пра гэта?",be
"Я не думаю, надвор’е зменіцца.",be
"Я рады, што заняткаў не будзе.",be
У той момант ён еў трохі булёну.,be
Усю маладосць яна была прыгожая.,be
Хворы з’еў трохі булёну.,be
"Я сцвярджаю, што ніхто не можа асягнуць неабсяжнае.",be
"Я не ведаю, што ідзе дождж.",be
"Памілуй, мне і з роду няма ні году.",be
Ён неадкладна пайшоў.,be
Бацька ніколі не быў у Мінску.,be
Янкі не было за горадам два тыдні.,be
Іван яшчэ не быў у такім тэатры.,be
Тады кіраўнікі NASA таксама спачатку адмаўлялі наяўнасць якіх-небудзь сур’ёзных тэхналагічных праблем.,be
Змен у тэхнічнай палітыцы фірмы яшчэ не пачалося.,be
"Іаан старанна апрануўся і ў суправаджэнні сваёй світы адправіўся за пасланымі, якія ехалі ў вялікім парадку наперадзе.",be
Тады кіраўнікі NASA таксама спачатку адмаўлялі наяўнасць усялякіх сур’ёзных тэхналагічных праблем.,be
"Хто руды, а Вася бландын?",be
Мною чуюцца нейкія гукі.,be
"Нахіліўшыся, каб паглядзець на мора, яго змыла за борт.",be
"Няма нікога без граху, і гэта добра.",be
Мне чуюцца нейкія гукі.,be
"У яго баліць галава, і ён не пайшоў у школу.",be
"Ён на гарышчы сваёй хаты вучыўся страляць з рэвальвера на выпадак, калі страйкоўцы прыйдуць рабаваць.",be
Ад дажджоў да вёскі цяжка дабрацца.,be
Трубы прарвала.,be
"Ён робіць выгляд, што яго хто-небудзь пакрыўдзіў.",be
Толькі б ён хадзіў на працу і сядзеў бы там падоўгу.,be
"Ён выпісвае не толькі мастацкія, але і матэматычныя часопісы.",be
Вася і Маша цалаваліся адно з адным.,be
Любы школьнік можа рашыць гэту задачу.,be
Ты піла лекі?,be
Табе заўтра не будзе туды трапіць.,be
Вася і Маша цалаваліся.,be
Яе задавальняе ў Парыжы.,be
"Я спяшаўся, таму што я збіраўся на вакзал.",be
"Грамадзянка, я за вамі, а пакуль пайду да сябе, каб у праходзе не боўтацца.",be
"Але ён пайшоў, таму што Каця.",be
"Яны рабавалі, забівалі і здзяйснялі злачынствы.",be
Тут людна.,be
"Я не хачу, каб так было.",be
Дзверы дрэнна адчыняюцца.,be
Усе былі задаволены вялікай малайчынай.,be
"Пачуўшы гэта, Міхась неадкладна не пайшоў.",be
Што было галоўным фактарам перамогі Расіі ў Айчыннай вайне 1812 г.?,be
Усялякі малаток знойдзецца.,be
"Пеця руды, а Вася бландын.",be
"Калі ніхто зразумеў, я патлумачу.",be
"Нітка абарвалася, і шар усплыў.",be
Тым часам ці дапамога падаспее.,be
"Нахіліўшыся, каб паглядзець на мора, ён быў змыты за борт.",be
Туды ісці было паблізу.,be
"Я ўспрыняў, што ён мае рацыю.",be
Ён атрымаў поціск рукі.,be
"Фрэнэль прыняў, што пруткасць застаецца нязменнай.",be
"Увогуле ён у пакоі, але цяпер ён выйшаў.",be
"Маці зірнула на кабету, яна была Самойлава.",be
"І сапраўды, так мала робіцца гэтым некаму зла, а сабе столькі ўцех.",be
Я не ўспрыняў вашай прапановы.,be
"Я стаяў каля яго і выпадкова чуў, што ён сказаў.",be
Ён даў мне аплявуху.,be
Яго словы нікога не маглі пераканаць.,be
"І сапраўды, так мала робіцца гэтым каму-небудзь зла, а сабе столькі ўцех.",be
Туды ісці недалёка.,be
Яна не дала яго словам ніякага значэння.,be
З якім напружаннем яна была сведкай гэтай сцэны.,be
Ён даў вельмі нейкі адказ.,be
Я разглядаю землятрус як спосаб зандавання зямной кары.,be
"Алена, якая ніколі не ведала сямейнай утульнасці, прыгрэлася поруч з Нінай Карпаўнай, як бяздомнае кацяня.",be
"У мяне мама на пенсіі, а ў Ніны мама працуе.",be
"За тонкай сцяной намёта, проста каля маёй галавы, пачыналася поле грэчкі.",be
Пагавары ж хоць з кім-небудзь з іх.,be
Увесь дзень я прастаяў ля станка.,be
Я з задавальненнем выпекла пірог.,be
"Хрыстафораў, які з’явіўся ў ложу першым і самотна сядзеў за яе чырвона-аксамітавым бар’ерам, пачуваўся згубленым у велізарным, прыбраным натоўпе.",be
"Я не прызнаю, што я паводзіў сябе непрыстойна.",be
"Усё гэта рабілася не таму, што хто-небудзь жадаў зла Левіну.",be
"Цяжка не ненавідзець таго, хто атруціў табе ўсё жыццё.",be
Дзеці накуплялі добрую кнігу.,be
Апошнія пяць чалавек прыйшлі.,be
Ён аказаўся вельмі кемлівым кім?,be
Сястра Андрэя вельмі прыгожая.,be
"Іван мяркуе, што свая фатаграфія будзе на выставе.",be
"Штораз смешна да іх, калі ён робіць такі твар.",be
Ніводнай травінкі не было прымята.,be
У камандзіра быў звычай самому прымаць усе даклады.,be
"Калі яго не спыніць, ён да раніцы будзе расказваць пра свае подзвігі.",be
"Была ў ёй і сціпласць, і вытанчанасць, і годнасць.",be
"На ўрачыстую выдачу дыпломаў прыйшлі сваякі выпускнікоў, ад кожнага па некалькі чалавек.",be
"З кім ты хочаш, каб я пайшоў?",be
"Ужо не ведаю, чаму я так шмат стала задаваць пытанняў, каб падлавіць цябе.",be
Гэты апошні быў вельмі цяжкім.,be
"Атрымаўшы звесткі, будзе абраны самы спрыяльны момант для нанясення ўдару.",be
"Чырванашчокі твар абражана здрыгануўся, пухнатыя доўгія вусы рвануліся ўгару, ні пасля чаго ліфт спыніўся так рэзка, нібы нехта абсек трос.",be
"Я паказаў гэты тэкст студэнтам, самім абазнаным у эскімоскай мове.",be
"Кліент напісаў мне, што жыве ў Мінску ў Асмалоўцы на вуліцы Кісялёва, але не назваў дакладнага адраса.",be
Бацька паспрабаваў паступіць у інстытут.,be
"Ён не так ужо часта гутарыў у гэтым з сябрамі і ніколі не размаўляў на гэтую тэму з журналістамі, якія бралі ў яго інтэрв’ю.",be
Шмат дзяцей наплавала ў басейне.,be
"Мы сабраліся разам, каб усім разабрацца ў гэтай справе.",be
Матэматыка і прыродазнаўчыя навукі выкладаліся.,be
У брата ёсць грып.,be
"Для каго ты не ведаеш, як здабыць звесткі?",be
"Я хачу, каб яны зайшлі, калі ты схаваешся.",be
"— Ды ў яго гранаты сістэмы, — сказаў ён як мага больш нязмушана і, узлезшы на каня, паскакаў прэч.",be
Ён нарэшце атрымаў нейкія грошы за сваю працу і пайшоў купляць цукар мяхамі.,be
Ён вызначаўся вялікімі здольнасцямі сярод сваіх аднагодкаў.,be
Гэтыя людзі — самі гаспадары свайго лёсу.,be
"Міністр запрасіў журналістку, даць ёй інтэрв’ю.",be
Яны расцягалі трубу па пляцоўцы.,be
"Потым закрыйце словы правага слупка і паспрабуйце ўспомніць іх, чытаючы словы левага слупка.",be
"Я хачу, каб Іван працаваў.",be
Ён нарэшце атрымаў нейкія грошы за сваю працу і пайшоў купляць цукар імі.,be
"Найдалікатнейшы, ружовы па іх раструб маленечкай кветачкі, такой празрыста-лёгкай, амаль бязважкай, струменіў цяжкі цялесны пах нагрэтай сонцам зямлі.",be
Прыехаў дырэктар інстытута член-карэспандэнт ён.,be
Ён захварэў яшчэ ў мінулым месяцы і дагэтуль хварэе.,be
"Кіраўнік абяцаў нам, што ўсім панездаровіцца, калі мы і далей працягнем спазняцца і не выконваць сваіх працоўных абавязкаў.",be
"Мужчына не помніў нічога, што з ім адбывалася ўчора, і ўдакладніў у мяне пра тое, у чым мы гаварылі.",be
У кожнай групе па дзіцяці захварэла.,be
"Іван прылёг, каб адпачыў.",be
"Маё сэрца вылівалася крывёй, калі я бачыў іх аднымі і такімі шчаслівымі.",be
"Студэнтам, самім спецыялістам у эскімоскай мове, не ўдалося разабраць тут ніводнага слова.",be
Ён зацікавіўся гэтымі дзесяццю кіламетрамі.,be
"Роце высветліць становішча, сама не ўступаючы ў бой.",be
Я такіх людзей не паважаю і грэбую.,be
"І няхай у кожнага, хто прыйдзе да вытокаў песняра па душэўнай патрэбе, складзецца добрае, шчаслівае жыццё ўсюды, куды прывядуць яго лёс і сэрца.",be
"Нашы лясы, у якіх ёсць вялікая колькасць корму і сховішчаў, славяцца багатай жывёльнай фаўнай.",be
"У сярэдзіне сакавіка раніцы былі такія ціхія, што ручайкі, здавалася, грымелі, нібы гарыстыя вадаспады.",be
"У такія хвіліны я сам сабе здаюся нейкім складаным і надзвычай чуйным апаратам, які здольны прымаць нават біятокі.",be
Колькі дзён працаваў — і ўсё кату па пяту.,be
"Ты нешта мне гаворыш, і я — табе ў адказ.",be
"Люблю адразу браць быка на рогі, каб лішне не марнаваць часу.",be
Амаль месяц бацька і сын вачэй не паказвалі на вуліцу.,be
"Цяпер хлопцы ўбіваюць сабе ў галаву, што б яшчэ такое прыдумаць.",be
Аб гэтым паведамілі ў прэс-цэнтры Беларускай чыгункі.,be
Яны прыехалі да суседзяў за гасцінцамі.,be
Гэта лепшая выстава аб вайне для моладзі.,be
Па ўлоў — на возера Чачалі.,be
Усяго за пяць кіламетраў ад мяжы прытулілася вёска.,be
У нас з’явілася жаданне аддзячыць яе.,be
Клопат пра пажылых людзей і далей будзе ў ліку прыярытэтаў дзяржавы.,be
"Іншыя паселішчы былі недалёка, у двух кіламетрах.",be
"Зробім так, каб не бегаць у краму па літр малака.",be
Яна аддзякавала сваім гаспадарам.,be
"Не падабалася яму, што жартуюць над аднакласнікам.",be
"Усе яны такія, адным помазам мазаныя.",be
"Сын і яго жонка скубуцца як не штодня, чубяць адзін аднаго.",be
"Там, у кіно, гледзячы на яе, я падумаў, што Таня прыгажэйшая за Аню і што цяпер ужо я іх не зблытаю.",be
Дзед меў два срэбныя медалі за турэцкую вайну.,be
"Яму балюча зашчымела сэрца, уявіўшы разгублены, заплаканы твар Чудакоўскага.",be
"Наяўнасць такога варыянтнага раду — з’ява, заканамерная для нашай мовы.",be
Як гэта будзе слаўна: збяромся і туды махнём.,be
"Сачыненні праводзяцца на матэрыяле самастойных назіранняў ці ўражанняў дзяцей, выкліканых пэўнымі падзеямі.",be
"Каменціраванае чытанне — гэта чытанне вучня або настаўніка, якому папярэднічае гісторыка-літаратурнае тлумачэнне.",be
"Сын і яго жонка скубуцца як не штодня, чубяць адно аднаго.",be
Як бы ўвесь свет яму сышоўся клінам на аўтамабільным механізме.,be
Падобнае здараецца раз на паўстагоддзя.,be
"У перыяд эканамічных і палітычных цяжкасцей сярод насельніцтва назіраецца разгубленасць, калі людзі ў многім адасоблены адно ад аднаго.",be
Калошы з Сашам не падкашам — я расу люблю.,be
"Формы прыметніка вызначаюцца па родзе, ліку і склоне назоўніка, з якім ён звязаны.",be
"Знаёмых, блізкіх пазнаюць па голасе, па адзенні, па паходцы.",be
Падобнае здараецца раз на паўстагоддзе.,be
Пан Вальвацкі зараз жа загадаў парабкам сагнаць з лугу кармянецкіх кароў.,be
"Сотні наведвальнікаў з вялікай цікавасцю знаёміліся з жывапіснымі палотнамі, у якіх з асобнай сілай і пранікнёнасцю адчувалася радасць жыцця.",be
Пан Вальвацкі зараз жа загадаў парабкам сагнаць з лугу кармянецкія каровы.,be
"Большасць твораў прадэманстравала нам папулярны сярод цяперашніх пачаткоўцаў падыход да паэзіі, калі натхненне саступае цвярозаму разліку.",be
"Прыступаючы да вывучэння сінтаксісу, неабходна паўтарыць ужо вывучаны матэрыял і замацаваць веды вучняў пра галоўнае і залежнае слова ў словазлучэнні.",be
"Абстрэльваемая з берага лодка, праўда, была ўжо далёка.",be
"Гаворка ідзе пра асабістыя Паўлінкіны рэчы, якія яна павінна прыхапіць перад уцёкамі.",be
Цётчыны рукі дрыжалі.,be
"Думкі лёталі ва ўсе бакі, што косы пражэктару.",be
Многа клопату і ўвагі ўдзяляюць члены бацькоўскага камітэта арганізацыі дзіцячых свят.,be
"Пад’язджаючы да станцыі, у мяне знік партфель.",be
"Аб гэтым вы можаце прачытаць у матэрыялах нашага карэспандэнта, які з’явіцца ў суботнім выпуску газеты.",be
"Чытаючы другую частку рамана, адразу раскрываецца сэнс эпіграфа.",be
"У маёй сяброўкі стройная, прыгожая фігура і прывабны твар.",be
Пажар агнём не тушаць.,be
"Сакавітая, мілагучная беларуская мова больш гадзіны гучала з вуснаў вядучай.",be
"Пад’язджаючы да станцыі, я згубіў партфель.",be
Пры прыёме на працу прад’яўляюцца пашпарт ды ваенны білет.,be
"Так, рыхтуючыся да экскурсіі, праходзілі дні.",be
Купаюцца дрэвы ў сонечных промнях.,be
"Субяседніца не вытрымала і спыталася, што вы хочаце ад мяне.",be
"Гутарковы стыль мае свае асаблівасці, куды адносяцца непаўната выказвання, ужыванне выклічнікаў, варыянтнасць у вымаўленні.",be
Задуменна стаялі пры дарозе два старыя дубы.,be
У апошні час разлік за здадзеную прадукцыю праводзіцца не пазней як праз пятнаццаць дзён.,be
"Гэта кніга вучыць нас добрасумленнасці, бескарыслівасці і паважаць людзей працы.",be
На сустрэчу былі запрошаны беларускія і польскія пісьменнікі.,be
"Вершы прасякнуты шчырай павагай да селяніна, у іх расказваецца пра цяжкую, але такую неабходную вясковую працу.",be
Брат пасадзіў каліну разам з дзядулем.,be
"Ежа павінна быць смачнай, каларыйнай і прыгожа аформленай.",be
"Дарослыя, дзеці і жывёлы радаваліся вясенняму сонейку.",be
Як вы вучыцеся?,be
Рыхтуйся да восень ранняй вясна.,be
"Стаіць задача развіваць інфраструктуру, каб узровень гандлёвага абслугоўвання, грамадскага харчавання, паслуг пошты быў не ніжэйшым за сярэднеабласны паказчык.",be
"Міхась быў зачараваны тым, якія змены адбыліся ў прыродзе і зімовай прыгажосцю.",be
Падчас абмеркавання пытання пабудовы аўтобуснага прыпынку было зроблена многа крытычных заўваг і ўнесена многа канструктыўных прапаноў.,be
"Стаіць задача развіваць інфраструктуру, каб узровень гандлёвага абслугоўвання, грамадскага харчавання, паслуг пошты быў не ніжэй сярэднеабласнога паказчыка.",be
"Я гляджу на яго спакойны твар і кажу, што вы шчаслівы чалавек.",be
"Удзельнікі выставы стваралі творы адмыслова для гэтай экспазіцыі, у кантакце з зададзеным гарадскім прасторай.",be
"Брытанскі ўрад прыняў шэраг непапулярных актаў, апратэставаных самакіраванне калоній.",be
"Аднак як на ўсходзе, так і на захадзе горада тэрарысты аказвалі разлютаваныя супраціў.",be
Неабходна сумеснае абмеркаванне такіх намеры нашых партнёраў.,be
У нас музычная сям’я.,be
"Мы пачалі размаўляць, і яго вельмі гэтаму факту здзівілася.",be
У сваёй літаратурнай дзейнасці ён спалучаў рысы раману і апавядання.,be
"Частка археолагаў схіляецца да думкі, што вадаём з’яўляўся сховішчам прэснай вады ў засушлівыя гады.",be
Нарэшце сярод лета распачаўся ямачны рамонту.,be
"Такія маркі ў гашаным выглядзе, і асабліва на лістах, вельмі рэдкія.",be
"Новую партыю было прызначана для прыцягнення больш шырокай грамадскасці, але гэтага не адбылося.",be
Пачаты работы па стварэнні першага айчыннага сіласаўборачных камбайна.,be
Шчыт увянчаны залатой іспанскай каралеўскай каронай.,be
"Над гатычным порцікам размешчаны вялікі гадзіннік, але ён ненадзейны.",be
"Маўляў, у пытанні свабоды трэба быць паслядоўным.",be
Дзверы была зачыненая знутры.,be
Ён захапляецца бегам і спартыўным турызмам.,be
Мамы дзяўчынкі ў той вечар з малодшымі дзецьмі гасцявала ў сваякоў у іншым горадзе.,be
"Крысціян быў кансерватарам, якія неахвотна ішоў на парламенцкія рэформы.",be
Такая арыентацыя і абумовіла планавання раёна.,be
Для пашырэння выдавецкай дзейнасці яму патрабаваўся ўласны дом з памяшканнямі для друкарні і рэдакцыі.,be
Яе гарады былі важным цэнтрамі гандлю муслінам і шоўкам.,be
Ліза гуляе на піяніна і складае вершы.,be
Дыск атрымаў добрыя водгукі крытыкаў у многіх прафесійныя музычныя выданнях па ўсім свеце.,be
Тады можна выключыць першыя некалькі складнікаў пагрэшнасці.,be
"У далейшым такая канструкцыя катла стала прымяняцца на ўсіх паравозах, якія выпускаліся.",be
Пахаваны фамільных могілках у маёнтку.,be
"Іх агульнай цікавасцю была музыка, і яны вырашылі запісаць сумесны трэк.",be
Калі пабудуюць новы інтэрнат у студэнцкім гарадку?,be
Там у бізнэс-цэнтры дыпламат будзе арандаваць офіс.,be
"А патрэбна доўгатэрміновая парадак дня, дарожная карта.",be
"Гэта жыхар інтэрнату, які не называе свайго імя.",be
Чайнікі могуць быць электрычныя альбо прыстасаваныя да выкарыстання на пліце.,be
Таксама разглядаецца варыянты стварэння сваёй сістэмы аплаты і карыстання магнітнымі карткамі.,be
Палітыка адміністратара выклікала рэзкі супраціў вернікаў і святароў.,be
Вынікі даследаванняў атмасферным электрычнасцю выкарыстоўваюцца пры даследаваннях радыеактыўных руд.,be
"Акрамя пошуку чалавекападобных істотаў, даследчыкі назапасілі цэлы масіў звестак пра выкапнёвую фаўну гэтых месцаў.",be
"Утварае солі, большасць з якіх растваральныя ў вадзе.",be
Дываны прынеслі гэтым вёскам сусветную вядомасць і сёння захоўваюцца ў многіх музеях і калекцыях.,be
Чакаюць прыёму ў спецыяліста можна больш за месяц.,be
Сетка тунэляў дазваляла партызанам скрытна наносіць удары па амерыканскіх войсках.,be
"Асноўнымі таварамі для абмену з’яўляліся бісер і пацеркі, што вырабляліся з ракавін малюскаў.",be
Ёсць тут магілы польскіх і чэхаславацкай жаўнераў.,be
Мы адкрытыя да новая музыкі.,be
Ён стараўся не ўмешвацца ў палітычную жыццё і не выходзіць за межы сваіх паўнамоцтваў.,be
Назва атрымаў ад найбліжэйшай затопленай вёскі.,be
З гэтага часу ён гуляў вельмі нязначную ролю ў палітыцы.,be
З усіх іншых буйных котак цяжка размнажаюцца ў няволі.,be
"Бюргеры гістарычна з’яўляюцца прыхільнікамі хрысціянства, шмат хрысціян і сярод іншых народаў.",be
"Тут таксама збіраюцца прыхільнікі яго творчасці, ладзяцца літаратурныя і паэтычныя вечары.",be
"Кветкі светла-жоўтага колеру, з яркай аранжавай плямай на на ніжняй губе.",be
"Гэта было адна павярховы драўляны будынак з двума аднолькавымі верандамі, кожная з двумя калонамі.",be
"Аднак, палічыўшы інфармацыю не занадта важнай, падрабязнае вывучэнне з глыбінным апусканнем ажыццяўляць не сталі.",be
Месцам ажыццяўлення гандлю з’яўляецца рынак.,be
Прыкветкі карацейшыя за кветкі ці роўныя ім.,be
Аднак ніякай істотнай ролі камітэт не згуляў.,be
Аднак праз нейкі час яе мацярынскі інстынкт прыводзіць да адчайных спроб вярнуць дзіцятка.,be
"Акрамя таго, было павялічана выява шчыта.",be
"Лінія ўключае ў сябе футболкі, талстоўкі і рамяні.",be
"Адукацыйна-прафесійная праграма падрыхтоўкі магістра ўключае глыбока фундаментальную, гуманітарную, сацыяльна-эканамічную, псіхолага-педагагічную, спецыяльную і навукова-практычную падрыхтоўку.",be
"Натуральна, цяжкія танкі былі параўнальна нешматлікія.",be
На лбе і пярэдняй частцы шыі маюцца светла-карычневыя плямы.,be
"Адукацыйна-прафесійная праграма падрыхтоўкі магістра ўключае фундаментальную гуманітарную, сацыяльна-эканамічную, псіхолага-педагагічную, спецыяльную і навукова-практычную падрыхтоўку.",be
"Дадзеная расліна вылучае цяпло, якое растоплівае зімой снег вакол яе, што дазваляе яму выжыць.",be
Пачынаецца на заходзе сонца ў пятніцу і працягваецца да захаду сонца наступнага дня.,be
Але на справе многія з іх былі хворымі і параненымі.,be
Гэта тлумачылася цікавасцю мексіканскіх здабытчыкаў металаў да радовішчаў на землях тубыльцаў.,be
"У выпадку парашкоў надзейных метадаў, якія даюць высокую ступень узнаўляльнасці, пакуль не распрацавана.",be
Навуковы сацыялізм вывучае грамадства на аснове матэрыялістычнае разуменне дыялектычнага развіцця гісторыі чалавецтва.,be
"Былы партнёр распавёў, як дрэнна ў замагільным жыцці даводзіцца прагным і бессардэчным людзям.",be
"Воцатная і малочная кіслаты, кухонная соль выкарыстоўваюцца цягам тысячагоддзяў.",be
"Станам на сённяшні дзень парк цалкам забудаваны, захаваліся толькі адзінкавыя дрэвы.",be
"Кветка або зусім не мае прыкветкаў, або з вельмі маленькім прыкветкам.",be
Пасяджэння праводзяцца не радзей за адзін раз на квартал.,be
"Рэльеф раўнінны, на захад мяжуе з лесам.",be
@EeOneGuy вчера ты сказал завтра! #YouTubeRewind,ru
"Развода на деньги нет Наблюдаюсь в Лайфклиник по беременности, развода на деньги нет, врачи не плохие, по поводу ресепшен соглашусь (путают документы).",ru
"Отель выбрали потому что рядом со стадионом. Отель 4*. Номер большой. Кровать 2-спальная одна. 2 одеяла. Много подушек. Есть зона отдыха. Чайный сет. 2 бутылки по 0,5 л бесплатно каждый день. Много шкафов. Мини-бар. Утюг и гладильная доска, отдельно прибор для глажки брюк. Санузел общий большой. Ванна, лейка съемная. 2 раковины, фен. Халаты, тапочки. Расширенный пакет косметических средств, даже соль для ванны. Интернет быстрый. Так как этаж высокий был, вид из окна на город. Один недостаток в номере 919: он напротив хозлифта и с утра начинает пользоваться им персонал для обслуживания завтрака на 9 этаже. Очень слышно звон посуды и разговоры. Завтрак не включен, стоит 23 евро. Рядом с отелем есть кафе и subway.",ru
"Вылечили Гноился с рождения глазик, в поликлинике назначили лечение, не помогло сходили сюда вылечили (офтальмолог Боброва - очень понравилась, все рассказала показала несколько раз как, что правильно делать), также от них приходила массажистка Ольга очень внимательная, профессионал своего дела. Спасибо.",ru
"Хорошее расположение.С вокзала дошли пешком.Ночью очень тихо,хотя центр рядом.Наш номер был в башне.Размер комнаты минимальный,практически как кровать.Такая же ванная,вернее душ.Более,чем скромно.Не особо чисто.Зато дивный вид из окна и хорошее бельё.Завтрак для 4 звёзд очень скромный.Бесплатный wi-fi тормозит.Соотношение цена-качество не в пользу отеля.Цена в два раза ниже будет более адекватной.",ru
"Отличное месторасположение,прекрасный вид,особенно из ресторана.Мы жили в номере с балконом и видом на Ая Софию на верхнем этаже.Номера очень чистые,небольшие,но уютные,есть все необходимое.Персонал-очень приветливый и внимательный.Завтрак-большой ассартимент холодных и горячих закусок.Останавливались уже второй раз в нем.Днем-с 4 до5 в качестве комплимента от отеля-чай со сладостями в холле.Нареканий нет.Соотношение цена-качество очень хорошее.За местоположение 5 с ++",ru
"Номера очень комфортные. Их чистота на высоком уровне. Есть даже кофемашина с капсулами Nespresso. Отличный бассейн и сауна. Кстати, такого большого по-размеру бассейна мы ни в одном отеле не встречали. Хотим пожелать скорейшего завершения реновации отеля.Из минусов: Заселение в этом отеле в 15.00. Мы приехали в 16.30, но наш номер ещё не был готов, и нас попросили подождать 1 час и скоротать время в баре, выдав по талончику на человека на бесплатный напиток. Но, так как с нами был ребёнок, мы провели время ожидания в зоопарке, благо он находится совсем рядом!Кстати, очень опасная и неудобная парковка (особенно зона въезда и выезда)! И дело даже не в том, что водитель должен быть профессионалом, самое главное, иметь маленький автомобиль, ведь судя по стенам и углам парковки, выехать целыми и невредимыми удалось совсем не многим!",ru
Не было. Это пиздеш ТСа.,ru
"Отель расположен очень удобно - практически центр города, рядом большая пересадочная станция - и метро, и электрички в аэропорт. Хотя, по этой же причине вокруг немного шумновато. Зато цены для Парижа вполне адекватные, при том, что гостиница очень приличная.",ru
"Спасибо , Palmira! Останавливаюсь не первый раз! Отличный отель! Прекрасные чистые номера со всем необходимым (халаты,тапочки, зубные щётки, чайник и чашки ). Хороший спа. Бесплатный трансфер до метро каждые 30 минут. Хороший завтрак. Всем рекомендую! Фото номеров на сайте соответствуют реальности.",ru
"Обочина - часть дороги. Такие дела. Про выезд на проезжую часть немного другое. Но, учитывая, что суд, даже верховный, первый раз обвинил обочечника не так давно, пока правы те, кто едут прямо, а тем более, если это велосипедисты с мопедистами.",ru
"Благодарность доктору Давыдовой Татьяне Игоревне Здравствуйте. Хочу поблагодарить доктора Давыдову Татьяну Игоревну. У меня с детства были очень кривые зубы, по этому поводу всегда было много комплексов. В школе начала носить пластинки, но, к сожалению, эффект был нулевой. Консультировалась у нескольких ортодонтов, вердикт был один - удаление четырёх «четвёрок». Очень жаль было расставаться со здоровыми зубами, и я смирилась… Пока на работе не появилась новая коллега с брекетами. Она мне и посоветовала обратиться к Татьяне Игоревне. Я пришла на консультацию, мне тут же сделали панорамный снимок. И ответ: лечение на брекетах без удаления зубов! Моей радости не было предела. Прошло уже 1,5 года, и вчера мне сняли брекеты. Очень довольны результатом я и мои близкие. Большое Вам спасибо!",ru
"Слова благодарности 15.12.2015 г. Лечащий врач Грачев И. И. По окончанию лечения говорю слова благодарности за то, что помогли мне справиться с моей болячкой. Теперь могу опять жить полной жизнью! Огромное спасибо! С уважением, Севостьянов Алексей Александрович.",ru
Очень вкусно готовят и цены приемлемые !  Отзывчивый персонал !!!! Безумно приятная обстановка !!! Так держать !!!! )),ru
"До качественной медицины нам далеко Пробовала прикрепиться по беременности к этой чудной ЖК. Прописка - Москва, муж прописан на ул. Попова (участок Костюк). В регистратуре регистратор отвечает на вопросы по настроению. Может ответить точно и по делу, а может нахамить и мягко говоря - послать. Прикрепиться ни с первого, ни со второго раза не удалось, т. к. заведующая данным леч. учреждением постоянно (со слов регистратора) на совещаниях по род. домам. Так, что не факт, что женщины пришедшие в ее приемные часы, застанут Татьяну Алексеевну на месте, больно занят человек. Есть у нее зам, но он принимает ее полномочия только при уходе заведующей в отпуск. Случайно наш разговор с регистратором услышал предполагаемый участковый врач - Костюк, та подтвердила, что встать на учет по беременности и прикрепиться можно только через ЗАВЕДУЮЩУЮ. Так что, мне сказали, приходите на следующей неделе, и ловите нашу Татьяну Алексеевну. Ну хорошо, что хоть поинтересовались, нет ли у меня в данный момент критической ситуации (острые боли, кровотечения и т. д., связи с чем сделали вывод - могу подождать еще коли уж ждала до этого 2 с лишним месяца, + взять спальный мешок и ждать у кабинета заведующую). Кстати, плоховато и слабовато оснащение - на прием со своим гинекологическим набором, купленным в аптеке (стоит около 70 руб.). Есть информация, что многие, или почти все анализы платны, развод на платные услуги, выписывание врачами определенных лекарств в ""подшефной"" аптеке. Еще производится запись на анализ на определение группы крови. Но видимо, много чего я еще не знаю, а то, что уже знаю - не самое страшное.",ru
"Отдыхали с мамой с 1.01.2018 по 6.01.2018. Очень чистые номера, безупречная работа клининговой службы. Приветливый персонал, всегда готовы помочь и ответить на вопросы. Очень качественные продукты на завтраках, домашняя свежайшая выпечка - настоящий турецкий завтрак. Весь отель пропитан атмосферой Турции, в лобби маленький музей. У отель богатая история, которую можно узнать по фотографиям. Потрясающий вид с террасы ресторана, одна часть на море, а другая на Султан Ахмет и Софию. В пешей доступности весь исторический центр. Был выбор между Хилтоном и этим отелем. Не пожалели. Когда решим еще раз поехать в Стамбул, обязательно остановимся в этом отеле.",ru
"Огромное спасибо хочу сказать Огромное спасибо хочу сказать Горбушину Сергею Александровичу! Была у него на приеме, очень понравилось. Делает все очень аккуратно и совсем не больно. К такому врачу хочется приходить и приходить.",ru
"Большое спасибо Лазаревой Ольге Владимировне Хочу выразить огромную благодарность Лазаревой Ольге Владимировне за ее компетентность, человечность и понимание. Сейчас редко встретишь специалистов, которые добродушно и психологически грамотно ведут прием, что не замечаешь проведенного в кабинете времени, чувствуешь себя расслабленно и уходишь с ответами на все вопросы. Никогда не видела Ольгу Владимировну в дурном настроении, озлобленной или негативной настроенной, как большинство специалистов. Всегда доходчиво объясняет, внимательно относится к переживаниям и всегда с юморком. Прекрасный врач и человек!",ru
"Роды прошли легко Полностью согласна с Ириной. Лежать в патологии там однозначно можно. Чисто, отношение отличное, есть все лекарства, начиная от пустырника и заканчивая дорогостоящими, например актовегин. Ходить и сидеть в очередях нигде не надо, все принесут в палату - и еду, и уколы, и давление мерить. Там можно действительно ЛЕЖАТЬ, т. е. не вставать, и уход будет обеспечен. А вот рожать в этом роддоме это уже под большим вопросом. Разрез промежности делают ВСЕМ. Я сомневаюсь, что 100% рожениц имеют показания к разрезу промежности. Со мной в послеродовом лежала девочка после экстренного кесарева, у нее ребенок не вошел в родовые пути после 8 часов схваток. Так у неё тоже была разрезана промежность. Заранее! Ну и что детки отдельно - это тоже большой минус. Я родила второго сына в августе 2005 г. Роды прошли легко, но тоже порезали и очень сильно. Денег никому не платила, да и не требовал никто.",ru
"Отель нам понравился. Мы отдыхали вдвоем. Хотелось тихого, спокойного, романтичного. Все это было. Плюсы: шикарный вид на море, собственный пляж, всегда свободные шезлонги, отличный ресторан, ежедневная уборка в номерах, персонал неплохо говорил по-английски. Минусы: море (в августе Мармара настолько цветет, что мы смогли поплавать за 10 дней раза 3), в бассейне можно плавать только в шапочках. Из 5 поставила бы твердую 4 и только из-за моря. Отдельное спасибо прекрасной официантке по имени Теа! Удивительная женщина, очень гостеприимная и отзывчивая, она неплохо говорила по-русски и очень часто нам помогала по любым вопросам.",ru
"Хороший отель, 3 бассейна, отличное вид с балкона, шведский стол на завтрак, большие номера с балконом, холодильником и чайником) Данный отель вызывает только хорошие воспоминания! Мало русских, много китайцев и немцев, рядом есть 2 продуктовых магазина.",ru
"Без каких-либо изысков. При бронировании лучше указать в стоимости вай-фай, т.к. с вай-фаем в Берлине беда-печаль: есть он разве что в Старбаксе. Отель находится не в центре, но до центра бодро бегают трамваи. На трамвай лучше садиться с ближней остановки сразу за стоянкой.В номерах чисто, за отдельную плату есть вода в номере, телевидение тоже. В целом - отель хорош, чтобы переночевать, а в остальное время шариться по городу.",ru
"Хотим от себя поблагодарить директора ресторана и весь персонал обслуживающий ресторан !  Мы уже довольно давно ходим к Вам , можно сказать , как в гости , т. к у Вас очень уютно , качественная еда ( причем даже очень качественная ) и что еще больше радует - демократичные цены ( причем более чем демократичные ) , нам есть с чем сравнить и даже по сравнению с суши барами в центре города , которые очень испортились за последнее время , и для того чтобы вкусно поесть нужно переплачивать за "" интерьер "" или название заведения .  Так что мы благодарим Вас за прекрасное заведение !!! Так держать , мы обязательно будем продолжать ходить к Вам и рекомендовать нашим знакомым , как хорошее и проверенное место !  З. Ы. : Нам осталось 75 рублей до 10 % скидки , что не может не радовать ! =)",ru
"Опять хамство Врачи-эндокринологи - неприступная крепость, которую ко всему перекрывает руководство управления здравоохранения. Не раз приходилось за нал. выписывать инсулины, а теперь еще новость - в кабинете 20 пригрозили, что не будут подписывать рецепты без дневника учета сахаров, а вот вопрос, кто дал нам тест-полоски для измерения сахара. Одним словом, врачебный беспредел.",ru
"Неквалифицированные Терапевт из этой поликлиники поставил диагноз - ангина. Назначила пенициллиновый антибиотик. Лучше не становилось в течение 5 дней. Тогда она увеличила дозу антибиотика, хотя симптоматика только ухудшалась - белый налет в горле, лимфоузлы размером с куриное яйцо. Еще через 2 дня меня увезли в больницу на Скорой, практически в бессознательном состоянии. Оказалось, что это никакая не ангина, а мононуклеоз, при котором пенициллиновые антибиотики назначать категорически противопоказано, а тем более в такой лошадиной дозе.",ru
"Отличный результат Моя мама в октябре была в санатории в Гелнджике. Приехала туда с болью в колене, которая периодически ее мучает осенью. Врач в санатории назначила кучу уколов и таблеток. Маме 74 года, к таблеткам относится отрицательно, отказалась от такого лечения. Пошла в центр Бубновского. Как пенсионеру ей предоставили ощутимую скидку. Первый же сеанс снял боль с колена. МРТ ничего серьезного не показало (она у меня крепкая бабулька). Врачи центра восхищались ею. Составили специально для нее комплекс упражнений для профилактики проблем со спиной и суставами. Очень хорошо к ней относились и она осталась довольна. Теперь уговаривает меня обратиться к ним. Скорее всего я так и сделаю.",ru
"Советую присмотреться к ценам Цены ОЧЕНЬ высокие! Сравните с озерками! Да в первой помощи на 30-50% все дороже: например, покупала эспумизан сироп для грудного ребенка осенью он в районе 400 руб., в озерках - 292 руб.! От насморка гомеопатическое масло туи туя-ГФ называется 360 или 390 стоило точную не помню, в озерках-262 руб.! Да на 50% дороже! Больше туда не хожу - аптека для людей, у кого деньги карман оттягивают! И Вам советую при смотреться к ценам этой аптеки!",ru
"Впечатления просто ужасные Только вернулась из этого роддома. Лежала там на сохранении, в отделении гинекологии. Нахожусь от роддома, в шоке. Лежала 2 недели, за это время, состояние только ухудшилось. Положили с токсикозом, убежала оттуда с жуткой угрозой выкидыша. Врачи не лечат, мед. сестры даже капельницу нормально поставить не могут. Лежала с женщиной, которой вечером сказали, что у нее процесс пошел и ночью будет выкидыш, ее положили к нам в палату и подключили к аппарату, она всю ночь на наших глазах мучилась, звала мед. сестру, просила помощи, бестолку, даже от аппарата не отключили. К утру, у нее случился выкидыш, на 4 месяцах беременности и ее забрали на чистку. Также в палату положили женщину с инфекцией, вывели ее за дверь, сообщили о ее инфекции и сказали, ничего, никому не рассказывать. В общем, впечатления просто ужасные!",ru
"Останавливались на Ката Ной на одну ночь перед выходом на морскую прогулку из Чалонга.Возможно, не успели прочувствовать атмосферу пляжа Ката Ной и отеля.Во-первых, было очень неприятно обнаружить ложь сотрудников службы приема о наличии определенных категорий номеров. По наличию ориентировались на информацию, переданную отелем на Букинг.ком, но информация была искаженной. Нас интересовал семейный номер, наличие которого подтверждалось онлайн брокером, но в отеле были свободны номера только категории Делюкс в дальнем корпусе (самые непрезентабельные).В номере:1) Запах затхлости и сырости;2) Грязно (пол под софой был не мыт очень и очень давно, с жуткими пятнами от какой-то еды и следами ржавчины);3) Старая мебель из покрашеного ОСД (странно для 5* отеля);4) Шумный кондиционер;5) Неприятный запах от подушек.Сам курорт Ката Ной так же оставил неприятное впечатление - вдоль дорог сильный запах канализации. Он также ощущается, когда находишься в кафе ((Север Пхукета, а точнее Лагуна, оставил более приятное впечатление.",ru
"а то что он не пытался завладеть ее имуществом, существенно?",ru
"Спасибо маммологу Надеждиной Алле Геннадьевне Ребенку было 12 дней. Покраснела грудь, температура 39. Посоветовали врача Надеждину А. Г. ОЧЕНЬ ВНИМАТЕЛЬНЫЙ И ВЫСОКОПРОФИЛЬНЫЙ врач. Все выяснила, сделала УЗИ и расцеживала около часа. Назначила лечение. Сейчас малышу 2 мес., кормлю без проблем. Спасибо большое Алле Геннадьевне.",ru
"Очень нравился ресторан , довольно часто там бывал – считал одним из лучших узбекских ресторанов .  В субботу приехал с женой пообедать – и разочаровался .  В зале никто не встретил сели сами , подошли принесли меню , оно обновилось .  Подождали минут 10 пока снова подошла официантка , сделали заказ .  Привычный чай в чайнике принесли еще минут через десять , дальше салат цезарь ( согласен странный выбор для узбекского ресторана , так что оценивать не буду ) , салат Ош ( маленькая горка овощей в кефире , вкус никакой ) , Айран ( в винном бокале со льдом и трубочкой , удивило , да и на вкус никакой ) , тарелка зелени ( Букет зелени , как это в Наврузе называется , просто стыдно – укроп , петрушка , лист салата – И все ! , просто жесть за 120 рублей ) шашлык из ягнятины в баклажане ( ну начнем , что ягнятиной и не пахнет , баран умер почетным стариком , баклажан пережарен откровенно ) , шашлык из ягнятины простой ( опять же баранина , плюс две реальные жвачки из 5 кусков – ужас ) .  Аджику забыли принести , напоминал .  Раньше была классическая острая , теперь баклажанную икру напоминает .  Лепешка единственное светлое пятно за обед .  Как вывод кухня здорово испортилась .  Персонал в зал не смотрит , шашлык несли минут сорок ( правда в меню так и написано ) , посуду со стола не убирали , сами тарелки на столе разные .  Жалко но для меня это место теперь закрыто .",ru
"Отель нормальный, особенно порадовала цена) Номера чистые, просторные, с удобными кроватями. Бесплатный вай-фай хоть и не очень уверенно, но все же дотягивал до номера. Минусы - в стандартном номере нет холодильника. Расположение не самое удачное - рядом ни супермаркета, ни ресторана нормального, только пара палаток с шаурмой. До трамвая пешком тоже надо пройтись, остановка не прямо у дверей. В принципе, на пару дней нормально, если дольше, лучше выбрать другой район.",ru
"Отель Axel Hotel находится в 3 минутах ходьбы от ст. метро Университет и в 7 минутах от ""квартала раздора"", где собрались архитектурные творения лучших зодчих Барселоны (Гауди, Пуч-и-Кадафалк). Месторасположение очень удобное для пешеходных прогулок и поездок на метро. У нас был двухместный номер, с большой душевой кабиной, отдельным туалетом, большой стойкой с полками, на которой мы разложили свои вещи. В номере есть столик для работы с компьютером, много розеток, и отдельная подсветка различных частей номера (душа, туалета, прихожей).В номере 2 окна: первое из прихожей - выходит на большой внутренний двор, второе окно находится в номере - выходит на противоположную стену отеля (стена тоже с окнами), поэтому оно всегда закрыто большой и тёмной шторой, это немного непривычно.  Номер убирали ежедневно, меняли полотенца, добавляли гигиенические принадлежности, убирали мусор. В шкафчике лежал фен.Наш номер находился на 5 этаже, в отеле есть удобный лифт.Утром - завтрак-шведский стол: омлет, сосиски, мясная нарезка, сыр. Много сладких булочек. Из овощей, к сожалению, были только томаты, которые быстро разбирались.Чай-кофе-соки и достаточно арбуза, дыни и ананаса. Работники рецепции вежливы, объясняют на английском и испанском. Мы в день отъезда оставляли в камере хранения отеля чемоданы, что удобно. И из отеля заказывали такси. Не знаю, был ли платный Wi-Fi в номере, но каналы ТВ были платными. Мы возвращались поздно и сил ни на интернет, ни на телевидение не хватало.В номере есть сейф и холодильник.На 1 этаже отеля был бар с музыкой, но т.к. мы жили на 5 этаже, то шума не слышали. Отель оставил хорошее мнение о себе, рекомендуем его другим!",ru
"В очередной раз откушали в этом заведении и снова все понравилось .  Спасибо коллективу за душевность , оперативность и вкусность блюд .",ru
"Приезжал в командировку, отель понравился, замечательное обслуживание, внимательные девочки на ресепшн, В номерах очень чисто, уютно. Завтрак - обыный шведский стол, но все вполне на уровне. Когда еще приеду обязательно остановлюсь в этом отеле.",ru
"Детская поликлиника Хочу выразить огромную благодарность врачу-педиатру детской поликлиники Соловьевой Ольге Анатольевне и ее помощнице - медицинской сестре Шнаревой Марине Викторовне. Спасибо Вам за вашу доброту, сердечность и чуткое отношение к нашим детям. Несмотря на то, что территориально моя семья относится к другому участку, именно эти люди неоднократно шли навстречу и оказывали помощь. Спасибо!",ru
"Благодарность 18-му участку Более 15-ти лет наблюдаемся на этом участке. Огромное спасибо мед. сестре Ирине Григорьевне, врачу Ширинёвой В. В. и её достойной смене - врачу Мосоловой Л. А. Замечательное, доброе отношение. И хотелось бы отметить весь коллектив п-ки. Мы довольны, спасибо. А, что касается очередей, так ведь население то, прибавилось.",ru
"Так вот, значит, про ЛуАЗ. Пишу ""от нечего делать"", ибо достоинства его и так все знают, а про недостатки принято молчать т.к. достоинства перекрывают (для понимающих).Купил я комфортную иномарку, а живу в не то чтоб в деревне, но сельской местности. Иногда рыбак и не охотник (который с ружжом). Радовался комфортной иномарке, но перманентный ремонт-стройка требовали наличия авто для хозяйственных нужд. О ЛуАЗе и не думал. Москвичи смотрел, копейки-шестерки всякие. На сего зверюгу попал случайно, и загорелся, и зачесалось... Купил, пригнал, сбил столб своего забора, ибо тормозов не было. С тормозами, кстати, загадочные вещи происходят, (все причастные подтвеждают) пропадают без видимых причин постоянно. Но тут причины были видимые и всё благополучно было отремонтировано.Ремонтировано за три года было много, но никогда не возникало у меня мысли продать его. Экспуатирую своего зверя нещадно. Вожу сколько влезет, плюс прицеп. Грязь, снег и прочие непогоды мне стали в радость! Внедорожник в правильном смысле этого слова! Да трясёт, да гремит, да мощности движка не всегда хватает, да холодно зимой, а летом жарко! НО! ДА ПРОЕДЕТ! И этим всё сказано. А может не только этим. Кто купил ЛуАЗ подтвердит, наверное. Прикипаешь к нему что-ли. Радости от владения сим чудом техники - вагон, мож я больной на голову, но оно так. Особенности конструкции позволяют применять инженерную фантазию (если она есть) ко всему. Кстати, ближайший родственник луцкого монстра по конструкции, амерский Хаммер, который HMMWV M998 (High Mobility Multipurpose Wheeled Vehicle).Советы тем, кто собирается брать ЛуАЗ:",ru
"Я довольна работой поликлиники Спасибо врачу Олофинской и всем работникам поликлиники! Я довольна работой специалистов, работой регистратуры! Всегда ответят на интересующие меня вопросы. Спасибо Вам всем.",ru
"Очень приятное место , небольшое кафе с грузинской кухней , очень вкусно и сытно , домашнее вино и сациви супер ! чувствуешь , что тебе рады , хорошее место посидеть небольшой компанией или вдвоем .",ru
"Не могла не оставить комментарий о Jumeirah Beach Hotel.Это потрясающий отель,с великолепным видом на Персидский залив.Ты просыпаешься,идешь на балкон,а море приветствует тебя своим раскошным, лазурно-голубым цветом.Иногда оно тихое и смиренное,а иногда,шум его раскошных волн напоминает нам,о его игривом настроении:))О!Это так прекрасно порезвиться в его волнах!!  Все очень понравилась!Отдых был просто потрясный!!Впечатления найлучшие!Отель замечательный,уборка дважды в день.Персонал отеля-просто молодцы!Еда превосходная!Все,что заказывается в номер,подается без задержки и на высшем уровне.А морееееееее!!!Что тут говорить,надо просто там побывать:))Дубай неописуемо красив!При первой же возможности,посетим снова.",ru
"Выслушают и посоветуют Круглосуточно работает это большой плюс, ассортимент неплохой, продавцы внимательно выслушают и посоветуют то, что надо, это очень нравится.",ru
"Вкусные завтраки! Большой плюс, что тренажерный зал работает круглосуточно. Очень понравилась косметика в спа, теперь хочу купить такую. Спа-зона разделена на мужскую и женскую. С бассейном было бы идеально. Отзывчивый персонал. Пожелания при заселении были учтены. Все понравилось!",ru
"Услуга врача того стоила Я преподаватель по профессии, не редко беспокоит горло. Никак не могла найти нормального Лора, но наткнулась как то в интернете в онклиник, сайт понравился, решила обратиться. Вроде все ничего, адекватный персонал не старается сразу избавиться от тебя, в видно, что заинтересованы в решении проблемы клиента, хотя цены не низкие как мы все этого всегда хотим, но услуга врача того стоило. Теперь стабильно обращаюсь в этот центр, плюс еще в том, что у них своя лаборатория.",ru
"Поликлиника для детей В новой поликлинике для детишек просто замечательные условия. Все сделано правильно для удобства и лечения деток. По сравнению с той поликлиникой которая была раньше, ни в какое сравнение не идет. Новая поликлиника красивая, наличие игровой комнаты для детей, тепло и уютно, комфортные диванчики и кулер с водичкой есть, а у врачей новая форма очень красивая и с собственным логотипом больницы. В общем спасибо всем кто позаботился о наших детях и создал такие условия. Еще бы хотелось, чтобы и для взрослых людей (для взрослой поликлиники) создали комфортные условия.",ru
"12 января    Учредитель ТОО ""Бузгул Аурум"" Бахытжан Кенжебаев использовал в личных целях полученные от ЕНПФ пять миллиардов тенге. Об этом говорится в ответе КНБ на официальный запрос.  Как известно, сейчас правоохранительные органы расследуют сделку с участием ЕНПФ и ТОО ""Бузгул Аурум"". В ее рамках Единый накопительный пенсионный фонд приобрел облигации золотодобывающей компании со ставкой в 19 процентов годовых за счет собственных средств. Сделка вызвала сомнения у руководства Нацбанка, вследствие чего представители финансового регулятора обратились в правоохранительные органы. В ЕНПФ, в свою очередь, поясняли, что в инвестиционном портфеле пенсионных активов нет ценных бумаг ТОО ""Бузгул Аурум"".  Комментируя сделку, в КНБ заявили, что при принятии решения о покупке 500 тысяч облигаций этой компании не было учтено ранее выданное департаментом управления рисками АО ""ЕНПФ"" заключение, в котором рекомендовано воздержаться от инвестирования в связи с наличием высоких кредитных и проектных рисков.  ""По имеющимся данным, указанная сделка заключена под влиянием председателя правления АО ""ЕНПФ"" Руслана Ерденаева, который, будучи руководителем инвестиционного комитета АО ""ЕНПФ"", оказывал воздействие на подчиненных в целях скорейшего вынесения положительного решения по вопросу о приобретении фондом купонных облигаций ТОО ""Бузгул Аурум"". При этом начальник управления финансовых рисков департамента управления рисками Муса Бахтов незаконно составил повторное заключение по сделке, в котором указано об отсутствии возможных рисков для фонда при приобретении облигаций ТОО ""Бузгул Аурум. В свою очередь, директор ТОО ""Бузгул Аурум"" Азат Найзагарин подписал и предоставил ряд фиктивных документов в процессе размещения облигаций указанного ТОО на Казахстанской фондовой бирже и приобретения их АО ""ЕНПФ"", - прокомментировали в КНБ.  В ведомстве резюмировали, что таким образом ""путем заключения вышеуказанной сделки между АО ""ЕНПФ"" и ТОО ""Бузгул Аурум"" было совершено хищение средств фонда, являющегося учреждением со 100-процентным участием государства, на сумму в пять миллиардов тенге"".  ""Кроме того, Кенжебаев Б.С, являясь единственным учредителем ТОО ""Бузгул Аурум"", незаконно использовал в личных целях полученные от размещения облигаций и находящиеся на депозитном счете указанного ТОО денежные средства в размере пяти миллиардов тенге вопреки их целевому назначению"", - говорится в ответе КНБ.  Напомним, ранее сообщалось о том, что алматинский городской суд оставил без удовлетворения жалобы на постановление о мере пресечения председателю правления АО ""ЕНПФ"" Руслану Ерденаеву, начальнику управления финансовых рисков департамента управления рисками АО ""ЕНПФ"" Мусе Бахтову, председателю наблюдательного совета АО ""АлатауМунайАлтын"", а также учредителю ТОО ""Бузгул Аурум"" Бахытжану Кенжебаеву, директору ТОО ""Бузгул Аурум"" Азату Найзагарину.  ""Суд даже не принял залог подозреваемых в общей сумме пять миллиардов тенге"", - заявлял ранее адвокат Кенжебаева и Найзагарина Галым Нурпеисов.  Содержание под стражей на два месяца было санкционировано алмалинским районным судом. Органами досудебного расследования Руслан Ерденаев и другие подозреваются в совершении умышленного тяжкого уголовного правонарушения против собственности. Им предъявлено обвинение по статье 189, части 4 пункта 2 УК РК ""Присвоение или растрата вверенного чужого имущества"".  Ранее адвокаты фигурантов по делу ЕНПФ прокомментировали задержание и арест своих подзащитных.",ru
"Заместитель начальника Управления здравоохранения Актюбинской области Алмат Ермагамбетов, который дал 20 тысяч долларов, чтобы устроить дочь в Назарбаев университет, уволен с места работы. Об этом местному изданию «Диапазон» сообщил глава областного управления здравоохранения Асет Калиев.   «Он увольняется по решение дисциплинарного совета», — сообщил глава облздрава.   Ранее сообщалось, что Ермагамбетов также «заплатил» и за поступление младшей дочери в Назарбаев интеллектуальную школу. Чиновник написал заявление в полицию, где указал, что Ботагоз Биекенова, взяв у него деньги, не выполнила обещание. По этому делу будет суд. Отдавший деньги чиновник проходит потерпевшим.   Издание отмечают, что пользователи Сети возмущены тем, что чиновника не привлекают за дачу взятки. 40-летний Ермагамбетов был заместителем начальника управления здравоохранения. Он курировал вопросы строительства, госзакупок, в том числе приобретение медикаментов. С 2012 года Ермагамбетов — член партии «Нур Отан». С 2006 по 2009 год он был главным специалистом отдела по мобилизационной работе. С 2009 по 2014 руководил отделом госзакупок лекарств и других товаров и услуг. С 31 января 2014 года по ноябрь 2016 года был заместителем главы областного управления здравоохранения.",ru
"Неуважение к маленьким пациентам Здравствуйте. При посещении детей на дому у педиатров нет бахил, просят пакеты на ноги, блокнота для записи приема, нет шпателей, мы до сих пор просим ложечку, самое противное, что эти пакеты-бахилы грязные снимают и бросают в коридоре квартиры. Большая просьба обеспечить свой персонал бахилами, бумагой, шпателями. Для того, чтобы записаться к специалистам, нужно отстоять огромную очередь к педиатру, особенно когда трое и более детей.",ru
"У меня тоже доча в отцовскую породу, никакого теста ДНК не нужно чтобы понять. Одна из самых частых фраз, когда муж говорит, что хочет его сделать)",ru
"Рога и копыта Серагем - это Мавроди наших дней, продающий супер кушетку - массажёр.",ru
"В Восточно-Казахстанской области машинисту поезда удалось избежать столкновения с лавиной, сошедшей на железнодорожные пути  сообщает АО «КТЖ-Грузовые перевозки».   © arnapress.kz Лавина высотой 4 и длиной 6 метров сошла 26 ноября на 58 километре перегона Огневка-Ермаковка железной дороги Серебрянка  Защита. В это время грузовой поезд с 52 вагонами двигался в направлении Усть-Камеоногорска. Машинист Георгий Рудой, заметив на путях снежный обвал, успел применить экстренное торможение и тем самым избежал столкновения. К месту происшествия прибыла специальная путевая снегоочистительная машина, которая полностью расчистила железнодорожное полотно. После четырехчасовой вынужденной задержки состав продолжил движение по маршруту. Восточно-Казахстанская область является одной из наиболее лавиноопасных на территории РК. Здесь выявлено 466 лавиносбросов  отмечает Комитет по ЧС МВД РК. Локомотивные бригады, осуществляющие движение в лавиноопасных районах Восточного Казахстана, предупреждены об угрозе схода лавин и возможности столкновения. Им рекомендовано соблюдать особую осторожность на опасных участках железной дороги и незамедлительно реагировать на ЧС.",ru
"Компания Кайрата Сатыбалдыулы Alatau Capital Invest (ACI) приобрела 3,4% акций ведущего оператора связи Республики Казахстан — АО «Казахтелеком». Об этом сообщает «Капитал» со ссылкой на пресс-службу ACI. В рамках стратегии диверсификации своего инвестиционного портфеля AIC выкупила 413 316 тысяч акций Казахтелекома. Общая сумма сделки составила 5,8 млрд тенге. Компания по привлечению инвестиций Alatau Capital Invest создана Кайратом Сатыбалдыулы в начале 2016 года. Первым шагом в работе казахстанской инвестиционной компании стало подписание меморандума о сотрудничестве с «Бэринг Восток». В настоящее время Кайрат Сатыбалдыулы владеет 30%-ной долей в холдинге АО «Kaspi». Он является акционером холдинга совместно с «Бэринг Восток», Вячеславом Кимом и Михаилом Ломтадзе. В апреле 2016 Alatau CapitalInvest подписала с AllurGroup меморандум о привлечении инвестиций и стратегическом партнерстве в рамках развития Национального казахстанского автомобильного кластера в Костанае. Первый инвестиционный транш ACI в рамках заключенного меморандума составил 3,8 млрд тенге.",ru
Благодарим за сына Благодарим за сына Дёмина Сергея Игоревича! От всей души сердечно благодарим!,ru
"Детский стоматолог У детского стоматолога были в Экстродент, врач Дмитриева. Хороший и грамотный специалист. Так приятно смотреть как она работает с детьми. Аккуратно, обходительно посмотрела зубки, рассказала нам как правильно ухаживать за уходом. Мы остались довольны посещением стоматологии, планируем посещать ее в дальнейшем.",ru
"Жалоба Полное безразличие со стороны врача, наблюдалась у нее всю беременность. Самые плохие впечатления. Сейчас уже думаю, что надо было попросить поменять врача, нервов было бы потрачено меньше. Ни одного раза Мотчаная не приняла меня вовремя, постоянные очереди по часу! Если говорила, что устала и плохо себя чувствую клала в больницу, больничных я так и не видела. Витамины которые положены по закону она не давала, говорила: а, что ты сама не можешь купить, что ли? Про молочную кухню для беременных я вообще молчу! Мотчаная могла заболеть и никого не предупредить, соответственно - сидишь и ждешь ее под дверью, приходишь в регистратуру а они даже и не знают, что она заболела! Короче одни нарекания и жалобы у меня к этому специалисту. Отправилась я когда в роддом она даже не поинтересовалась и не позвонила, ни разу! Но есть в этой консультации врач которая внимательная, приветливая и очень понятно и доходчиво может все объяснить и я от нее в восторге это Фисун Е. Большое ей спасибо! Она молодец!",ru
"1) отель действительно находится у центрального вокзала, что очень удобно,если вы добираетесь из Шоненфильда. К слову, такси из аэропорта обойдется в 40-45 евро, а экспресс за то же время в 3,22 евро 2) отель новый и мебель, ковровые покрытия и сан техника свежие и современные 3) обслуживающий персонал доброжелательный и внимательный 4) до Рейхстага неспешным шагом 7 минут 5) на берегу Шпрее стоят лежаки и кафе, где можно приятно попить пиво 6) в отеле действительно вкусные завтраки 7) все стерильно чисто, расстилают постель на ночь, что, собственно, является единственным показателем 5* 8) в целом, впечатления положительные, негатива как такового нет1) это не 5*, а твердая четверка 4-ка 2) халатов и тапочек нет ,что совершенно странно 3) в минибаре только б /а напитки, что не критично, но тоже не соответствует 5* 4) полотенца за 3 ночи меняли 1 раз, что тоже не говорит о том, что отель соответствует 5*, но что вполне соответствует немецкому менталитету 5) хаузкипинг врывался несколько раз рано утром и после обеда, предварительно не дождавшись ответа 6) завтраки, если они не включены в стоимость номера, неоправданно дорогие (25 евро /человек), за эти же деньги на двоих можно позавтракать на Фридрихштрассе 7) wi-fi на 2 этаже очень и очень медленный. Если вам нужно работать во время поездки -это будет почти невозможно. 8) общественный wi-fi в городе работает куда лучше, чем заявленный скоростной wi-fi в отеле 9) в целом, это новый бизнес район, который не отражает истинного Берлина и если вы хотите почувствовать всю аутентику города, нужно выбирать другой район.",ru
"Казахстан по богатству своих недр минеральными ресурсами и их разнообразию входит в группу мировых лидеров. На территории государства добываются: нефть, природный газ, уголь, различные цветные и не цветные, а также редкие металлы, соль. Чтобы восполнить минерально-сырьевую базу, госбюджет выделил на поиск новых запасов твёрдых полезных ископаемых 39,6 миллиарда тенге за пять лет. В результате прогнозные ресурсы/запасы выглядят так: При этом отмечается, что Казахстан отстаёт от передовых стран по вложениям в геологоразведку более чем в 20 раз. Заниматься разведкой залежей и их добычей за счёт иностранных инвестиций для Казахстана практика, надо сказать, привычная: за последние 10 лет приток инвестиций в страну составил 231,5 млрд долларов, при этом больше половины этих денег были направлены в горнорудный и нефтегазовый секторы. Однако этого, как отмечается, недостаточно для экономического роста Казахстана – необходимы инвестиции для открытия новых месторождений, обеспечивающих восполнение минерально-сырьевой базы. ""Для привлечения инвестиций в геологоразведку в будущем мы должны иметь возможность конкурировать на инвестиционном рынке, создавать необходимые привлекательные условия. Для этого мы активно сотрудничаем с ОЭСР (Организация экономического сотрудничества и развития. - Ред.), проводим соответствующие исследования и планируем вступить в отраслевой комитет. Анализ ОЭСР выявил наиболее острые проблемные зоны, на которых необходимо сконцентрироваться. Это проблемы с законодательной основной нормативно-правовой базой, качеством и доступностью геологической информации и другие. Исполнение рекомендаций ОЭСР и принятие Кодекса ""О недрах и недропользовании"" позволит улучшить инвестиционную привлекательность Казахстана"", – отметил министр по инвестициям и развитию РК Женис Касымбек, выступая на заседании Правительства. Для решения этих вопросов планируется сделать следующее: Кодекс ""О недрах и недропользовании"" – документ, который разрабатывается по поручению Президента. Концептуальным нововведением Кодекса является применение принципа, основанного на австрийской методике ""Первый пришёл – первый получил"". Согласно этому механизму, Казахстан будет поделён на небольшие блоки. Получить право на проведение работ на свободном блоке может любой инвестор после подачи заявки, которая в случае отсутствия других претендентов будет удовлетворена в течение нескольких дней. Если в первые дни с момента подачи заявки кто-то другой также проявит интерес к данному блоку, спор будет решаться путем аукциона. ""Мы начали внедрение данного метода в пилотном режиме вокруг города Степногорска, где на относительно небольшом участке в 100 квадратных километров уже заключено 18 контрактов"", - проинформировал глава профильного ведомства. Сроки предоставления права недропользования намерены сократить с 18 месяцев до 3 дней. Кроме того, планируется обеспечить свободный доступ к геологической информации. Проект Кодекса, который содержит эти нормы, члены Правительства готовятся презентовать в Парламенте в июне 2017 года, а ввести его в действие хотят с начала 2018 года. Согласно утверждённой концепции, принятие Кодекса обеспечит: Геологоразведка проводится в 4 стадии: I стадия – региональные; II – поисковые, III – поисково-оценочные и IV – разведочные работы; Региональные работы обеспечивают фундаментальные исследования и выявление площадей в тысячи квадратных километров для постановки поисковых работ. Поисковые позволяют выявить прогнозные ресурсы и сократить площади исследований до сотен квадратных километров. Поисково-оценочные позволяют предварительно оценить ресурсы и запасы. Разведочные способствуют утверждению запасов для передачи в промышленную отработку. Финансирование разведки из бюджета на начальных этапах – обязательное условие для увеличения частных инвестиций в сырьевой сектор, считают в Министерстве по инвестициям и развитию, а вот на дальнейших этапах, как показывает мировой опыт, лучше всего привлекать инвесторов. ""Мы считаем, что государство должно инвестировать в первые 2 вида работ – это региональные и поисковые. Может быть, частично – в поисково-оценочные, которые составляют всего 10% в целом от геологоразведочных затрат. При этом дальше уже в разведочные работы и частично в поисково-оценочные мы должны привлекать инвесторов – крупные компании, транснациональные компании. Ранее принималась программа по геологии – предполагалось, что ежегодное финансирование будет составлять около 30 миллиардов тенге. Сегодня финансирование в 4-5 раз меньше"", - пояснил Женис Касымбек. Ознакомившись с докладом, премьер-министр возражать против предложенных инициатив не стал, однако напомнил о неудачном опыте с Земельным кодексом и, чтобы ничего подобного не повторилось, рекомендовал ещё раз внимательно изучить вопрос. Дополнительные средства, в виде иностранных инвестиций, планируется использовать для внедрения новых технологий. Это позволит проводить разведку на глубине свыше 500 метров, поскольку практически все запасы на легкодоступной глубине уже вовлечены в отработку. Во многих регионах, как отмечается, изучение глубоких залежей не проводилось вообще. Кроме того, стоит вопрос о создании Национального научного совета по геологии с включением в него экспертов геологической направленности.",ru
"по немецки все очень чисто комфортно. недавно сделан ремонт, но нет ни запахов ничего чтобы напоминало о ремонте. очень тихо удобно все организовано с транпортом, отличное месторасположение. цена относительно нормальная. высокий сервис. все очень понравилось",ru
Хочу поблагодарить сотрудников Спасибо всем сотрудникам 2 гинекологического отделения за профессионализм и доброжелательность!,ru
"Сам отель не лишен шарма и с виду довольно уютный, но в нем слишком много подводных камней и неприятных сюрпризов, но, давайте обо всем по порядку. Во-первых, расположение не слишком удачное, далековато от достопримечательностей, а если вам нужен будет трамвай, вам неплохо было бы научиться ходить в горку градусов эдак под сорок - сорок. Следующее - мебель в номерах довольно потрепанная, я жил в 206 номере, который когда-то был довольно неплохим номером, но вонь из ванной комнаты пробирала до тошноты и нужно было следить, чтобы дверь туда была все время закрыта. И везде пятна - мебель, пол, коврики, обои. Стена, разделяющая номер с ванной комнатой была вообще без обоев. Скорее всего сверху подтопили и клеить заново не стали. Отдельного слова заслуживает сама ванная комната - восстановленная сантехника с туго работающими кранами, крохотная ванная, в которой невозможно даже сидеть! И необычайная грязь! Черная липкая грязь! Это просто жуть какая-то. плюс к этому потрепанные полотенца. Ну и гвоздь программы - питание. Сама столовая находится в подвале, а кухня - это комната рядом, размером примерно на 6 кв. метров. Кто там работает - не понять, все ходят в обычной одежде, ни поваров, ни официантов нет. Обстановка на кухне спартанская. Завтраки необычайно скудны, но это ещё не все. Вас например могут травануть и довольно крепко, как например меня, за то, что я много съел. Это сделал старый турок на кухне, который сразу меня вычислил и зорко следил за моей тарелкой, чтобы отнять ее, как только она освободится. Непростительная оплошность - я попросил слишком большой омлет, т.к. я не ем мяса. Ну мне его и сделали, только на следующий завтрак я уже не пришел, полтора суток я боролся за свою жизнь в номере и если бы не святая вода, я думаю, что все закончилось бы очень печально. Когда я заикнулся о своём отравлении дневному портье, а весь персонал отеля ходит в такой одежде, как и на кухне, будто все они заглянули на огонек спросить который час. И вот этот портье набрал воздуха в лёгкие и начал горомогласно вещать на повышенных тонах, что мол весь отель ел и ничего, а вы понимаете ли, отравились! Выслушать меня никто так и не захотел, хотя я сильно и не настаивал. Больше всего меня опечалило то, что на Tripadisor отзывы были самые хорошие, и собственно поэтому я выбрал именно этот отель. Домой я улетел с больным желудком и испорченным настроением.",ru
"Всем привет. Хотела бы поделиться своим отзывом об отдыхе в этом отеле. Останавливались в нем в 2012 и 2017, и тогда и сейчас все на отличном уровне. Приехали в отель в 12, заселили сразу же. Дали номер на 4 этаже (409 номер), номер очень комфортный. Завтраки однообразные, но выбор хороший. Обслуживающий персонал (говорит и на русском)приветливый. В номере убирались идеально(за благодарность в 5 лир) номер блестел) Хорошие и отзывчивые женщины убирались. Людей не много (иранцы, казахи, узбеки, русские), все тихие, спокойные и семейные. Вообщем всем советую этот отель. Не пожалеете.",ru
"Останавливались в гостинице ""Москва"" на три дня в сентябре 2016 года во время экскурсионной поездки в Питер. Гостиница представляет собой бесконечный конвейер из прибывающих/убывающих иностранных туристов и экскурсионных групп. В целом пребыванием остались довольны. Персонал гостиницы вполне доброжелательный и старается исполнить все имеющиеся просьбы клиентов. Нас заселили в достаточно хороший номер с видом на Неву, с нормальной мебелью, новой сантехникой, а также ежедневной уборкой и сменой полотенец. Длинные коридоры не напрягали, т.к. пройти лишние 30-50 метров кроме пользы ничего не принесет. Когда в гостинице много постояльцев процесс приема пищи на завтраке превращается в гонку с препятствиями. Надо успеть занять место за столом, отстоять очередь чтобы наполнить тарелки и проследить чтобы эти тарелки раньше времени не убрали со стола. Хочется отметить удачное расположение гостиницы в центре города рядом с метро и торговым центом а также наличие внутри хороших ресторанов (понравился ""Пиворама"") по вполне доступным ценам. Рекомендую.",ru
"Поход к офтальмологу Пошла к офтальмологу подобрать новые очки и получить рецепт, да и проверить глаза заодно полностью. Пришла заранее. В итоге меня не приняли в назначенное время, промариновали в коридоре полчаса. Посмотрели глаза, написали кучу всего в карте, с осмотром глазного дна отправили на завтра - типа это очень долго и т. д. Как я поняла, смена заканчивается. - А рецепт? - А рецепт завтра, после осмотра. Ну ладно. Пришла, приняли вовремя, закапали глаза, осмотрели. - А рецепт? - А как я вам буду с расширенным зрачком очки подбирать? - Мне третий раз приходить? В итоге выписали мне рецепт ""на отшибись"". Они, видимо, со страховой компании получают деньги за каждый прием. Конечно, очки подбирать придется в другом месте. 2 дня потеряла, но хоть глаза проверила.",ru
"нету у русских их газа, он есть у ооо газпром. ну и так далее. это совок и говно в головах  Ну сейчас такое же про Чечню например говорят  да бля все москвичи. не знаю насколько они коренные.   Да, все дрочат на Москву, но москвичей ненавидят  Невероятная хуета конечно  это хуевая точка зрения  ))  От сюда и ненависть, что думают хуево  А в Киеве такое не практикуется??) ( я с ознакомительной целью спрашиваю, а не ехидничаю)А если честно, будучи сама москвичкой очень ревностно отношусь к понаехавшим, которые живя и работая в Москве, начинают пиздеть о том, что мол москвичи падлы зажрались и прочее... На хуя тогда приехал сюда?сидел бы в своем любимом городе и не жужжал.Тут, Денечка, нет разницы Москва или нет, тут бесит отношение приезжих, которые живут и грязью поливают одновременно.А во. О царь и бог- это к Питеру, более высокомерных людей в этом плане я не видела нигде..они вот как раз на всех остальных смотрят как на говно, ну а хули? Культурная столица Россеюшки!  нипачиму, потому что их не знаю и не уверен, что они вообще существуют )  Ога  Да-да, ежики плакали но всё равно грызли кактус.  И таки да, уровень зряплаты в мск и регионах РФ имеет двукратную разницу в пользу мск.",ru
"Ожидали от отеля худшего. Расположен удобно, до рынка 2 минуты, до пляжа 5,до громадного тц 20,до Бангла роад тоже минут 20. Персонал приветливый и отзывчивый. Есть вай-фай на ресепшене. Убирают номер каждый день , дают пляжные полотенца, есть чайник и холодильник,кондиционер . На балконе можно курить. Да стара я мебель, в душе плесень, иногда приходят муравьи, но нас не кусали. Завтраки сносные,всегда можно поесть ананасы и арбуз, яичницу, курочку с овощами, тосты, попить кофе. В целом жить можно, учитывая,что путевки у нас вышли очень дешевые.",ru
")  Знаю наверняка, что объект сдан в этом году, шлагбаумов как раз ждали  Я тоже могу подтвердить, что уже в прошлом году бетонных блоков точно не было, и все спокойно ездили. Видимо просто шлагбаум поставили.  Всю жизнь его односторонним помню, зачем таким сделали - мне кажется, из-за узости и извилистости.  У нас пол страны с такими узкими двухсторонними дорогами. там полноценные 2 полосы и изгиб один, и тот не требующий снижения скорости и каких-то маневров особых. единственное нехорошее место - пересечение с Нагорной - там мост с поворотом, из-за которого могут быть проблемы.  Там переезд используется в качестве оборотного тупика: с территории выезжает состав, переводится стрелка, затем состав заезжает обратно на территорию на другой путь.",ru
"Я очень рада Я очень рада, что могу пользоваться таким уникальным продуктом! Моя жизнь изменилась в лучшую сторону!",ru
"Не рекомендую Янакова Хатуна Георгиевна При обращении по ДМС в клинике на 1905 года, врач осмотрела мои два зуба и сказала, что они покрываются страховкой. Один вылечили, лечить второй пошла в клинику на Шаболовской к врачу Янакова Хатуна Георгиевна, она же при осмотре сказала, что мой случай не покрывается страховкой и лечение обойдется мне в 7 500 руб. Отказалась и не стала делать.",ru
"Владельцем данному отеля является русский - Александр. Всегда доброжелательный, готов подсказать, рассказать и помочь по различным вопросам. Отель удобно расположен вблизи торговой улицы,а также рядом остановка, с которой уходят автобусы на аэропорт. Расположен в центре, удобно добираться до достопримечательностей и магазинов. Нареканий к номерам нет, всё работало, было чисто, убирались вовремя. Завтрак обычный.",ru
"Результаты анализов Перед приемом у уролога-андролога нужно было сдать анализ — спермограмму. По положительным отзывам пошли с мужем 12.09.13г. в КДЛ по адресу г. Астрахань ул Татищева 2к3. В очереди было несколько человек оформляли долго. Медперсоонал (две девушки) ходили и смеялись над мужчиной, который был в процедурном кабинете (сдавал анализ) «как он там долго», «не умер ли он там?», «может ему помочь?»-все это происходило на глазах мужчин ожидающих своей очереди. Я считаю это не этично и не допустимо. Для мужчин такой анализ своего рода стресс. Администратор одновременно с оформлением наших документов ругалась по сотовому с сыном. В итоге анализ сдали, но даже через три дня смс о готовности не пришло. Нам никто не звонил и не предупреждал о технических или иных моментах. Позвонила сама, но внятно причину объяснить не смогли. На следующий день вразумительного ответа не добилась. говорили «может у врача вопросы», «не волнуйтесь, даже если анализ не делали все храниться в спец контейнерах, ничего не испортиться». Как можно после этого верить результатам???На следующее утро поехала в лабораторию (смс пришло тоже утром)-результат анализа ужасный! (Хотя сдавали после лечения и по всем правилам). Меня убеждали-он 100% «анализ правильный хоть и плохой, потом будет лучше». Пересдали в другой лаборатории результат был готов в тот же день. показатели нормальные. В общем, просто так потратили деньги, время и нервы. Никому не советую туда ходить!",ru
Очень хороший отель отличное качество сервиса и отличная еда! номер был достаточно просторен с отличным видом из окна на море и на пляжную линию!Рядом много мест и ресторанов которые можно посетить когда нечем заняться))Качество Хилтон и сервис как всегда на высшем уровне,ru
"Администраторы Звонила 25 октября с целью узнать есть ли прием у педиатра. Ответила по телефону администратор Ольга, сказала, что на сегодня нет записи и после того, как я спросила, а не может ли врач принять без записи, так как у ребенка температура под 40 второй день (сбивается и опять поднимается), на, что я сразу услышала: ""А как Вы себе это представляете? Врач, что должна бросить других пациентов и осматривать вас?"" Честно сказать, я просто обалдела, потому, что знаю (были не один раз), что у врача всегда остается свободное время, администратору всего лишь нужно было спросить у самого педиатра. И после того как я сказала, что можем подойти и в конце рабочего дня, тут понеслось еще хуже, мол, ""здесь все такие, все нужно срочно и чтобы просто послушали и т. д. и т. п."", даже не хочу вспоминать поток ее слов. И тут же возникает вопрос - а как же оказание медицинской помощи? У нас, что так ВСЕ продались за деньги, что уже и нет человеческого отношения? Самого элементарного понимания и уважения? Что сказать, по этому администратору Ольге сразу видно, что она не на своем месте в жизни. И дай ей Бог не оказаться на нашем месте, когда ребенок больной и оказать помощь не хотят.",ru
Благодарность фирме Очень хорошая фирма Ортомода! Благодарна всем сотрудникам за внимательное отношение ко мне и моему ребенку! Желаю Вам дальнейшего процветания!,ru
"По знакомству В сентябре 2010 г. положили в 1 хирургию моего отца, причем ложился отец по знакомству в нормальном состоянии, денег не жалели пролежал он там 3 недели лечили печень, а нужно было поджелудочную. В итоге уже в бессознательном состоянии перевезли человека в склиф, где он в реанимации прожил ещё неделю и умер. Когда отца увозили в склиф зав. отделением хирургии сказал, что ""максимум жить осталось 2 дня и ничего нельзя сделать"", в склифе сказали ""привезли бы на 2-3 недели раньше, человек бы жил"". Вот, как-то так.",ru
"Понравилось вести беременность Мне понравилось вести беременность в ЦИР ( во-первых, рядом с работой, работала до родов, до 39 недель; во-вторых, никто никогда не грубил). Дочке скоро годик. К Т. Ё. всегда записывалась заранее, проблем не было. Цены приемлемые, но, правда, раньше контракт стоил дешевле и не включал послеродовое обслуживание. Очень удобно (для меня) расположены филиалы, особенно на Ордынке. Своя лаборатория по анализам, что тоже удобно.",ru
Цена на золото почти всегда одинаково. Плюс его можно возить в самолёте,ru
"P.S. Юридически- всех проданных за границу русских детей можно вернуть назад в Россию, так как ребенок находился в невменяемом состоянии и был незаконно вывезен преступным путем.РУССКИЙ МАТ- УБИЛ ГИТЛЕРА И Я СЛОВОМ УБИВАЮ ПЕДЕРАСТОВ!   Таблица совершенно ни о чем не говорит.1.Как можно говорить об относительно небольшой коррупции по природным ресурсам,если их распределение в 1990-ых и 2000-ых по  добывающим  компаниям выполнялось исключительно по КОРРУПЦИОННЫМ схемам, а нынче там просто СВОЕ  государство в государстве  со СВОИМИ внутренними КОРРУПЦИОННЫМИ схемами,которые под контроль государства, общегосударственную статистику и внимание СМИ просто не попадают(пресса у нас не занимается частниками)?2.Как можно говорить об относительно небольшой коррупции в образовании, если структура подготовки к ЕГЭ и тестирования ЕГЭ - единая КОРРУПЦИОННАЯ клоака,которую не может (ПО ЗАКОНУ) избежать ни один из нас (детям ведь поступать сдавать тесты все равно надо)?3. И т.д., отдельные позиции картинки можно перечислять долго.Но самое интересное в том, что картинка показывает: те отрасли, в которых  реформы  вроде бы проведены,оказываются менее коррумпированными, чем те, которые еще  прореформированы  не до конца: в образовании  реформа  идет долгие годы и оно(по картинке) менее коррумпировано, чем здравоохранение ( реформы  в котором ведутся относительно недавно и еще продолжаются),а  финансы  якобы вообще не коррумпированы (прореформированы давно)(ха-ха,попробуйте получить СЕРЬЕЗНЫЙ кредит!!!). В общем это очередная не совсем неуклюжая подтасовка и попытка показать, что власть (Путин и его команда), несмотря на некоторые проблемы, движется  правильным путем .Короче,делать какие-то СОДЕРЖАТЕЛЬНЫЕ выводы на основе этой  ЛИПЫ  невозможно.PS.Я согласен с автором,что понадобится(когда придет время) НКВД-2 или опричнина,только в основу их работы НЕЛЬЗЯ класть  аналитику  подобного типа. ПОЛНУЮ ревизию нужно будет проводить ЗАНОВО.",ru
"Благодарность врачу Хочу объявить благодарность врачу-офтальмологу Чернецкой Надежде Валентиновне и медсестре Болотиной Ольге Николаевне. Нам очень повезло, что в нашей поликлинике принимает такой врач, очень грамотный и внимательный специалист. Были у неё на приеме с дочерью Маскиной Лизой 6.12.14. Профессионально провели осмотр и порекомендовали пройти дополнительное обследование в Морозовской больнице, сразу же выдали направление, всё объяснили. Большое Вам спасибо! Удачи, счастья и здоровья!",ru
"Впринципе нормально,однако было несколько неприятно когда администратор что-то напутала, и попросила заплатить ещё раз а потом сделать возврат, при этом уточнив что возврат делается в течении суток, и деньги мне придут. Без задней мысли согласился оплатил 1400, и выехал(при всем этом за ранний выезд штраф 700₽). Деньги не пришли, позвонил в Сбербанк сказали что придут только в течении 30 рабочих дней, вот так вот. Да и у них ещё платное полотенце (250₽), так что берите с собой.",ru
Мальчики-официанты - просто суперсимпатичные !!! пойду туда еще раз только чтобы на них посмотреть .  А суши мне не понравились - сухой рис.,ru
"Гостиница старая, номера очень бедненькие , кровать жутко неудобная, слышимость 100%. На первом этаже не плохой ресторан. Радует только удачное месторасположение и бесплатная охраняемая стоянка. Рядом есть ночной клуб караоке. Днем можно пойти на ипподром",ru
"кафедры собирал преподов и ставил целью номер 1 - 100% платников, 0% бюджетников. это была первая и единственная цель, которую спускал захаревич. учеба всем была до одного места.смерть многих, конечно, обеляет...  не знаю, что там его друзья по стройотряду, но вот многие люди, которые в трту занимались наукой, а не деланием денег, отрицательно отзывались о захаревиче. да и в ргу многие очень известные ученые после объединения в юфу попросту в ступор впадали от деятельности захаревич & co, жалобы писали. другое дело, что он был типичный человек своей эпохи, ни плохой, ни хороший - такой же, как и все вокруг. а товарищ боровская, пришедшая ему на смену, им же и всей системой трту, собственно, и выращена, как говорится - что посеешь...  учился как раз во время перехода наверх захаревича.никаких особых префенций для контрактников не видел. о его уходе запомнилось очень мощное вливание денег в радик, летний сад, оборудование в лабораторных и пр.",ru
"Уютный и красивый отель неподалеку от поющих фонтанов торгового центра. Удобно добираться из/в аэропорт. Номер чистый, удобный, персонал дружелюбный. Завтраки стандартные.До площади Каталонии и Рамбла лучше добираться на метро.",ru
"Надоело унижаться Приобретал в данной компании несколько аппаратов на протяжении многих лет. Когда развивалась компания, сотрудники были учтивы и услужливы. Сейчас мне пришлось брать кредит, чтобы купить новый аппарат, так как мой аппарат уже прошел сроки службы. Навязали мне аппарат за 30 000 руб. рассказывая, что мой, старый, мне не подходит (при сроке эксплуатации 3-и года он мне прослужил 7-мь лет), зап. частей нет, (устаревшая модель!). Самое смешное, что новый аппарат, который я приобрел (за 30 000 руб.), я уже 8-12! раз приезжал регулировать, все безрезультатно (настройка не подходит, а врачам все равно)! Реально! Проданный аппарат принес процент! И отлично! Тянем время до окончания гарантийного срока? Старый (по цене 18 000 руб. работает лучше нового (до сих пор по слышимости). Настройка от компьютера нового аппарата, одна, с батарейки при выходе на улицу (через некоторое время) другая. Но самое неприятное, это формальное отношение к клиенту. Втюрили аппаратик (процент получили!) и ладно. После праздников попробую отрегулировать аппарат в 15-ый раз. Не получится, обращусь в РОСПОТРЕБНАДЗОР, отдам аппарат на экспертизу. Дальше, не знаю. В суд наверное! Надоело унижаться!",ru
Может банально потерял доступ к акку. В любом случае о съебе где-то прямым текстом было сказано.,ru
"Бегите оттуда Бегите от нее, не оборачиваясь. Испытал на своих близких. Привезли отца немного подлечиться на своих двоих, а увезли на каталке с выпиской о хорошем состоянии. Слава Богу, что есть ГКБ №23, где действительно работают специалисты. Очень удивлен, что такой мой отзыв один. Общался с другими людьми и услышал не один отрицательный отзыв о результатах лечения в ГКБ №45 (в том числе и от самих врачей).",ru
"Отель находится около чистого берега, территория большая, рядом магазины,массаж! Тук-тук до Ката 200 баЗавтрака тоже хороший, разновидность блюд хорошая!На территории находятся бассейны разный глубены!",ru
"Из всех гостиниц сети Галерея, этот самый неудобный своим расположением, хотя есть бесплатный трансфер до ближайшего метро. Номера подешевле находятся в корпусе без ресторана, так что с утра на затрак по улице, что в снег, что в дождь...",ru
"Хороший гинеколог Сколько врачей пыталось мне помочь, но только Пирова Г. Т. смогла поставить правильный диагноз и назначить лечение, теперь на приём только к ней)",ru
"Я и мой муж только что вернулись, и отель был блестящим. У нас был восхитительный номер с террасой. Когда я заказывала, я сказала, что это были особенные выходные и они показали нам действительно особенную комнату. Персонал лучший, какой мне встречался, а я бывала во многих местах по всему миру. Для персонала ресепшен ничего не было проблемой, он помогал всегда, особенно с указаниями и т.д. Персонал в баре и ресторане был так доброжелателен! Завтрак был стоящий. Зона бассейна была отличной после долгого дня осмотра достопримечательностей, как и терраса. Интернет работал не особенно хорошо. Спасибо за все.",ru
"В марте 2011 приобрела себе это авто! Купила седан комплектация Comfort 1,6 л 123л.с. Достоинства:1.Это, конечно, цена. 2.Интерьер. 3.Экстерьер 4.Двигатель 5. Вместительность... на самом деле можно перечислять до бесконечности. Если более подробно- то дизайн авто классный - как снаружи, так и внутри. Приборная панель большая, и дизайн суперский! Багажник очень вместительный + еще задние сидения можно сложить. Пассажирам на заднем сидении очень комфортно сидеть. Очень удобно, что есть подогрев зеркал и дворников. Сейчас зимой оценили и преимущества подогрева сидений. И кондиционер, и печка работают замечательно - запотевших стекол (как в отечественных авто)нет. Двигатель 1,6л 123л.с. позволяет очень быстро разгоняться. Максимально на этой машинке ехала - 220км/ч (думаю может и больше, но дорога далее уже не позволяла разгоняться еще). И о недостатках - задняя подвеска не ""фонтан"" - прыгает сильно, очень чувствительная. Также к недостаткам могу отнести и небольшой размер передних брызговиков (машина из-за этого очень пачкалась) - пришлось покупать другие. В целом, машинка очень достойная, все советую!!!",ru
"Очень хороший.Собственно как и все Melia.Расположение -лучше не придумаешь.Чисто , красиво, б/платный инет, фитнес-маловат.Завтрак шикарный с Cava ( игристое) по карте MAS 15 €.Тапас бар понравился, вечером -мероприятия.",ru
"Найти новость о посадке с двача вряд ли можно (хотя я не пробовал), а вот о посадке с ВК можно, и много.",ru
"Отмечали встречу нового 2016 года в этом отеле на Pupa Terrace с огромными панорамными окнами. Еда, напитки, интерьер, атмосфера - все было прекрасно. Ну, и конечно великолепный вид на Босфор, Босфорский мост и мечеть Оркатёй открывается именно с четвертого этажа пятизвездочного Radisson Blu Bosphorus Hotel.",ru
Остановилась в этом отеле чисто случайно. Качество обслуживания и чистота номера оказалась на должном уровне. Работники за стойкой очень вежливые и всегда готовы помочь. Еда на завтраках очень разнообразная и вкусная. Всем советую!,ru
В этом отеле меня устраивает все. Номера большие. Уборка номеров своевременная и хорошая. Была всего три дня. Но очень понравилось.Кормят вкусно. Завтра на крыше. Есть открытая и закрытая зона. Нашла только два минуса: нет паркинга и не говорят по-русски. Но и это все решаемо.,ru
"Челюстно-лицевая хирургия Хочу выразить огромную благодарность и сказать большое спасибо всему отделению челюстно-лицевой хирургии, настоящие профессионалы своего дела и внимательные люди. Отдельное спасибо Романову Дмитрию Вячеславовичу. Благодарна, что ребенком попали именно к нему на консультацию и УЗИ. Настоящий профессионал своего дела. Спасибо Вам огромное.",ru
вчера посетили эту ресторан исправили день рождения нам очень понравился мы постаянно будем приходить сюда кальян вообще супер ! приходите и не пожалеете !,ru
"Забронировал проживание через booking.com,при поселении просто дал паспорт и назвал сайт,через который осущевлял бронирование.С Сотрудник быстро нашла бронь,уточнила способ оплаты,рассказала об условиях проживания и комплектности номера.Сотрудник дала мне электронный ключ от номера,пароль для входа в интернет,обьяснила,как подняться в номер.Сотрудник предложила мне оформить завтрак.Когда я вошел в номер,увидел,что он отлично подготовлен к заселен ю.Полотенца аккуратно висели на вешалках,постельное белье застелено.В номере было чисто,вся техника работала отлично.Когда я возвращался в номер по вечерам,номер был прибран,постель перечислена,полотенца заменены.В номере было видно,что производилась уборка.Отдельной похвалы заслуживает служба охраны.Сотрудники не формально подходили к своей работе,обязательно здоровались с каждым посетителем,проверяли карту гостя.Интернет работал прекрасно,без сбоев.Часто путешествуя по Европе,я останавливался в разных гостиницах,имеется с чем сравнивать.Поэтому хочу в заключение сказать,что уровень обслуживания клиентов в этой гостинице соответствует высшему европейскому уровню.",ru
"Конечно, за деньги ))  Конечно про все коммерческие медицинские центры не могу сказать, но на примере одного, в который я обращалась в течение какого-то времени убедилась, что они делают все, чтобы получить побольше денег. Причем самым наглым образом. Рассчитывая на то, что пациент полный идиот и ничего не понимает. И это естественно, если чуть подумать. Также поступают и платные врачи в Америке, и где  угодно. Поэтому у нас положение незавидное. В поликлинику районную ходить, наверно, бессмысленно, тоже.  Слава Богу, пока никуда не хожу:)  А я практически не болею. К зубному хожу в СТОМУ.",ru
"С виду отель напоминает деревянную коробочку) но мне почему то он понравился. Все выполнено в деревянном стиле. Внутри есть замечательный, яркий холл. Комнаты стандартного размера не супер большие и не маленькие. Убирались каждый день.....чисто идеально. В отеле есть спорт зал и бассейн, но я сразу говорю..не посетила..а только заглянула.Завтраки - шведский стол, много фруктов. Я не привереда, поэтому все понравилось из еды. Персонал плохо говорит порусски, зато знает английский.Всегда готовы протянуть руку помощи. На рецепшене есть различные программы..куда и что можно посетить. Этот тот отель в который хочется вернуться!",ru
"Надежда умирает последней Всем салют! Мой приятель мучился у врачей пол года! Плюнул и вылечил недавно гепатит за 3 недели и 250 тыс. руб. у кибернетиков! Честно говоря, я был удивлён, я тоже теперь коплю деньги! Мой номер: 8-938-411-50-16. Александр.",ru
"какой он , оказывается , маааленький ))) я решительно протопала через весь зал , уткнулась носом в барную стойку и спросила , где у них еще один зал. оказалось , что это всего один . но это не минус и не плюс . просто факт ) светлые стены и черные светильники - это вообще моеее . любимый стиль в интерьере . также светлые стулья и светлые мягкие диваны . в диване я утопла , поэтому есть с него было неудобно , пришлось пересесть на стул . но если хочется именно посидеть и расслабиться , диваны эти - самое то . была я там на обеде ( работаю рядом ) . легко и вкусно . может быть многовато масла , но это на любителя . мне здесь понравилось )",ru
"вот ты мне только что написал тебя найдут и отпиздят . то есть прямо точно. не может быть, а все, пиздец, никуда не уйти. и теперь ты отказываешься прислать ОДИН БЛЯДЬ случай? Я, кстати, сам то поискал, и значешь что?? НЕ НАШЕЛ БЛЯДЬ!!! Вот ведь сюрприз то. Я найти не могу, тебе влом так передо мной унижаться. Ну хуле. так и живем кукарекнул и в кусты",ru
"Вполне прилично .  Очень внимательный персонал , хорошеее обслуживание .  Самае главное : ощущение "" души "" .  Все понравилось .  Мало рекламы - наткнулись случайно .",ru
"Врачи самоучки Работают врачи - самоучки, которых возглавляет главный врач Кондрашева со своим мужем, директором данной клиники, ничего не могут делать, колять биополимеры под видом гиалуроновой кислоты.",ru
"Хорошие врачи и отвратительная организация Запись к гин.-эндокринологу - за месяц (направление их ЖК)! 3 октября хотела записаться на 1 декабря -сказали, не записываем на такой долгий срок-звоните за 2 недели. Позвонила 16 октября-записали только на 15 ноября. Звоню сегодня 19 ноября-запись только с 17 декабря! Умереть можно. Пишу в Минздрав и прокуратуру. Уже не говорю о том, что придя по записи на УЗИ, обнаружила, что узист в отпуске. Нас было таких 4 чел., которых хотели отфутболить. Человек, взявший трубку по телефону, указанному как гл врач (помощник) только под угрозой обращения в Минздрав перераспределил нас к другому узисту.",ru
"Милый и уютный отель с внимательным и добродушным персоналом. Территория зелёная, много белок, забавные глиняные статуэточки у бассейна... Завтраки разнообразные и вкусные. Комнаты убирали чисто. Wi-Fi в номере хорошо работал. Но самое главное это массаж!!!!!! Нигде в другом месте вам так качественно и профессионально не сделают.... Сколько массажей за свою жизнь я переделала, но это выше всяких похвал!!! Выражаю огромную благодарность великому мастеру своего дела и пусть всевышний благословит его здоровьем, радостью, любовью и достатком! Дочке массаж делала девушка Тии, и тоже очень довольна.... ей тоже самые лучшие и добрые пожелания! Хочется к ним вернуться ещё....",ru
"Отель расположен в 15 минутах ходьбы до пляжа, 100м от шоссе, но буйная растительность частично гасит шумы от транспорта. Мы взяли номер на третьем этаже - 307. Номер для *** приличный. Кровати и подушки удобные. Постельное белье чистое, но не мешало бы его обновить, меняю часто. Полотенца -ежедневно. Обеды и ужины в ресторане отеля готовят вкусно, цены как везде одинаковые. Завтраки скромные, не хватает сырной нарезки, впрочем здесь это деликатес, голодным никто не уходит. Есть небольшой бассейн и мини алея, идущая в верх, по бокам расположены бунгало.Уборку как правило делаю когда вы завтракаете или в первой половине дня. Мой вердикт после 11 ночей - хороший отель, можно в нем остановится.  Из минусов: при заселении не работала душевая лейка на гибком шланге (могли бы устранить самостоятельно) починили на 3й день когда мы лейку открутили. Плесень на потолке в туалетной комнате - это серьезный недостаток.",ru
"Развод на деньги Очень плохое место для ведение беременности. Девушки, если же вы все-таки решились наблюдаться в Институте здоровья, то будьте предельно внимательны ко всем анализам и результатам УЗИ. Мне узист Кузнецов поставил неправильный диагноз, к-ый не подтвердился в нескольких клиниках, включая Перинатальный медицинский центр на Севастопольском проспекте. Гинеколог же Кельманова уверяла, что Кузнецов - специалист первоклассный, что все остальные ошибаются, и надо обязательно лечится. А лечение - капельницы, на сумму 50 000 руб. Лечится отказалась, о чем ни разу не пожалела. Сейчас моему сыну 1,5, здоровый и крепкий малыш.",ru
"Спасибо огромное Огромное спасибо за то, помогли быстро выздороветь! Наша семья посещала Вашу пещеру Мирасоль на ул. Твардовского (на Южном, Балашиха) - 10 сеансов, все болели гриппом (заразились по цепочке от сына, который принес его из школы). Буквально после 3 сеанса кашель поутих, стал мокрый. А к 8 сеансу и совсем прошел. Будем теперь знать, куда бежать оздоравливаться , т. к. болеть нам совсем нельзя - школа, работа.... Пожелание - было бы здорово, если бы каждые три месяца хотя бы делали какую-нибудь акцию подобно той, на которую мы попали.)) P.S. А пещеру мы нашли через интернет: mirasole24.ru.",ru
"ж не то, что ездить, ходить-то страшно. Выше писали что-то в духе  не умеешь водить - садись в автобус ... Всё бы ничего, но тут в твой автобус влетает КАМАЗ и засыпает тебя щебёнкой, вот же незадача... Куда деваться, уже вовсе не понятно...  бред сивой кобылы, любое убийство не может быть оправдано  А вы уверены, что виноват был водитель авто? Например, у нас по дорогам носятся мотоциклисты не то что без шлемов на себе и пассажирке - вы чо, это ж не тру! - но и далеко не факт, что трезвые. Чаще даже наоборот. И нисколько не считают, что это неправильно, сама читала на местном форуме рассказы, как с пацанами пива бухнули и погнали кататься и тд.Себя за рулем представьте, когда вам под колеса выскакивает мотоциклист на скорости, без шлема, с девицей, оба бухие, ищут острых ощущений. Согласны, если что, чтоб вас тоже того, самосудом?  Тролль-толераст? И убийство террориста не может быть оправдано? И убийство маньяка? За смерть - только смерть. Во-первых, справедливо, во-вторых надежная защита тех, кого может убить оставшийся в живых убийца. А за убийство за рулем вообще карать как за убийство умышленное жестокое с отягчающими обстоятельствами. С конфискацией всего имущества убийцы в пользу семьи погибших, может тогда всякие мажоры, бандюки и шлюхи перестанут убивать людей на переходах, тротуарах, остановках и т.д.   Еще раз - человек за рулем для меня все равно что человек с автоматом без предохранителя, который поводит стволом - кого бы убить",ru
"Ежедневное информирование общественности о том, где стоит мой самолет , - это в том числе косвенный призыв, чтобы с моим самолетом что-то сделать   Исчезновение самолета вице-премьера российского правительства Игоря Шувалов а из базы данных сервиса отслеживания полетов Flightradar24 связано с безопасностью. Об этом он сказал на закрытом брифинге в холдинге ""Рамблер"", сообщил российский блогер Илья Варламов на своем сайте со ссылкой на участников мероприятия, информирует еizvestia.com .   ""Мы сняли его с радара. Ну не я, снял оператор самолета швейцарской компании, который считает, что ежедневное информирование общественности о том, где стоит мой самолет, - это в том числе косвенный призыв, чтобы с моим самолетом что-то сделать. Вы хотите, чтобы я в следующий раз откуда-то взлетел и не долетел? У меня такого желания нет, я думаю, у Навального (российский оппозиционер Алексей Навальный. - Ред.) тоже. Но все время говорить, где стоит самолет, - это в том числе и вопрос безопасности"", - отметил он.   Шувалов прокомментировал расследование Навального об этом самолете. По словам вице-премьера, оно связано с его ""высокой позицией"", близкой к президенту РФ Владимиру Путину и главе правительства Дмитрию Медведеву. ""Под этим нет никакой правовой основы, это скорее попытка породить определенную ненависть, негативную эмоцию. Я что, единственный, кто летает самолетом? Нет, конечно. Только так открыто, как я, летаю только я"", - добавил Шувалов.   Он заявил, что приобретение и использование им самолета законно. ""У меня по этому поводу было абсолютно прозрачное объяснение, как самолет был приобретен, как мы оплачиваем полеты и все остальное. С точки зрения права у меня здесь все исключительно чисто. Я обладаю достаточными знаниями и хитростью для того, чтобы использовать право и его не нарушать"".   Шувалов отметил, что действует в рамках закона. ""Мне помогают квалифицированные люди. Но вот с этим эмоциональным элементом - это вещь, конечно, такая. ""Как же люди, вы не доедаете и не допиваете, вам такая вот пенсия, а они так жируют"". Просто мои деньги не имеют никакого отношения к моей работе"", - заявил Шувалов.   Варламов сообщал об исчезновении лайнера вице-премьера Bombardier Global Express с бортовым номером MVQBI из базы Flightradar24 в августе этого года.   В июле ""Фонд борьбы с коррупцией"" (ФБК) Алексея Навального опубликовал расследование, в котором говорится, что Шувалов осуществляет рабочие и частные перелеты на самолете, стоимость которого составляет $50 млн. По данным фонда, за 2016 год Шувалов совершил на нем 13 рабочих и 18 частных перелетов. Стоимость частных рейсов ФБК оценил почти в 100 млн руб. Фонд выяснил, что самолет использует и жена вице-премьера для перевозки собак корги на международные выставки.   Шувалов является одним из самых богатых членов правительства РФ. Согласно его декларации за 2015 год, он заработал 97,2 млн руб., в то время как доход Медведева за год - 8,7 млн.   По материалам ГОРДОН",ru
"Приятно, когда все проходит гладко Спасибо за качественно предоставленные услуги. Приятно, когда все проходит гладко, без нервотрепок, как это часто бывает. Всем спасибо еще раз!",ru
"ще одна сказка закончилась.  Фотки любопытные. Грустно.  Уже отправил.  Как гнусный мацквич, наверное, схожу к посольству сам.  Отправила на Яндекс-деньги. Вечная память Команданте Чавесу.  Схожу 10-го к посольству сам. Вечная память товарищу Уго",ru
"Спасибо вам огромное Уважаемый Владимир Анатольевич! Большое спасибо вам и всему коллективу, персоналу вашего отделения за лечение и сложнейшую операцию. Огромное спасибо медицинскому персоналу за внимание. Здоровья, успехов в вашей работе! У вас золотые руки!",ru
"Добрый день! Не буду вдаваться в подробности и напишу по существу. За время отдыха у нас украли из сейфа 2000$ из виллы шорты и 2 майки. Будть бдительнее, и знай что там куда вы едите или собираетесь там процветвет воровство. Хамское отношение к туристам.",ru
"Вилла ""Abion"" является частью отеля ""Abion"". Тем не менее, она размещена в другом здании. Вилла находится в Тиргартене прямо на берегу реки. Прекрасное и тихое окружение. Это идеальное место для летнего времени. Вилла находится через дорогу от станции скоростной железной дороги и всего в нескольких минутах ходьбы до станции метро. Зоопарк находится всего в 2-х станциях метро от отеля, и в 3-х станциях от Кудамма.Честно говоря, вилла не 5-ти звездочного уровня как утверждают. Сервис в порядке.Тренажерный зал не очень хороший (я чуть не получил травму из-за сбоев беговой дорожки. Веса не достаточно для любого упражнения). Номер очень большой. Тем не менее, это единственная вещь, которая выделяется. Оформление обыкновенное и простой номер.В целом, вилла не дорогая, предлагает просторные номера, и расположена в прекрасной местности. Это не плохой выбор для Берлина, особенно летом.",ru
"Равнодушие к мамам В поликлинику приходят в основном мамы и бабушки и вот набегавшись по кабинетам, одеваясь в гардеробе, мы не имеем возможности посмотреть на себя, так как в поликлинике нет зеркала. Сотрудники говорят, что оно есть, стоит в гардеробе, но его некому повесить. Я первый раз вижу такое в поликлинике, хотелось бы, чтоб о нас подумали, ведь это элементарно.",ru
"Благодарность массажистам Здравствуйте, я обратился впервые в клинику пол года назад с ужасными болями в спине (застарелый сколиоз). Мне назначили массаж и физиотерапию. Боли были адские, уже и не надеялся на улучшение, но случилось ЧУДО. Вот уже несколько месяцев меня ничего не беспокоит, я вернулся к активному образу жизни и всё благодаря вашим высококвалифицированным специалистам. Особо хочу отметить Колесникова Александра Васильевича, Малыгину Екатерину Львовну и Павлову Анну Валерьевну. Рекомендую ВСЕМ! Чуткие, внимательные с ЗОЛОТЫМИ РУКАМИ.",ru
"Хороший отель - удобно расположен, рядом метро, рядом остановка автобуса до аэропорта Тегель (номер 109). Отель находится на тихой спокойной улице, в номерах тихо, ничего не мешает спокойному сну. Интересный дизайн номеров, уютно, чисто. Очень понравились завтраки - большой выбор всего, официанты предлагают чай, кофе. Единственный минус - девушка на рецепции была не очень любезна.",ru
"Зачем ты что-то пишешь потому что могу у тебя бамбануло, хаха порвался с учётом ваших длинных комментариев- так и есть смеешься там как умственно отсталый Это как? Есть какие-либо критерии как смеются умственно отсталые? Или ты как обычно пишешь абстрактные вещи, смысл которые даже тебе не понятен?",ru
Большое спасибо Сегодня был на приеме у Беляева Максима Геннадьевича и хочу сказать ему большое спасибо за внимательное отношение и профессионализм! Спасибо!,ru
"ну просто нереально уютное место! были с товарищем проездом в москве, искали по факту, без брони где остановиться и попали точно в цель)) до старого арбата всего 2 минуты ходьбы, небольшой размер хостела и чистота создают домашнюю атмосферу. постельное белье при заселении уже заправлено плюс вместо двухярусных кроватей там своего рода индивидуальные капсулы со шторочками, что дает максимум индивидуального пространства во время сна, народ селят только адекватный так что всегда есть с кем пообщаться))) персонал так же адекватный, всегда помогут расскажут, покажут. короче всем советуем!",ru
"Очень обычный, полный студентов, пеших туристовкомнаты чистые, но очень обычные, шторы не перекрывают свет :-( нет чая или чайника в комнатезавтрак нормальный, но мрачный персонал, нет английского чая :-(нет льда в баре,15 минут ходьбы от Tube до отеля, очень темно по вечерам, не чувствовалось на 100% безопасно, ближайший магазин в 20 минут ходьбы, поэтому убедитесь, что вы взяли вашу выпивку с собой, в районе баров подают только пиццуВокзал Doner (рядом со светофором), на пути с вокзала было потрясающе, очень дружелюбные ребята, отменная еда, ужасно дешево,это наш седьмой раз в Берлине, извините, ребята, этому отелю могу поставить только 4 из 10",ru
"мхо, очевидно.  К памятникам можно относится по разному. И если это памятник погибшим, то как-то называть его надо бы по приличнее...  Я бы раздал, да не дают :(  она разберется, что ж Вы так волнуетесь-то )))) Сходите на сайт арбитражного суда, найдите фирмы, которые возглавляет директор ООО Юката. Посмотрите на факты.  Волнуюсь только потому, что не понимаю почему люди вместо своей работы должны заниматься ерундой и расследовать то что не случилось.  Да и самому памятнику стоило бы выглядеть более благопристойно.  я впервые слышу о том, что это памятник погибшим. Вы что, хотите сказать, что стекляный меч с подсветкой внутри - это памятник погибшим может быть  уверен, Рустам, что Вам не выиграть соревнование у Тиля в этом вопросе, не расстраивайтесь  увы, увы, случилось уже. Многократно  Никогда и не старался :)  Ну да... музтеатр и дума :))) Территория  крепости  посещается только пенсионерами близьлежащих  элитных  домов - не будем строит иллюзий по поводу остальных - добираться туда просто крайне не удобно.",ru
"Американская валюта не падает ниже отметки 330 тенге Сегодня, 10:24 В четверг, 19 января, на сайте Казахстанской фондовой биржи были опубликованы итоги утренней сессии       Фото: © Depositphotos.com/_babenkodenis    На Казахстанской фондовой бирже (KASE) закончилась утренняя торговая сессия по:         Как торгуется доллар на KASE в середине недели   В среду, 18 января, на сайте Казахстанской фондовой биржи были опубликованы... →      - доллару США с расчетами Т+0 и Т+1 в тенге (USDKZT_TOD и USDKZT_TOM),  - евро с расчетами T+0 в тенге (EURKZT_TOD) и в долларах США (EURUSD_TOD),  - китайскому юаню с расчетами T+0 в тенге (CNYKZT_TOD).  Для указанных инструментов данная сессия является основной. В торгах приняли участие 22 члена валютного рынка KASE.  Средневзвешенный курс доллара США с расчетами T+0 в тенге составил 330,91 тенге за доллар (+0,36 тенге), объем торгов – 40 800 тыс. USD (-13 700 тыс. USD).  По доллару США с расчетами T+1 в тенге сделок заключено не было. На момент закрытия сессии котировки отсутствовали.  По евро с расчетами T+0 в тенге и в долларах США сделок заключено не было. На момент закрытия сессии котировки отсутствовали.  Средневзвешенный курс китайского юаня с расчетами T+0 в тенге составил 48,4380 тенге за юань (-0,0409 тенге), объем торгов – 500 тыс. юаней (-400 тыс. юаней).  Все тренды в данном сообщении указаны относительно последнего значения соответствующего инструмента предыдущего рабочего дня. Если на предыдущей утренней сессии сделок по инструменту заключено не было или торги им не проводились, тренд не указывается.",ru
"По моему мнению эта не плохая машина. Из числа отечественной классики эта машина по техническим характеристикам не уступает некоторым переднеприводным машинам.Моя машина в легкую может разогнаться до 160км.ч.,это конечно предел,но для класики я считаю что это очень даже хорошо. Моей машине 4 года,но я еще никогда не видел проблем с этой машиной,у нее все родное,главное во время менять масло, фильтры. Хотя машина не в моде,но я не пожелел что остановился на выборе этой машины. Всем удачи!",ru
Благодарю врачей Хочу сказать слова благодарности всем работникам Новой поликлиники. И особенно врачу-стоматологу Шогеновой Яне Юрьевне.,ru
Иди на хуй козлина ебучая езё мне указывать будешь не дорос,ru
"то не тот любитель мальчиков в 80-х?  Да, эти на  Титаник   не сядут...  Старый анекдот, но не теряет актуальаности))Про Титаник - верно...   Мир без нацизма -тоже хорошо.Хотя лучше б раньше он устроил нам мир без Баскова:)  Вполне возможно.И метеорит не просто так упал.  Колян, я снова здесь! И опять тащусь со стиля! Какие переходы...  Были какие то слухи...) Утверждать не берусь!))  У МЕНЯ ГЛАЗА НА ЛОБ ЛЕЗУТ с нашей системы защиты информации в государстве. Подруга скинула ссылку bazy.sq6.ru . Захожу значит туда, вбиваю свои данные, там имя по-моему и фамилию, а и ещё дату рождения если память меня не подводит",ru
Отличный отель с удачным местоположением. 5 – 10 минут от Курского вокзала на такси. Чистые и уютные номера. Отличный вид из окна. В данном случае соотношение цена/качество полностью соответствовать друг другу. Рекомендую к посещению данный отель.,ru
"Были в Невском дворике в прошлом году , очень понравилось , решили зайти еще раз и были несколько разочарованы .... Посетителей не было , мы были единственными .  Огорчило обслуживание официанта , он перепутал блюда и прямо на наших глазах за столом перекладывал мясные блюда из одной тарелки в другую .  Еда была вкусной , порции большие , но такое обслуживание мы встретили впервые .",ru
"Сама удивляюсь десяткам )))) но я осталась довольна этим заведением :))) Из кухни отведала только суши , мне очень понравились ))) отличный кальян !  Обожаю караоке , сама петь не умею , но слушаю с удовольствием )) фантастический звук , всех гостей поддерживали бэк-вокалисты , с отличными голосами ))) правда посетители тоже от них не отстают по вокальным данным :))) в интерьере : мои любимые высокие потолки ( это мой пунктик :))) , красивая елка подвешена к потолку , ощущается праздник )) смотрится всё очень стильно и "" богато "" )) достойный ответ Джельсомино и места побольше , есть где развернуться !!! к обслуживанию также вопросов нет ... никакого высокомерия я не заметила ....... возможно нам повезло ))) Благодарю за отличный вечер !!!",ru
"Прилетел глубокой ночью, из аэропорта был заказан трансфер, встретили с табличкой. Приветливый водитель, времени на ожидание не было. Время от аэропорта до гостиницы 30 минут. Встретили дежурные на рецепции, оформление и оплата заняли 15 минут. Проводили в номер. В номере чисто, все , что необходимо в наличии. Бесплатно вода. Чайный уголок. Завтраки вкусные, местные фрукты, выпечка, йогурты и т.д. Все стандартно, ожидаемо, что радует и с утра располагает на отдых. Ужины в стиле буфет , к сожалению не каждый день, но все очень вкусно и разнообразно. Рекомендую итальянский ресторан, в меню морское ассорти, мне понравилось. В номере убирают хорошо, претензий нет. Пляж хороший, с периодом отлива и прилива, были неплохие волны, можно было покачаться. В комплексе несколько отелей, между ними ездят бесплатные мини автобусы. В отеле есть экскурсионное агентство, можно заказать экскурсии. С пляжа прекрасный открывается вид на закат. Не пожалеете. Каждый день закат разный, ни разу повторился. Я остался доволен этим отелем.",ru
"Впервые в Тае, поэтому сравнить с отелями на Пхукете возможности нет. В принципе, у тайцев все просто, самобытно, собственно, и номер в отеле тоже. У нас был 204 с видом на сад и бассейн. Второй этаж, но как первый, сын ходил в номер через балкон иногда ☺️ Номер просторный: вмещает двуспальную кровать, полуторную, а также ещё одно спальное место у окна (не кровать, но вполне можно посидеть-полежать при желании). Постельное белье меняли каждый день, 2 бутылки воды. Не знаю, как с гелями и шампунями, у нас свои были, поэтому местные не менялись, наверное. Не скажу, что пол в номере убирали отлично... подметали лишь, и то слегка. В номере есть зонты, сланцы, чайник электрический, чай, кофе, сахар в пакетиках (меняли, когда заканчивались), фен, фонарик, сейф (платный, не пользовались). Завтраки очень простые, однообразные, для нас не критично было. По меню раза в два дороже, чем в кафешках на улице. Шикарный бассейн, маленькая, но очень красивая территория! Приветливый персонал, всегда готовы помочь, улыбаются. Понравились смузи по 40 бат в баре ☺️ Негатива к отелю нет, все вполне себе хорошо, поскольку приехали не сидеть в номере, а купаться и отдыхать, знакомиться с местным колоритом. Отель рекомендую!",ru
"Были в Квадрате вчера .  Понравилось : 1 .  Интерьер Не понравилось : 1 .  Сидели на диванах - они низкие , столы высокие , есть неудобно !!!!! 2 .  Нас было четверо .  Меню дали ОДНО !!! на всех .  При том , что кроме нас был занят всего один столик ... 3 .  Обслуживание - отвратительное !!! Вина белого на разлив - нет !  Шашлык из баранины проготовить не можем !  Чезкейка нет !  Чая в чайниках тоже нет !  Посуда грязная не убирается !  Пепельницы не меняются !  Салфеток нет !  Ждать свой заказ приходится очень долго .  Морс нам принесли почти через 20 минут ! 4 .  Посуду пора бы заменить .  Чашки с трещинами , графин с колотым колпачком .  Причем , за этот колпачок наверняка уже было уплачено , потому как в меню есть ценник за "" битьё "" посуды ... ))) К еде претензий в принципе нет .  Шашлык из свинины с овощной нарезкой оказался неплох , из овощей там правда только долька помидора , лук кольцами и пекинская капуста ))) .  Взяли дополнительно сотэ из овощей - порция составляет ... ну наверное столовую ложку ... за 120 рублей можно было бы положить хотя бы 1,5 :-))) В общем и в целом , больше туда не пойду , рекомендовать не буду !!! Рестораном это назвать ну никак нельзя !!!",ru
"Очень маленькие и тесные номера, персонал на стойке регистрации не очень стремится помочь, еда средняя, а принцип «плати за все» мне не очень понравился... Но сам отель находится в неплохом месте, прямо внутри Mitte, можно пешком дойти до мемориала Берлинской стены и других мест. Как я уже говорил, если не обращать внимание на сервис, то вполне неплохо.",ru
"В отеле 3 корпуса с общими балконами И выходящие на кафе, которые начинают работать с 18:00 до 4:00. Так что берите беруши). Номера просторные, душ не регилируется по высоте, туалетные принадлежности дают и две бутылки воды на номер в день. Если вы оставите не использованную воду на видном месте, то вам дадут всего одну))) Также в номере есть чайник и два стеклянных стакана, возьмите кружки для чая и кофе в ресторане в котором у вас будет проходить завтрак. Сушилок для вещей нет. Wi-Fi есть на ресепшен и в номерах. Российских каналов нет. Полотенце на пляж выдают под запись. В данный момент (24.12.17) зона отдыха на крыше закрыта на ремонт и неизвестно когда будет открыта!",ru
"Наверное , не слишком правильно настаивать на самых высоких оценках после первого впечатления , но не могу молчать !  Место было выбрано как место передачи племянника его маме . 8-летний молодой человек ( а именно так , уважительно , его называли профессионалы Места ) сам поучаствовал в выборе точки для five o'clock на Петроградской .  Все решили черепа :) , но и все остальное - молодой человек оценил и одобрил .  А нам с сестрой понравилась изысканность без вранья .  Огромные букеты свежих роз и тюльпанов .  Контраст между приятной тяжестью подстаканников с гранеными стаканами и невесомостью тонких бокалов .  Оплывшие свечи в огромных напольных канделябрах - понятно , что не для декорации стоят ...  Есть куда более светлые пространства , которые воспринимаются мрачно .  Здесь , в Месте , темный фон - не отстраняющая гостя холодная пустота , а возможность сначала расслабиться , а потом сосредоточиться на главном - вкусах и собеседниках .  Девушки , помогающие этому самому правильному для ресторана состоянию , естественно , все брюнетки .  Естественно , все с разной невербаликой , но всем удивительно быстро удается вызвать расположение и доверие - и двигаться , и говорить в атмосфере Места .  А атмосфера эта , пожалуй , самая неуловимая и от этого самая драгоценная из всех , когда либо ощущаемых мной в ресторанах Петербурга .  Салат из фенхеля и спаржи - акварельный , весенний вкус и цвет .  Fish & Chips - хрустящая именно так как надо корочка вокруг нежного кусочка филе .  И то , и другое - без раздражающих привкусов .  Дополнительные вкусы - от пикантного соуса а ля тар-тар и сладковатого горохового пюре .  Яблочный пирог - в нем лучшая часть , на мой вкус , сливочно-сливочное мороженое :) Очень жаль , что за этим Местом следовало другое , тоже с едой , поэтому печень , утку и стейк пришлось перенести на следующий раз .  Окончательно убедило в том , что Место - место уникальное , подведение финансовой черты .  Чтобы не набивать коробочку монетками , сдачи нам принесли больше , чем требовалось по счету .  И этими несколькими рублями купили наши сердца окончательно .  А еще говорят , что друзей не купишь :)",ru
"Очень хорошее обслуживание , вкусно готовят очень приятная девушка Гуля ( нимфочка ) огромная ей благодарность почет и уважение всему коллективу кафэ !!! Будем чаще к вам приходить !! Только надо убавить громкость у вашего музыканта приходится напрягать голосовые связки при общении !!! Спасибо вам за то что вы есть у нас !!! Дружный коллектив группа компаний "" вымпелком "" ( beeline )",ru
"Благодарность У меня, 10 лет, была фобия - боялась лечить зубы и зубных врачей. Но визит к врачу оттягивать было уже нельзя. И по острой боли я, случайно, попала на прием к Шишкановой И. Е. Она так уверено, быстро и безболезненно удалила мне зуб, что я решилась залечить у нее весь рот. И не прогадала! Всегда внимательная, точные и уверенные движения, быстро и правильно принимает решения. Сразу почувствовала, что я в руках надежного врача. Поэтому решилась поставить у нее два имплантата. И как всегда все прошло идеально! Имплантаты прижились как родные! И от фобии не осталось и следа! Спасибо!",ru
"Ужасные финансовые отношения А расскажу я вам о шикарной компании Медси. Глазами клиента, так сказать. При заключении договора они тебе клятвенно обещают, что предусмотрели в программе вообще все. И цыган, и медведей, и прочие мелкие радости лечения. Но даже если потребуется тебе, болезному, что то сверх программы, то будет это стоить тебе не как всем, проходимцам с улицы, а как родному, со скидкой аж в 10%. Звучит прекрасно, не правда ли? По факту, все заканчивается в момент подписания договора Про скидки более ни слова, берут как с неродного. После долгих переговоров с компанией выясняется, что errare humanum est и действительно ты им переплатил, и они даже соблаговолят вернуть тебе денежку. И тут начинается полная сказка. Либо они согласны вернуть тебе переплату по барщине, но не в виде оброка, а отработкою. Либо ты все таки можешь забрать свои кровные, но для этого тебе нужно не заскочить в клинику из соседнего дома, а поехать туда-незнамо-куда и написать то-не-знаю-что. Переводя на русский язык- Выбить обратно деньги из компании можно лишь путем долгих переговоров и получение их обратно связано с полным геморроем. Навстречу клиенту они не идут, даже признавая свои косяки. На все вопросы, связанные со здравым смыслом- ответ один- Нам это запрещает сделать чудный Регламент компании.",ru
как об стену горохом...,ru
"отмечали свадьбу в малом зале 11 августа - никаких претензий ни к качеству обслуживания , ни к качеству еды .  Большое Человеческое Спасибо Кямрану и его сотрудникам за организацию вечера !!!",ru
"Очень понравилось! Встречали Новый год в этом чудесном отеле. Азиатская сторона привлекает тем, что это Турецкая Турция, а не европейская ;) Отель просто чудо! Очень красивый и шикарный внутри, номера не очень большие, но чистые и уютные. Вид из номера открывается на пролив...Персонал отзывчивый и быстрый. Не далеко от отеля набережная с ресторанами и барами, если прогуляться подальше, можно дойти до улицы Багдад с великим множеством магазинов, ресторанов, баров. В отеле тоже есть рестораны. Особенно понравился греческий на крыше с живой греческой музыкой.Новогодние каникулы прошли на ура!",ru
"Был в этом отеле два раза: в первый раз в 2013 году, во второй раз в декабре 2014 года, оба раза в одном и том же номере, поэтому отзыв будет сравнительный.1) номера класса люкс: большие, две комнаты, регулируемая температура (климат контроль, регулировка батарей, теплый пол в ванной), удобные кровати с регулируемым наклоном, бесплатный сейф в номере, большое джакузи, мини бар (кириешки, сок, минералка, вафля). Мини-бар оскуднел относительно 2013 года. Ковролин протерся там где ходят. 2) завтрак (шведский стол): отличный выбор блюд, постоянно пополняют, бесплатный, но в оба раза в отеле жили китайцы, поэтому поесть в тишине не получится =)3) огромный плюс это бесплатная сауна (сухая и влажная) и тренажерка в подвале. Сауна правда ""подуставшая"": вагонку повело, двери плохо закрываются.4) расположение: идеально для тех кто летает через домодедово из за аэроэкспресса от павелецкого. Рядом много интересных развлекательных заведений (не буду писать какие, ибо реклама :) )5) персонал: отзывчивый персонал, готовый выполнить практически все просьбы, даже из разряда тех, что на грани фола.6) цена: в обычные дни цена конечно дороговата, но периодически проводят акции, значительно снижая цену",ru
"В отеле были 26-27 октября 2013 года. Отличное место для осмотра города, лучше и не придумать))) В пешей доступности очень много интересных мест. Соотношение цена-качество тоже радует, жить в самом сердце Султанахмет за такую сумму очень приятно) Номер у нас был небольшой, но вполне комфортный, в номере чисто. А ещё у нас в номере стоял огромный сейф!) К сожалению не было фена, но это не страшно. Айхан, администратор, очень любезен, очень тепло и душевно нас проводил. Впечатление от отеля положительное, рекомендую. И если буду в Стамбуле остановлюсь там обязательно.",ru
"А у нас обед Записалась на прием в 14.15 3-4-5 участок. Пришла вовремя, прождала 30 минут до 14.45, захожу, а мне объявляют хамским тоном: ""Ждите, у нас обед полчаса!"". Приняли, значит, свою знакомую без записи, мило поболтав в коридоре, а все записанные пусть ждут! А еще зарплату таким врачам поднимать хотят!",ru
"Хостес с лицом видавшей жизнь женщины , с отпечатком бурного веселья накануне , встретила недовольно .  Официантка , делая нам НЕРЕАЛЬНО огромное одолжение , не могла ничего адекватно сказать про блюда , представленные в меню , приняла заказ , убрала ненужные тарелки и бокалы в углу НАШЕГО ЖЕ стола !!! После чего порадовала чаем , по вкусу намного отличающемся от его названия и расплывшимся по тарелке пирожным .  Объяснив то , что оно видимо растаяло пока я занималась своими делами а не потому что ужасного качества .  Менеджер , которая оказалась хостес в одном лице , пыталась доказать тоже самое , до слюней споря , что убрать несъедобный тортик из счета это невозможная операция в ресторанном бизнесе .  Только мой опыт и знания этого самого бизнеса помогли ей доказать , что это все же возможно , и нашу претензию приняли во внимание .  Счет несли минут 20 , после трех напоминаний , включив в него 5 % за обслуживание , после чего я долго не могла в гардеробе отыскать своё пальто , потому что менеджер-хостес дала не тот номерок .  Настоятельно рекомендую посетить Макдональдс вместо этого отвратного места , потому как даже там персонал приветливый , улыбается и надеется увидеть клиента вновь !",ru
"Уютный отель в историчесом здании, в двух шагах от Невского проспекта, рядом с метро, есть выход в торговый центр. Романтический вид на крыши Петербурга. Чисто, комфортно, удобные кровати. Персонал очень вежливый и внимательный. Вкусные и разнообразные завтраки. Цена вполне разумная.",ru
"Не дозвониться вызов врача на дом Не возможно отвратительное отношение к больным, врачи знают меньше, чем родители пациентов, не дозвонишся, на номер вызов врача на дом, черти, а не люди? Мне 28, со времен моего детства не изменилось ничего - ужас.",ru
"Ну и кстати. 9,5 недель Основной инстинкт Эммануэль Греческая смоковница (последние две как раз ярко показывают обретение женской сексуальности) Из не так известного и явного порно (впрочем, с элементами сюжета) - серия фильмов Массажистка.",ru
"Выброшенные деньги Если кто может помочь найти хорошего специалиста для определения точного диагноза, пожалуйста, ответьте. Мой сын мучается от болей в крестце уже несколько лет. Сделали МРТ, HLA-B27, рентген. Под вопросом диагноз ""Болезнь Бехтерева"". Пришли за точным диагнозом к доктору Олюнину Юрию Александровичу несколько дней назад. Заплатили 4500! Но! Консультации, как таковой, не было вообще. Доктор посмотрел МРТ, положил сына на кушетку, посгибал ноги, промямлил (именно промямлил!) пару слов и углубился в заполнение карты, которое заняло почти половину времени нашего пребывания в кабинете. После чего сказал, что нужно сделать рентген и прийти еще раз. На этом ""консультация"" закончилась! На мой вопрос будет ли вторая консультация считаться тоже консультацией, за которую также придется заплатить еще 4500 руб. Доктор ответил утвердительно! На мое резонное замечание, что направление на рентген не СТОИТ 4500 руб., доктор повысив голос сказал, что он нами занимался около 30 мин., поэтому это считается консультацией! А по-моему, это элементарное необоснованное сдирание денег. Доктор категорически НЕ понравился, не понравилось его отношение и необоснованная цена за так называемую ""консультацию"". Люди, помогите найти хорошего ревматолога для постановки диагноза и соответствующего лечения. Заранее благодарю. Ирина.",ru
"Очень долго сомневался на счет китайского автомобиля. Думал между Рено Дастер и Лифаном х60. В итоге выбор все таки пал на Лифан, и я еще ни на секунду об этом не пожалел. Автомобиль замечательный, даже в стандартной комплектации есть все самое необходимое. Я взял комплектацию люкс, чтобы ездить с максимальным комфортом. У автомобиля большой дорожный просвет - 200мм. При наших дорогах очень актуально). Подвеска мягкая, ездить вполне комфортно. Мотор достаточно серьезный - 1,8л. Салон ооочень просторный, задний ряд сидений раскладывается в ровный пол - можно спать). За полторагода пользования никаких серьезных поломок не случалось, езжу и радуюсь жизни)",ru
"Здравствуйте .  Хочу рассказать вам свою историю .  Зашел в данный ПИВНОЙ РЕСТОРАН сегодня ( 07.02.2010 примерно в 21.00 ) .  Обстановка привлекательная , теплые тона , приглушенный свет ...  Официантка принесла меню , мы сделали заказ .  Я заказал пиво Крушовице светлое , моя подруга - безалкогольное .  То что мне принесли не то что Крушовице , пивом назвать нельзя !!!!!! Горечь страшная , пиво теплое - я даже не знаю как назвать данный напиток ...  Далее мне принесли сырные палочки , а моей подруге свинину с картошкой ( извините , я точные названия не запомнил ) ...  Когда мы попробовали еду , то пожалели что вообще сюда пришли .  Есть сырные палочки было невозможно , мне даже страшно представить из чего был сделан этот сыр и сколько ему лет .  Подруга попыталась съесть свинину ( кстати , сверху лежал круглешок ЗАСОХШЕГО "" СВЕЖЕГО "" ЯБЛОКА ) , но вкус соли и перца затмевал сие "" прекрасное блюдо "" ... когда она попробовала мои палочки , сказала : "" Тебе повезло гораздо больше . "" Есть еду невозможно , пили ее безалкогольное на двоих .  Попросили счет и решили пообщаться с официантом ( меню принесла девушка , далее нас обслуживал молодой человек ) .  Мой вопрос "" откуда это ужасная еда "" вызвал удивление у молодого человека .  Он сказал , что первый раз слышит такое негативное мнение ...  Но мы его не обманывали , тарелки , которые мы отдавали , были полны "" еды "" , мой бокал пива почти полный .  Молодой человек спрашивает устроит ли нас 10 % скидка на данный ужин - мы соглашаемся .  Дальше вообще Ералаш !!!!!!!!!!!!!!!!!!! Официант приходит и говорит , что 10 % скидку сделать нельзя , но он нам даст флаер с 20 % скидкой на последующий визит в данный ресторан , ГДЕ МЫ СМОЖЕМ ВНОВЬ НАСЛАДИТСЯ ИХ ПРЕКРАСНОЙ КУХНЕЙ !! Мы с подругой хохотали минут 5 , вы представляете ситуацию ?? Когда я увидел флаер , у меня снова случился приступ хохота .. Это был прямоугольный глянцевый листок , который повидал и "" огонь "" и "" воду "" ( прототип 100 рублевой бумажки с одной стороны , только больше по размеру ) .. Согнутый наполовину , надорванный , в каких-то странных пятнах и .. просроченный )))))) Там было написано , что он действует по июнь 2009 .  Потом рядом увидели след от штампика до "" 20,02,2010 "" и закорючку - значит ГОДЕН еще )) Могу сказать , единственный плюс в данном ресторане , это наш официант , который старался как мог ) Вот так вот мы потратили 900 рублей",ru
"Обслуживание долгое , интерьер неплохой .  Но атмосфера ...  Сотрудники ресторана ставят себя , как мне кажется , выше клиентов .  А , судя по ответам на отзывы , похоше они раньше работали учителями , и всех окружающих считают недоученными учениками .  И подъехать к нему сложновато - постоянно пробки .",ru
"Полное соответствие своему названию Организация действительно соответствует своему названию, быстро приехали и реально помогли. Вызвал в два часа ночи, приехали через 15 минут, хотя мою деревню даже друзья ищут по пол часа. Может мне повезло. Но скорее те, кому помогли, не утруждаются комментами. Зря. Медикам респект.",ru
Ну если святую воду взбить с елеем то таки СОЖ и получится .,ru
"Отель в самом центре Питера. Забронировал за очень-очень небольшие деньги. За эти деньги получил приветливый грамотный ресепшн, быстрое заселение (в комнату вежливо проводили), чистую уютную комнату, в которой все новое, техника работает, сантехника блестит. Стаканы, чай, сахар, фен, шапочки для душа, вайфай и многое другое. Все отлично, кроме шумоизоляции. Соседей очень ощутимо слышно. В целом остался доволен, рекомендую.",ru
Очень хорошее отношение к посетителям и обслуживание Был сегодня первый раз на УЗ+AirFlow+Лакировка. Очень хорошее отношение к посетителям и обслуживание.,ru
"Близкое расположение к: Красной площади, станции метро, кафе и ресторанам. Возможность самостоятельно готовить завтрак, обед и ужин! Для путешественников выдают банно-туалетные принадлежности(тапочки, халат, гель и шампунь)",ru
"А по хорошему надо было оставить 5-6, остальных убрать .",ru
"се верно: ученую степень доктора наук в России присуждает не совет, а ВАК. Проверяется это по нынешним временам просто- по приказам, которые ВАК выкладывает на своем сайте.  документы в ВАК не отправлялись. Т.е. зарубили на защите, или не допустили, хотя походе - провал защиты был, а присуждает именно Совет, а ВАК утверждает, или не утверждает.Цитата: а) дает заключения Министерству образования и науки Российской Федерации:на создание советов по защите диссертаций на соискание ученой степени кандидата наук, на соискание ученой степени доктора наук (далее - диссертационные советы), установление и изменение состава этих советов, установление полномочий советов, приостановление, возобновление и прекращение деятельности таких советов о результатах экспертизы диссертаций соискателей ученой степени доктора наук о присвоении ученых званий профессора по специальности и доцента по специальности, профессора по кафедре и доцента по кафедре о представлении к защите на соискание ученой степени доктора наук, диссертации на соискание ученой степени кандидата наук по ходатайству диссертационного совета о признании и установлении эквивалентности документов иностранных государств об ученых степенях и ученых званиях на территории Российской Федерации по апелляциям, поданным на решения диссертационных советов по вопросам присуждения, лишения (восстановления) ученых степеней, выдачи дипломов доктора наук, кандидата наук, присвоения, лишения (восстановления) ученых званий профессора по специальности и доцента по специальности, профессора по кафедре и доцента по кафедре, признания и установления эквивалентности документов иностранных государств об ученых степенях и ученых званиях на территории Российской Федерации   Да, Вы правы. Проводит экспертизу и утверждает решение Совета. Спасибо за уточнение",ru
"Спасибо Нелли Рубеновне Приехал в ""Земский Доктор"" вместе с супругой, принимала Нелли Рубеновна. Я приехал за компанию и к врачу ходить не хотел. Потому, что был в другой клинике на консультации и там назначили кучу всего делать, там же и пломбу поставили. Жена уговорила на консультацию сходить. Пошел. Нелли Рубеновна посмотрела и говорит: ""Зуб надо переделать - плохо пломбу сделали - еда под пломбой. С остальными - все нормально, делать сейчас ничего не надо. Приходите на консультацию периодически, будем следить, чтобы все в порядке было."" У меня аж отлегло! Как же приятно было это услышать! Спасибо вам огромное за честную работу!",ru
"Очень некомпетентный врач Леонтьева Н. П. при встрече с родственниками больного и нахождении в палатах - не подобающий внешний вид для врача в стационаре (без халата, с распущенными волосами, на шпильках, в обтягивающей юбчонке). Постоянно пытается показаться умной и раскидывается терминологией, при этом не умеет без медицинской терминологии объяснить поставленный диагноз, пофигизм и неуважение по отношению к пациенту и родственникам больного. Фразы при общении с данным врачом родственниками больного: «Лечить их тут никто не будет, есть поликлиники, пусть лечат там. Вам нужно, чтобы пациент выздоровел, а мне нужно, чтобы выписался». Халатность мед. персонала в 1 терапевтическом отделении.",ru
Витрина Незаменимая витрина-касса в любом аптечном пункте. Данная секция позволяет в шеренге витрин создать торговое место для аптекаря.,ru
"Меня чуть не отправили на тот свет Соболев Дмитрий Васильевич чуть не отправил меня на тот свет. Меня 2 недели сохраняли. Потом почистили и выписали. Через неделю попала в реанимацию с разрывом трубы. Девоньки! Бегите оттуда со всех ног! Угробят! 4 дня врачи боролись за мою жизнь. Слава богу в Москве, иначе бы со Звенигородской больницы я никогда бы живой не вышла. Итог, их ошибки - мое бесплодие и огромная рана в душе!",ru
"Аппарат очень шумный Мама у меня уже в возрасте, направили на МРТ, конечно же поехала вместе с ней. Аппарат настолько шумный, что после процедуры сразу же очень сильно поднялось давление, 2 дня не могли нормализовать! Пришлось вызывать скорую!",ru
"Нормальная клиника с адекватными врачами Не так давно занялся протезированием нескольких зубов в Агами. Томография (тут же в клинике аппарат есть) показала, что необходимо наращивать кость. Остеопластику врач Мухамадиев сделал быстро, безболезненно и обошлось все без осложнений. Следующим шагом была установка имплантов, тот же врач со мной работал. Сейчас жду, когда импланты приживутся, чтобы надеть коронки. Я уже общался с ортопедом Кимьягаровым по поводу коронок. Еще не решил окончательно, но склоняюсь к совету врача о циркониевой на передний зуб и металлокерамике на дальние.",ru
"Юлова Татьяна Семеновна не специалист Я - инвалид по зрению с детства, комиссию прохожу ежегодно (ВТЭК). Вот и пришла на приём к окулисту Юловой Т. С., поздоровалась, и слышу: ""А зачем, собственно, вы ко мне-то пришли?!"". В ответ объясняю, что являюсь инвалидом именно ПО ЗРЕНИЮ, поэтому и пришла на приём. ""Нет, а что от меня-то вам нужно, не пойму?"" - был мне ответ. Опять вежливо объясняю, что нужен ""посыльный лист"", для прохождения ежегодной комиссии. Татьяна Семёновна, морщась и отворачиваясь, поясняет: ""Не дам! Считайте, что меня нет"". На моё удивлённое замечание: ""Как же так?!"" - мне повторяет: ""Да-да, вот так. Меня тут нет. Нет и всё, уходите"". Я зашла к деж. администратору, узнать в чём дело. Немного погодя администратор мне печально изрекает: - ""Юлова заболела, оказывается, и может сейчас только просто сидеть в кабинете, а приёма она вести не будет, так как, видимо, что-то ей нехорошо"". И всё! ВОТ ТАК ПРОСТО. И КОНЕЧНО, НИКАКИХ ЗАМЕЧАНИЙ ЗАВЕДУЮЩАЯ ЕЙ ДЕЛАТЬ НЕ СТАНЕТ, ТАК КАК ОКУЛИСТА БЕРЕГУТ, БОЯТСЯ - А ВДРУГ УЙДЁТ! И ВООБЩЕ ТОГДА - НЕКОМУ БУДЕТ В КАБИНЕТЕ ""ПРОСТО СИДЕТЬ"". Делайте выводы, уважаемые пациенты - а действительно ли нужен ТАКОЙ ""специалист"", действующий по принципу ""работать не хочу, а зарплату получать всё равно буду!"" ВООБЩЕМ, СТЫД И ПОЗОР ОФТАЛЬМОЛОГУ ЮЛОВОЙ Т. С.!!! А ТАКЖЕ - ЗАВЕДУЮЩЕЙ ПОЛИКЛИНИКОЙ № 227, ПРИНИМАЮЩЕЙ ТАКИХ ВОТ ПСЕВДО-СПЕЦИАЛИСТОВ НА РАБОТУ!",ru
"Беспредел в регистратуре Ужасно халатное отношение к мед. картам, Постоянно они их теряют.",ru
"Как удобно покрывать все политикой. Нарушаешь закон, крадешь спиртзавод, создаешь беспорядки и т.д., а если тебя за это нарушения закона хотя наказать, то удобно прикрыться что тебя преследуют по политическим мотивам. Вообще ожидаемо от Немцова.Что поделать если у нас в оппозиции люди которые нарушают закон и не хотят за это отвечать, строят из себя святых  Надеюсь, Пономарев не одобряет решение Немцова? Ведь, по сути, Немцов - его полный идеологический противник.  Жопа прикрыта неудачно.Заявитель по таким делам о коррупции не обязателен, и дело возбуждается по факту.Срок давности не истек. Никогда не имел..  и подобное легко перекрывается многолетним пользованием  грантами  и взятками со стороны зарубежных агентов.",ru
"это бюджетный скромный отель, но соотношение цена - качество - отличное. номера выполнены в белых тонах и весьма скромны. меня заселили ранее срока и подарили комплиментарную бутылку колы. отношение было хорошим, завтрак - неплохим",ru
"Магические элементалы, например. )",ru
"Когда конкурирующие группировки Горбачева и Ельцина безоглядно чего только не раздавали направо и налево, пытаясь завоевать сторонников! Сделав СМИ и журналистов в правовом поле практически неприкосновенными, эти законы обрекли их на разборки и месть за пределами права. А распространившиеся в СМИ безграмотность (и языковая, и очень многие иные), пошлость, засилье  чернухи , скандалов и  гламура , практически полное отсутствие в новостях так называемого  позитива  - всё это и многое другое разве не имеют одной из причин именно такое законодательство о прессе?Что же до  максимальной свободы , то укажу на один простой факт, совсем недавно сильно меня изумивший. Некоторое время назад я совершенно случайно попал под утро на передачу о Юлиане Семенове на Первом. И, открыв рот, выслушал версию, связывавшую его инсульт осенью 1990 года со смертью примерно в то же время его заместителя и тогдашним же убийством священника Александра Меня (безо всякой связи с чем-либо религиозным). И не в том дело, верна ли эта версия, или не верна, а в том, что ничего похожего в то время в прессе не появилось. Хотя смерть Меня была очень и очень популярным в СМИ событием, не отписывались по нему только самые ленивые.Так лично моя иллюзия максимальной свободы СМИ в рассматриваемый период была разрушена напрочь.  Ау !!!СМИ, где вы???Сколько вам платят как иностранным агентам?Россия была нейтральной в гражданской войне 2008 года в Грузии.Открытое обращение-67 к В.",ru
"Скажем, сталинская цифра советских потерь в ВОВ. Конечно, можно возразить, что-де приведённая справка - документ управленческий, т.е. в ней не место пропаганде и очковтирательству. Но тогда возникает сомнение иного рода: документ, составленный по горячим следам, a priori не может быть точным.2. Не, мне, конечно, не сложно самому посчитать, но. всё-таки хотелось, чтобы Вы, как автор утверждения, приводили сопоставимые данные, т.е., если речь изначально идёт о сверхсмертности в абсолютных показателях, то для отслеживания тенденции указывать абсолютные цифры за предшествующий период, а не относительные данные в промилле.3. Сразу не уточнил, поэтому спрошу сейчас: почему в расчёте демографических потерь от голода Вы не учитываете сокращение рождаемости?  вот эти  все  в дерьме пополам с кровью и сидят сто лет почти...  До 17-го обычная смертность была высока.  Что за хрень?  Остановка экспорта хлеба и снижение плана по заготовке для Украины, подписанное лично Сталиным - вполне себе помощь со стороны государства.А самая главная помощь со стороны государства - это УКРУПНЕНИЕ сельскохозяйственного производителя. Оно вырвало крестьян из порочного круга  самообеспечения внатяг  и не дало кулакам приватизировать эффекты укрупнения.  Верно. Любое негативное событие в стране - валим всё на Сталина.",ru
"Прекрасный отель в центре, обслуживание на уровне, завтраки соответсвуют стандартам Хилтона, причем в этом отеле они уже включены в стоимость номера. Бесплатный WiFi в номерах. Один минус, в номерах (может не во всех, но в нашем не было) нет минибара. Лучше брать номер на верхних этажах, с балконом. Совсем рядом известный Берлинский зоопарк, обязательно сходите с детьми!",ru
"они вместе - напал один, значит есть вероятность того, что нападет другой. закон не ставит обязательность условия, что непременно должно быть сначала нападение, а потом уже оборона и крайняя необходимость. достаточно реальной угрозы такого нападения. реальная угроза присутствовала  она что, снайпер что ли? студентка плешки, там стрелять не учат, кто не спрятался, тот и виноват! а если бы у неё был калашников (с)  в унисон с гутником. эх  саш, с субъективной стороны - реальная и непосредственная угроза присутствовала? раз напал один с ножом? от второго присутствовала угроза нападения? я о субъективной стороне исключительно сейчас  для начала, откуда вы взяли про три ножевых ранения ?    не, ну судьи с ментами у нас известно кто, так что я особо за их версию надрываться не буду, конечно. но защита, по-моему, тоже сказки рассказывает.  игорь ! там не было нападения. там было взаимное побоище.  по тому, как пишут, тоже стреляла.",ru
"На что деньги? Стажировка как бы оплачивается, да и родители обычно учащихся детей содержат, это нормально.",ru
"Местоположение - шикарное, около исторического центра города. Остановка трамвая - в 2 минутах ходьбы. Номера уровня 5 звезд, персонал - готов выполнить любые ваши прихоти. Завтрак очень вкусный. Советую на 100%",ru
"Брали отель только для одной ночевки. Приехали в отель в первом часу ночи - оформление довольно быстрое. Один из плюсов близость к станции метро Владыкино (около 5 минут пешком), хотя окружающий район далеко не самый лучший для Москвы. В номерах эконом все скромно, но достаточно чисто. Да и за такую стоимость номера что-то требовать большего не уместно.Завтрак - вроде выбор не маленький, но качество оставляет желать лучшего, опять же соответствует цене.",ru
"За третьим только к нему Низкий поклон Семенихину Г. А. Если за третьим, то только к нему. После, в послеродовом, на низшем уровне. Вечно подвыпившая медсестра, которая не может сделать укол в вену, всю руку обкалывала. И недовольные молоденькие студентки-медсестрички. К которым бежишь за помощью среди ночи, а на тебя как на дуру. Да еще начинают возмущаться. Приходится ругаться, по другому никак.",ru
"Я приобрела машину в сентябре 2013 года в автосалоне. Выбор сразу пал на нее, потому что во-первых смотрится она прекрасно - как кроссовер, с серебристыми накладками на бампер, пороги и рейлингами на крыше. Во-вторых это увеличенный клиренс, что немаловажно в нашем городе с ужасными дорогами и частным сектором, в котором совсем нет дорог)) С моей работой очень часто приходится ездить в такие пампасы)), что на другой машине я только охала и хваталась за сердце на каждой кочке. Это были два основных критерия. У меня МКП. Цена машины 530 000 рублей+КАСКО.",ru
"Замечательное расположение, супер удобное ! Неожиданно заселили ранее установленного времени. Номер был небольшой, но все продумано, очень чисто, комфортно, персонал очень вежливый. WiFi работает отлично. Завтраки очень качественные, все вкусно и красиво. Прекрасное соотношение цена/качество.",ru
"Проблема осталась За неделю мы заплатили 100 тысяч, а результат - реанимация через пять дней после выписки. Нашу проблему вообще не решали. Мало того, придумали пневмонию! Якобы и рентген показал! Хотя никаких признаков (кашель, дыхание необычное) на было. И только когда МРТ грудной клетки СЛУЧАЙНО показал деструктивный холицисит абсцесса печени, они зашевелились! Срочно перевели в хирургию, поставили дренаж, и врач сказал ""еще немного и было бы поздно"". Однако, через неделю отправили домой, а проблема осталась. Уже после реанимации на скорой, в городской больнице (13), удалили огромный камень, который загораживал протоку. Лечение там продолжается. Если сравнивать с ЦКБ: небо и земля! Итог: ничего хорошего я не могу сказать про больницу на Литовском бульваре. А уж как деньги беззастенчиво высасываются, по-другому не скажешь. Прямо диспансеризацию провели, только что МРТ мизинца не сделали!",ru
"Не советую Первый раз пошли к неврологу в 1 мес., врачом было озвучено, что у ребенка гипертонус нижних конечностей и слабый тонус верхних, прописала Элькар малышке и мне глицин. Также в диагнозе было написано про желтуху, хотя и слова не было сказано об этом. Повторно пошли в 2 мес., опять тот же самый диагноз, опять прописан Элькар, глицин. В 3 мес. история повторилась с диагнозом, но к привычному Элькару и глицину был также добавлен ""для мамы"" Магне б6. На протяжении всего этого времени Элькар я давала ребенку только 2-е недели, потом мы просто перестали засыпать спокойно, но врач продолжала настаивать на том, что Элькар необходимо принимать. Тогда мы проконсультировались с другим врачом (пошли уже по знакомству), который нам сказал, что лечение, назначенное неврологом - назначение некомпетентного врача, который боится лечить ребенка и назначает бесполезные лекарства. Оказалось, что тонус у ребенка в норме, а о желтухе не может быть и речи.",ru
"Прекрасное место !  Любим с друзьями собраться там - покурить сигары , попить виски ) Атмосфера располагает к приятной беседе - не шумно , но весело )",ru
"Если желаете остановиться в недорогом, но уютном отеле, то непременно рассмотрите вариант Байкала. Рядом Ботанический парк, метро тоже не далеко. В 30 метрах расположен продуктовый магазин, шведский стол включен в стоимость, бесплатная камера хранения - все из перечисленного обладает весомым значением в выборе отеля. Минусы: маленькие телевизоры с плохим качеством изображения, матрасы можно поменять, но спать можно (для меня слишком мягкий).",ru
"Из плюсов отмечу только просторный номер и местоположение. В остальном крепкий середнячек, с плохой шумоизоляцией. Завтрак так себе, для такого отеля, такой сети - даже странно. Хотя отель выглядит живописно, этого не отнять.",ru
"буржуи удавятся, денег не дадут. Для них главное это высокая прибыль любой ценой. А что после - хоть трава не расти. Весь смысл тут капитализма налицо. Не тщательные научные исследования, вычисления  разведка на стадии рабочего проектирования , разработка новых экологичных технологий эксплуатационного бурения,  нового оборудования..А химия Холибертон и разрыв пласта в хлам !Россия первая в мире по добыче нефти ! Стала! Какое достижение!  Есть чем хвалиться. И поливать СССР грязью, что они и делают сегодня во всех статьях  и диссертациях всяких лукавых  великих  управленцев -экономистов, и в учебниках тоже. Варварство это. Цена - загубленная уникальная природа, последние чистые островки планеты Земля.Капитализм - дерьмо, тормоз развития прогресса",ru
"ы еще войну вспомните. В 1989-м и 1990-м я был свидетелем того, что дефицит создавался искусственно.  Это трагедия русского народа.Результат социалистического способа хозяйствования.  было такое, да :-(  Ну и где этот виски по 80 рублей?  Дефицит создавался специально для развала СССР,а вы до сих пор такие наивные?  Тогда в Кремле не нашлось мудрого китайца или хромого немца, чтобы порядок в стране навести. Вот именно мудрого, иначе по тогдашним законам- надо было стрелять. И не по одному- за воровство, махинации и саботаж. И за работу на западных спецслужб.   Эти фотки свернуть в трубочку и засунуть одному челу в одно место!   Да",ru
"Правильно не  жемайтийцы , а  жмуды .  разве Латвия через 4 месяца не переходит на евро?  В общем, по сумме предыдущих комментариев, Вы можете нежно любить мосье Стиванда, но воздержитесь от его любимого политического приема, когда личное мнение своих демонов Крылов выдает за факты, а потом базирует на них умопостроения.  ох, не любят! чтоб было понятно, мы были в гостях у супружеской пары, где муж - жемайтиец, а жена - аукштентяйка.  Аукштайты переводятся как верхние, емнип, видимо тут глубокие причины, хехе.  +1По моим оценкам, всё с точностью до наоборот. Наиболее приличная ситуация в Латвии. Потом идет Эстония  -  так, сяк.  И совсем уж сраный кал именно в Литве. Вильнюс сейчас нечто среднее между Рязанью и Костромой.",ru
"Не согласна с мнением Tasha .  Праздновала в Карамели свою свадьбу .  Все прошло очень хорошо .  Все вкусно , это отметили очень многие гости , особенно была довольна мужская половина гостей - все мужчины - НАЕЛИСЬ !  Что так редко бывает в ресторанах на свадьбах .  На столах не было "" пустовато "" как я обычно наблюдаю на свадьбах , т. к. сама свадебный фотограф .  В общем мне есть с чем сравнить .  По поводу окон на хлебозавод - прекрасные окна !  Очень долго можно сидеть в зале без искусственного освещения , чем опять же постоянно страдают рестораны подвального типа ...  Что больше всего ненавижу , так это есть в подвалах ...  В общем - кухня вкусна , обслуживание ненавязчиво , девочки веселые и приветливые , отдельное спасибо менеджеру Наташе , которая курировала наше мероприятие .  Счастливые молодожены , они же свадебные фотографы - Колос Андрей и Ольга .  ЗЫ. мы туда еще вернемся ! :)",ru
"за окном очень шумная улица. вид из окна на облезлую общагу. номер просторный, но распланирован и меблирован абсолютно неразумно. попросил трансфер в аэропорт - не сделали, хотя отель пустой...общее впечатление - неуютно, негостеприимно, некомфортно. от Парк Хаятта ожидаешь совсем другого... плюсы? рядом дорогие магазины и красивый паркповторно не вернусь и другим не советую!",ru
"Согласно финансовой отчетности АО ""Казахтелеком"" за январь-сентябрь 2016 года компания зафиксировала прибыль в размере 63,78 млрд тенге. Данная информация была опубликована на официальном сайте Казахстанской фондовой биржи (KASE), передает kursiv.kz. Согласно отчетности за 3 квартала 2016 года совокупные активы компании составили 466,64 млрд тенге, это на 6,91% больше, по сравнению с показателям на начало года. Следует отметить, что большую часть активов компании в размере 58,14% занимают основные средства, что за анализируемый период сократились на 4,99% до 271,30 млрд тенге. Обязательства Казахтелекома за представленный период сократились на 20,04%, до 115,2 млрд тенге. Из них долгосрочные займы, что составляют 76,6% от всех обязательств, увеличились на 44,6% и определились в размере 88,28 млрд тенге. А краткосрочные займы уменьшились с 34,56 млрд тенге до 26,93 млрд тенге на 22,1%. Капитал компании составил 351,44 млрд тенге, что на 20,2% больше, чем на начало текущего года. Увеличение капитала замечено на фоне роста нераспределенной прибыли компании на 20,3%. За 3 квартала 2016 года доходы компании составили 152,71 млрд тенге, что на 8,61% больше по сравнению с тем же периодом прошлого года. Себестоимость оказанных услуг составили 97,42 млрд тенге, что на 7,7% большое по сравнению с 2015 годом. Так, валовая прибыль определилась в размере 55,29 млрд тенге, что показывает 10,23% рост. Операционная прибыль компании за вычетом всех расходов составила 39,98 млрд тенге, что на 16,49% больше прошлого года. Это удалось достичь на фоне сокращения расходов на реализацию. В Алматинской области открыли новую ГЭС Таким образом, прибыль после уплаты налогов за отчётный период от продолжающейся деятельности определилась в размере 21,58 млрд тенге, а прибыль после налогообложения за период от прекращенной деятельности составила 42,20 млрд тенге. Так, чистая прибыль Казахтелеком на 9 месяцев составила 63,78 млрд тенге. Справка По данным Казахстанской фондовой биржи, акционерами компании «Казахтелеком» являются Sobrio Limited (Рас-эль-Хайма, ОАЭ) - 24,96%, АО «Фонд национального благосостояния «Самрук-Казына» - 52,03%. 30 ноября 2016 года компания Кайрата Сатыбалдыулы Alatau Capital Invest (ACI) приобрела 3,4% Казахтелекома.",ru
"Благодарю врачей Благодарю ""Диамед"" в Марьиной Роще и отдельно врачей неврологии за помощь мне, Паренкову Сергею Ивановичу. Вы мне очень сильно помогли, дай Бог Вам здоровья! Буду советовать Вас своим знакомым.",ru
"Не у каждого человека, увы. При советах у моих родителей была небольшая ЗП - у матери 120 и у отца 160. Так что от получки до получки жили",ru
Благодарность хирургу Самарцеву Большое спасибо хирургу Самарцеву за профессионализм и просто за его человечность. Делал у него операцию по удалению гинекомастии. Результат очень хороший.,ru
Очень благодарен Оказала очень большую помощь в моем благополучном прибывание в поликлинике старшая медицинская сестра Андреева Елена Анатольевна! Побольше в нашей больнице таких отзывчивых порядочных людей! Спасибо большое за оперативную помощь в организации моего лечения!,ru
"Клинику стала посещать по мед страховки Клинику стала посещать по мед. страховки. Обратилась к врачу лор Савицкой Вере Петровне, я от неё осталась в восторге. Т. к. назначено ею лечение мне подошло, а так же, что ещё не мало важно, лекарство которое мне было выписано, по доступным ценам. Есть маленький минус администраторы на ресепшене, очень долго обслуживают.",ru
"Лазерная реконструкция диска Протрузия L5-S1 3, 8 мм. болела только поясница. В Ортоспайне разрекламировали лрмд. хотя в других клиниках ограничивались консервативным лечением. Через 1, 5 года после проведения в этой клинике лрмд L5-S1 стала неметь нога. Вследствие образования рубца, который стал защемлять нерв. Вывод - ЛЮДИ, не лезьте в позвоночник, если на то нет очень веских показаний. Отдала около 40 тр (2010 г.) Развели на деньги, нажились на моём здоровье. Если б знала о том, что грыжи лечат экстракорпоральной ударно-волновой терапией в ""ОДА"". ( правда это очень дорого стоит) не получила бы рубца ДАЖЕ ОТ ИГЛЫ и таких последствий.",ru
"С низким поклоном патогистологу Ануровой Мне 27 лет и у меня обнаружили эпителиойдную саркому ушной раковины, точный диагноз поставила светила патогистологии России Анурова О. А. за, что я ей без мерно благодарен! Ведь верный диагноз это правильное лечение. Путь к выздоровлению! Почему светила? Сам я из Уфы где мне провели три операции (щадящим методом) т. к диагноз ставили доброкачественная опухоль ""хондрома"". Все три раза смотрели разные патогистологи в т. ч главный гистолог Р. Б. и диагноз подтверждали, успокаивая мою бдительность, хотя симптоматика не совпадала (интернет в помощь))) и я решил съездить в хваленую Казань на консультацию. Собрал с больниц все стекла и гистологические блоки (это материал-опухоль кот. после операции укладывают в парафин для долгого хранения) и не прогадал! Только Надежда Василевна (заведующая патогистологии в Казани через нее все проходит перед сдачей на игх) взглянула на стекло и сразу ошарашила, о хондроме речи быть не может! Первая операция - уже было злокачественное образование! Для уточнения нужно игх! Но за две недели так и не смогли поставить точный диагноз! Сославшись на санкции, нет нужных антител! И отправили в Москву к Ануровой объяснив, что такие как я раз в месяц один человек. Игх 5000 руб. взяли с меня ( (. В РОНЦ попав к Ануровой я вообще ошалел! Человек робот! Работает с 7 утра до 8 вечера, фанат своего дела! Сразу сказала с уверенностью в 80% точный диагноз! Который позже на игх 12000 руб. подтвердился! Вот она мозг! Потом проводила в башню к врачу, где меня также тепло встретили и начали оформлять квоту о чём я напишу чуть позже. Вывод! Убедитесь в точности диагноза! Это половина успеха на выздоровления! Не сдавайтесь! Лечитесь! С удовольствием отвечу на вопросы в ответе на отзыв;)",ru
"Современный дизайн-отель. Расположение невероятно удобное. Аэробас останавливается прямо у дверей отель. Площадь Испании в 2-х минутах ходьбы. Рядом выставочный центр Фира. Волшебные фонтаны и Монтжуик в пешей доступности. Остановка Бас- туристик -рядом, на пл. Испании. Номер- стандарт, все устроило. Завтрак полноценный , даже с шампанским",ru
"країнська, мова Русі.   Еще раз: людей ЗАСТАВЛЯЮТ свидомые оккупанты писать вывески на ломаном польском.  Вот и снова проявилось, как только появляется кацапский имперец, то буквально сразу у него прорывается гомосексуальная тема:  в очко .. имел  - вы клоуны даже не замечаете как палитесь.    Я 2 недели назад как из Крыма вернулся, как минимум половина всех вывесок и рекламы на украинском, даже в упоротом Севастополе. Тебе стоит попытаться воспринимать обьективную реальность, а не больные фантазии имперастов.   с тупым кацапьем, совковым быдлом как и с алкашами и бомжами по-людски разговаривать бесполезно  Ну учитыая что  по украински  в Крыму не говорит НИКТО, все вывески на русском (кроме госучерждений) то воспринимать Крым иначе как временно оккупированные гуцулами Русские территории-не приходится.",ru
"С 14-го по 21-е августа были с семьей в Стамбуле. Оставались в Modern Sultan отеле. Оставались в 3-х местном номере. Из окон номера был виден Босфор, так как мы жили на 5-м этаже. Очень понравилось. Очень хороший завтрак, хороший выбор. Понравилась чистота номеров. Местонахождение очень удобное, рядом с Топкапы и Айя Софией. Недалеко находится пристань. И так как это центр города, удобно ехать в торговые центры.",ru
"Если вы собираетесь посвятить время музеям Берлина, лучшего места вам не найти. Музейный остров находится буквально через реку. Также по расположению отель подходит для тех, кто выбирает район Mitte. Недалеко - Александр Плац, и вообще - все недалеко.в районе - хорошие рестораны, галереи, все на расстоянии пешей прогулки. возле отеля - остановка туристического двухэтажного автобуса, перемещающегося по кольцевым маршрутам - луший способ познакомиться с Берлином за пару часов. Также остановка катеров, предлагающих часовые экскурсии по Шпрее.В холле гостинницы, действительно - огромный завораживающий аквариум.Гостинница сама по себе - новая, современная, со всеми удобствами, включая СПА, бассейн, фитнес. Функционально, хотя и не романтично.Ну и, как и остальные гостиницы в Берлине, вполне доступна по цене.буду еще в Берлине, остановлюсь здесь.",ru
"етаю, думал ты нас надолго покинула.. Зопугала тут годовым отсутсвием.  красавцы!  чета я непонял, вы белобрысого тоже себе взяли ?  кайфово !! поздравляю ))  Молодцы! Жаль, лапу порезал...Все фотки называются  найди черную собаку в черном углу  )))  ну клёво..молодцы!  ??N?? ??N???N??? N??µ????N?N??°?¶.???µ?????????? ??????????N?N????  ???°N?N?????N? ?±?°N??°??, N?????N??°N?N?????N?N? ???·?? ??N??µN? N???? .???? N?N??? N??¶?µ N? N??°???°N? ??N???N?N???.???µN? ??N?N?N?????, N???N?N? ?? ???±??N?????N???N??µ, ??N??°?????°))????N?????N?N?N? ???µN?N? ?¶?µ ?? ?µ??N? N??¶?°N????? N? ???°???? ???????µ?·? ??.?????·??N??°??? N?N? N? ?????±?µ???°????",ru
"Первый и последний раз .  Я здесь .  И рекомендация знакомым будет соответствующая .  При всем уважении .  Причины : 1 .  Ответ официантки на вопрос о невероятной медлительности обслуживания был прост : "" Вас четырнадцать , а я - одна "" .  Такой ответ больше ожидаешь услышать где-нибудь в пристанционной забегаловке , а не в ресторане определенного уровня .  Кстати , в зале кроме нашей четырнадцатичеловековой компании было занято не более двух столиков . 2 .  Ладно бы медлительность .  Но - в итоге так и не принести гарнир к горячему ??? Причем после того , как об этом просит клиент , так сказать , напоминает : "" не забудьте , пожалуйста , у меня еще и гарнир был заказан ! "" .  Так как стол был оплачен единым счетом и никто , конечно , не рассматривал что там в нем записано - за гарнир , думается , было заплачено сполна .  Денег за него не жалко - обескураживает опять же отношение к клиенту . 3 .  Официантку действительно можно "" поймать "" только тогда , когда она что-нибудь приносит к столу . 4 .  Но вот что совершенно отбило охоту возвращаться в "" Рыбалку "" , так это - ПОЛНОЕ и Удивительно ПОЛНОВЕСНОЕ игнорирование простого волшебного слова клиента ( проглотившего все НЕДО ... и смирившегося с "" человеческим фактором "" ) на выходе из ресторана : "" ДО СВИДАНИЯ "" !  В ответ : ... тишина и спины .... П. С. Может я чего-нибудь недопонимаю и счет на 1000 еуро - это "" пшик "" для ресторана "" Русская рыбалка "" ?  И поэтому клиент такого уровня - недоклиент ?",ru
"Настоящий мужчина не позволит своей девушке заплатить за себя в ресторане.В России да, в других странах, видимо, по-разному.Однако, настоящим женщинам в России, стремящимся к равноправию, стоит иметь ввиду, что равноправие означает то, что платит тот, кто приглашает.Настоящий мужчина должен быть свиреп и небрежен.Не логичное сочетание с джентльменством и не способностью оскорбить женщину.Настоящий мужчина должен быть щедрым, а не экономить каждую копейку.Правильно, но если он решил экономить, то этим самым он подтвердит свою решительность и настоящесть.Настоящий мужчина должен быть смелым и решительным.Правильно, а настоящая женщина после смелых и решительных поступков никогда не скажет, что надо было с ней посоветоваться.",ru
"Хочу поблагодарить сотрудника Назарову Отличный врач, врач просто от бога. Наблюдалась у нее все 2 беременности. Родила и сына и дочку. Все анализы и УЗИ посмотрит, ничего мимо не пропустит. Всегда назначала грамотное лечение и ничего лишнего. И как детский гинеколог она просто чудо, у меня доча у нее даже особо и не пикнула. Очень мне повезло, что я у нее на участке. Спасибо Вам, Галина Анатольевна, за ваше хорошее отношение к работе и индивидуальный подход к каждой пациентке.",ru
"Мы с мужем часто ходим в этот ресторанчик , ходили обычно всегда в воскресенье вечером-в этот день как правило там тихо , мало народу .  А недавно пришли в пятницу , было если честно немного шумновато ... немного я считаю необдуманно , т. к. в пятницу и в субботу у них живое выступление .  А так , хорошее спокойное заведение , вкусная кухня , напитки .  Хорошее обслуживание , всегда все улыбаются .... Советую сходить , кто не был ...",ru
"Чарует все в этом городе. Архитектура история люди вино....но отметить особо хочу ""вечную стройку"" Саграда фамилию.Когда впервые видишь это произведение искусства,то не понимаешь что же это такое. Растерянность и удивление охватывает Вас. Присмотревшись, и особенно-войдя внутрь, понимаешь,что увидел что то космическое нереальное необыкновенное...смотришь во все глаза и не можешь насмотреться! Куда то ввысь парит, куда то уносит вверх. Нет такого стиля больше нигде. Нет таких творений зодчих больше нигде. Есть больше золота и пафоса,но нет такой необычности.",ru
"У вас тут на сайте только хорошие комментарии есть .  А плохие , т. е. те которые вам не нравятся - вы удаляете .  А ведь мы написали свое мнение о заведении , что немало важно для людей которые никогда не были в вашем гадюшнике .  Ужасно .  Возмутительно .  Я никогда никому не посоветую посетить ваш ресторан !!!",ru
"Останавливались в отеле на одну ночь с 12 на 13 апреля в номере на 4 человека, который по факту оказался 3х комнатным люксом с общей гостиной и 2мя спальнями, каждая из которых располагала своей ванной комнатой.Основной минус - удаленность от метро, что компенсируется бесплатным маршрутным такси, которое ходит каждые полчаса. Завтрак вполне приличный, европейский шведский стол.",ru
"ttp://kungurov.livejournal.com/73229.html  волгоградские ЦПЭшники не признали песню  Каскадеры  экстремистской (это сделали в Москве), но несколько месяцев таскали по судам волгоградца Артема Брыкина, неосторожно выложившего эту песню у себя в Контактикечо, правда?какой субстанцией наполнены их головы?  Делом заняты, конечно.  Подозреваю, что именно они этот терракт и организовали.  такие у нас спецслужбы   Подозреваю, что именно они этот терракт и организовали.  Сдается мне, джентельмены, что это была шутка (С)А ведь похоже на правду!Смотрим. Утром - три поезда близко по времени, в т.ч. на Душанбе, где много восточного вида людей, легко затеряться в их толпе на входе в вокзал",ru
"Ведьма с молочной кухни Из-за путаницы с рецептом на молочную кухню, престарелая женщина МИХАЙЛОВА ЕЛЕНА, работающая на молочной кухне, сначала отказалась выдавать питание, причем женщине передо мной выдала молоко БЕЗ РЕЦЕПТА, просто потому, что та ей сказала, что ей молоко еще не выдавалось. После того как мой рецепт все-таки был выдан, она опять отказалась выдавать питание ""так как ей надо вводить данные, а ей лень"". Было сказано ""Приходите завтра"", то есть, чтобы рецепт вводил другой сотрудник.",ru
"озможны разные реалистичные и разумные решения, например, один день в неделю приходить во-время. Здесь тоже нет места чувству вины. Просто осознавать, что не все тебе подвластно и все люди разные. Кто-то жаворонок, и ему легче вставать рано, а кто-то сова.   Ну если очень близкий человек, то можно и порыдать пока рана не заживет. А потом рыдать уже деструктивно.   Это как после похорон близкого не рыдатьв контексте чувства вины очень странный пример а идти в церковь молиться, заказывать сорокоусты, помогать. ещё более странный вывод. кому помогать-то??  :-)  Очень верное наблюдение, не задумалась над этим, но думаю, так и есть",ru
"Первый раз отдыхали в Таиланде. Были удивлены чистотой и уровнем сервиса. Отель новый, чистый, яркий, апартаментный, номер упакован бытовой техникой. Персонал приветливый, отзывчивый. Много отдыхающих с маленькими детьми-для них есть игровая комната, детский бассейн. Завтраки-шведский стол сосиски, рис с овощами, лапша, омлеты, тосты, выпечка, хлопья, молоко, соки, чай, кофе. Есть кафе-бар в фойе, в 200 м есть аллейка с Family-mart, обменником, экскурсионными агенствами и магазинчиками. Через озеро до пляжа ходит шаттл-лодочка. От отеля - шаттлбас до ближайшей деревушки Чаба с ресторанчиками и магазинчиками, спа и массажными салонами. За хорошим шоппингом придется ехать в Пхукет или Патонг. Вайфай в отеле отличный, но на пляже отсутствует. Тв в основном азиатские каналы, но есть и Россия и fox movie. Пляж чистый, но на море нередко бывают опасные течения - будьте внимательны и следите за флагами, другой информации об опасности при купании нет, спасателей тоже! При нас утопающего спасал парень из работников отеля, который прибирал на пляже и расставлял шезлонги. Это единственный минус.  Трансфер от отеля дороже местных такси на 10-30%. В город вы уедете за 800 бат, обратно на местном за 500-600. Можно арендовать мопед или машину на стоянке рядом с Family-mart. Ходить пешком жарко, долго и опасно, тротуары в округе отсутствуют. Сама территория Лагуны очень чистая и красивая, вокруг хорошие 4-звездные отели, все прилично и просится в фотосессию.",ru
"Увеличивала грудь Увеличивала грудь у Игоря Анатольевича, очень долго сомневалась и очень боялась, к выбору доктора подошла очень тщательно, когда попадаешь на прием к Игорю А. все сомнения развеиваются, очень располагает к себе и подробно отвечает на все-все вопросы, как и что будет делать. Прошло полгода и сейчас я счастливая обладательница 3 размера груди (с 1-го), выглядит очень натурально и естественно, даже не ожидала такого результата! Операция стоит дороже чем в др. клиниках, но это того стоит, спасибо огромное доктору и всему персоналу!)",ru
"Отвратительный сервис , завышенные цены и плохо вымытая посуда .  Жаль потраченных денег и времени !",ru
"Были муж и жена с девятилетним ребенком в «несезон» (первые две недели августа). Очень симпатичный отель. Тихо спокойно. Персонал «тайский» то есть хороший. Много среди постояльцев китайцев, но их видишь только на завтраке, затем они разъезжаются по экскурсиям и практически весь день отель пустой. Как и пляж, на котором отдыхают только россияне и катаются кайтингисты из Европы. Никаких рядом дискотек и громкой музыки. Шумных поздних развлечений рядом тоже нет, что в нашем случае было самое то!. Вечером и ночью слышны только звуки фауны. Рядом аэропорт, но самолетов практически не слышно (жабы и цикады ночью орут намного громче). Единственный минус отеля: русскоязычный работник на ресепшене работает не каждый день.",ru
"Были перед новым годом .  Вроде на второй день открытия .  В целом размашисто .  И дешево очень .  Наверно пока .  Однако еда соответсвовала ценам ... небольшие и непонятные порции .  Ели все колбаски .  Ничего не поразило , скорее чуть ниже среднего , хотя вроде что то говорилось про специального шеф повара из европы .  Пиво как пиво .  Цене соответствует .  Официантка приняла заказ , но через полчаса выяснилось , что заказ сделанный девушками , выполнен не будет , т к пицца закрылась .  Девушки остались голодными , пришлось кормить их в другом месте",ru
"Достаточно большой комфортный не очень чистый четырехместный номер с двухярусной кроватью. Очень маленькая ванная комната с неприятным запахом из вентиляции.Хороший завтрак в небольшом кафе.Русскоговорящий персонал.Отличное расположение, до метро метров 100.Может не идеальный отель, но за свои деньги очень хороший вариант. Если будем еще останавливаться в Берлине в этом районе другой отель искать не будем.",ru
"Ошибки в документах! Больше месяца назад мой сын проходил ВВК в этом госпитале. Прошел комиссию, решением комиссии был комиссован. Вот уже месяц находится в части в медсанчасти, ждет документов. Два раза документы возвращались из Москвы в госпиталь с ошибками. Лежал он в 13 отделении (травматология) - Кузин Константин Сергеевич. Убедительная просьба разобраться в ситуации!Почему такое происходит?! Мой сын вот уже месяц назад мог бы быть дома, продолжить учебу, найти работу. За такое должны понести наказание!",ru
"Я ездила на Мазде Демио с течение четырех лет. Сначала она показалась мне почти мечтой - по сравнению с семеркой, на которой я училась, чтобы получить права. Бесспорно, у нее масса плюсов: она, как большинство японцев, оборудована электропакетом и гуром, легкая по весу, у нее с связи с этим маленький расход топлива (около 7 литров на 100 километров по городу, по трассе она вообще бензин ""нюхала"" - 5 литров), высокий потолок, хороший обзор по окнам и зеркалам, неприхотлива в ""еде"" (правда, после заправки 95-м топливом в Крыму в 2010 году все равно заглохла, но это была проблема топлива, а не машины) и обслуживании; у нее маленькие габариты, машинка очень удобна при городской езде и парковке, не надо долго искать место, а хечбэк обеспечивает хороший обзор при парковке задним ходом без дополнительных зеркал, большой и вместительный багажник. Несмотря на не самый большой дорожный просвет, она у меня проходила даже по горным дорогам. Крайне надежна, ломается очень редко, по сути, я меняла расходники и масло. Также радуют краш-тесты, безопасность малютки на уровне.К сожалению, машинка не лишена недостатков, все-таки это авто эконом-класса. Так, у нее крайне слабая шумоизоляция, что, в принципе, довольно легко решается, но за дополнительную оплату. Следующим минусом можно назвать очень жесткую подвеску, вследствие чего я бы не рекомендовала ее людям с больной спиной. Примерно на 200 000 км. необходимо менять коробку передач, правда, цена на нее кусается не сильно. Также минусом на трассе оборачивается плюс высокой крыши - парусит сильно, при скорости 120 начинает терять дорогу. При включенном кондиционере немного подтормаживает.",ru
"Зорина Татьяны Павловны очень опытный врач Рожала у Зориной Татьяны Павловны 02.12.2012 года. Роды были вторые и до этого был не очень удачный опыт первых родов. Врача выбирала по рекомендации другого высококлассного врача, которая вела мою беременность. До сих пор вспоминаю Татьяну Павловну добрым словом, когда прихожу к гинекологу и слышу, что хорошо провели роды. И еще, когда смотрю на своего сынишку, вес которого при рождении был 4300. Рожала сама. Роды были платные. Была в отдельной одноместной палате с малышом. Приезжала к Татьяне Павловне показываться на осмотр через 2-3 недели после родов, бесплатно. Спасибо большое команде врачей, которые дежурили в ту смену с 01.12.2012 на 02.12.2012. Их золотые руки и опыт помогли хорошо родится моему малышу, а мне быстро восстановиться.",ru
"Благодарность хирургу Курилову Владиславу Павловичу Поступил в ЦРБ г. Пушкино 3 ноября 2015 с диагнозом острый аппендицит. Врач Курилов В. П. провел лапароскопическую операцию, хотя мог провести обычную операцию с разрезом. Очень ему признателен за профессионализм и грамотность в своей работе.",ru
"Отличный врач Сегодня была на приеме у Овчинниковой - замечательный, добрый и отзывчивый врач!",ru
"Новым наставником сборной Казахстана по тяжелой атлетики стал Юрий Мельников.    Он назначен исполняющим обязанности главного тренера сборной, передает Vesti.kz. Это решение было принято в ходе республиканского тренерского совета федерации 2 декабря в Кызылорде.    Юрий Мельников тренирует тяжелоатлетов более 30 лет. Он был наставником таких известных спортсменов, как Татьяна Хромова, Вячеслав Ню, Бахыт Ахметов, Алла Важенина и Надежда Ногай.    Родился Юрий Мельников в Шымкенте 59 лет назад. На тренерскую работу он перешел в 1985 году. С 1992 по 2002 год Мельников был одним из тренеров сборной, а с 2000 по 2002 годы трудился главным тренером женской сборной. В последнее же время он работал в спортивных школах Шымкента.    Юрий Мельников сменил на этом посту недавно подавшего в отставку Алексея Ни. Ни ушел со своей работы в результате допингового скандала.   По сообщению сайта Матрица.kz",ru
"Благодарность Благодарность смене, которая работала в ночь 31.10.15 г. Сегодня попала с ребенком в приемное отделение этой больницы. Ребенок разобрал пульт! 1.6 года) и я не досчиталась батарейки, три часа искала, весь дом перевернула - нет. Его спрашиваю, а он говорит ""ам"". Короче рванули в больницу. Я жила во многих городах России, но такого обслуживания, отношения к пациентам не видела нигде. Доброжелательно встретили - это ничего не сказать! Моментально все осмотрели, сделали рентген, Слава Богу обошлось, но я до сих пор под впечатлением. К такому персоналу хочется идти, молодцы! Я на неврозе, даже не запомнила фамилии, но смене которая работала сегодня в ночь огромное, огромное спасибо! Побольше бы таких прекрасных людей!",ru
"28 февраля у нас в этом ресторане была свадьба ! зал супер ! даже украшать не нужно ! интерьер потрясающий ! обслуживание замечательное , милые официанты , а директор этого заведения просто прелесть ! спасибо за вкусную еду и замечательный праздник ! кстати , свадьбы без драки же не бывает ? ! ) на случай неё в зале присутствует охрана ...",ru
"Прекрасное кафе , одно из лучших мест в Москве , превосходная кухня , шикарный дворик , уютные беседки .  Бываем раз в неделю всей семьёй , спасибо .",ru
"Не рекомендую никому Приходили с ребенком 29 ноября 2013 г. У ребенка начиналась ветрянка, но тогда я этого еще не знала. На пенисе появился прыщик. Долго по телефону не могли решить, к какому врачу нас записать, и записали к урологу. Уролог Понкратов, осмотрев ребенка, сказал, что нам надо к дерматологу с этим прыщом, ветрянку не опознал (но, наверное, это не его специфика, хотя мог бы и знать), но нашел другую проблему: фимоз. Предложил сразу записаться к нему на мини-операцию (причем через 2 дня), показал белый налет под крайней плотью и сказал, что это гной, медлить нельзя. Между прочим, причинил ребенку боль. Я впечатлилась, но потом были кучи других проблем, я все время об этом думала и, наконец, сегодня мы сходили к андрологу (другому, к этому ребенок отказался идти категорически), и вот именно это событие и подвигло меня написать отзыв, т. к. я узнала, что белое вещество - это естественная смазка у детей, а не гной, что натягивать крайнюю плоть у ребенка нельзя, что конкретно моему ребенку ничего делать не надо, так все находится в физиологической норме соответственно возрасту. Вот так! Продолжу еще про визит. Потом г-н Понкратов провел нас к дерматологу Мозговой, которая тоже не знает, что такое ветрянка. Она вскрыла прыщ, между прочим причинив сильную боль, и отправила жидкость на анализ. Таким образом, я оставила в этой клинике около 4000 руб. и несколько лет жизни, что оказалось не просто бессмысленным шагом, но и вредным. Не рекомендую этих врачей как детских НИКОМУ. Может быть, они только во ""взрослых"" болезнях соображают. Это в лучшем случае, ну а в худшем судите сами.",ru
"Благодарность сотрудникам больницы Медперсонал исключительно высокой квалификации. Чуткое, внимательное отношение к больным. Особо хочу поблагодарить Яценко Олега Юрьевича, Андрейченко Антона Михайловича (Каб. 408), Крылову Ирину Валентиновну (Каб. 601) и медсестёр второго отделения. Лежал в стационаре с 6 по 13 ноября 2013 г.",ru
"таки бесплатные,но не трудно переадресовать вызов",ru
"Спасибо ресторану за теплый прием в мой ДР. Вечер прошел в романических воспоминаниях - пол-года назад отмечали тут свадьбу .  Мало что изменилось - те же милые девушки , так же хорошо готовят ( а какие подают обалденные горячие булочки .. ммм ) .  Единственно , что изменилось - появился сомелье - не уверена , что для такого маленького ресторана такого формата он необходим .  Не очень понравилась навязчивость , с которой он пытался уговорить нас на самое дорогое в их карте вино ( хотя и относительно недорогое по общемосковским меркам ) .  Но настроение это нам не испортило .  Надеюсь , в будущем перемены будут только к лучшему .",ru
"Были с друзьями в этом замечательном ресоране .  Очень хотели попробовать устриц , как раз был в это время "" Фестиваль устриц "" .  Официант просто профи , все внятно рассказал и порекомендовал .  Было очень вкусно !!! Устрицы очень свежие , рекомендую .  Но на этом мы не остановились , была еще рыба , вино и конечно десерт .  Все изумительно .  Особенно хочу порекомендовать десерт "" крем брюле "" - Это Фантастика !  Еще раз повторюсь , обслуживание покорило !  Пять баллов !  Всем рекомендую .",ru
"Среди людей , кто питается в ресторанах , 01 давно уже стал легендарным местом - респект хозяевам .  И , надо отдать должное , за три года ничего не опоскудилось ( как это обычно бывает , особенно в пивных кабаках ( типа Шварцвальд )) - все , как и было , на высоте . Искреннее Спасибо . Иван Моисеевич",ru
"14.09.2006 пришли с подругами ( без предварительного заказа ) были приятно удивлены обслуживанием вышего качества .  Очень вкусные блюда ( жаль нет грузинского вина , по известным причинам ) .  Живая музыка поразила вокальными данными музыкантов .  Действительно охраняемая стоянка .  Отохнули на 100 % .  Всем рекомендую этот трактир !",ru
"Мы отдыхали в этом отели с 28 ноября по 21 декабря 2017 года с женой! Мы брали номер стандарт. Номера стандарт находятся во втором корпусе. Сам корпус трехэтажный, у нас был номер с видом на бассейн на втором этаже. 1. Мы заказали трансфер их аэропорта через этот отель. При прилете нас встретили, в течение 5 минут посадили в такси (Митсубиси Паджеро) и через час мы били в отели. За трансфер мы заплатили 800 бат. 2. По прибытию в отель нас в течение 10 минут разместили в отеле, хотя мы приехали в 11:40 утра. Обычно мы смотрим номер, и если он нам не нравится мы его меняем на более дорогой. В этом случае был хороший номер, но мы попросили показать нам номера с видом на море. Нас привели в другой корпус, подняли на 5 ый этаж. Номера были посветлее, но море из-за деревьев толком не видно, поэтому решили не переплачивать 16 000 бат, а остаться в своем номере. 3. Номер нас устроил, душ, туалет совмещен. Балкон в номере есть. В номере есть сейф, двухспальная кровать, телевизор (один канал на русском), шкаф, стол, чайник, холодильник - вообщем все необходимое есть! Хороший напор в душе, шампунь, мыло шапочка для ванной, ватные палочки и еще что-то пополнялось каждый день. Уборка оставляет желать лучшего, но это Тайланд, мы были в Паттайе, там та же ситуация) Мы в номере только ночевали. В бассейне я так не искупался даже! Расположение отеля идеальное!!! 4. Мы арендовали байк в этом отеле, было очень удобно, т.к. при отели круглосуточная охраняемая стоянка и за байком всегда следили. Цена за байк начинается от 300 бат и ниже, в зависимости от кол-ва дней, на сколько берете. И еще плюс в отели в том, что не нужно оставлять депозит или паспорт за байк. Достаточно сказать номер комнаты! Объездили на байке более 1000 км, один раз попали на облаву, где всех останавливают и дают штраф 500 бат, если ты без прав. И попали на штраф, когда поставили байк около поребрика, который был покрашен в бело-красный цвет. Заплатил 1000 бат. Поэтому не паркуйтесь, где цветной поребрик))) 5. Рядом с отелем стоит палатка с фруктами каждый день с 5 вечера до 12 ночи. Цены нормальные, но можно поторговаться. Они немного скидывают! 6. Нам понравился этот отель, персонал был очень дружелюбным и на все вопросы всегда реагировал. Есть вай фай на ресепшене, и немного ловил на балконе в номере. В самом номере не ловил, поэтому мы купили местную симку в Торговом центре за 650 бат, и у нас был интернет на месяц 4G. 7. Завтраки мы в отеле не брали. Начитались предыдущих отзывов) Рядом есть кафе Тай Смайл, питались в основном там. 8. Пляж Патонг не самый чистый, но этот вопрос решает байк!) Хороший отель за эти деньги!",ru
"Чистый, хороший отель в центре города. Остановились проездом, перед самолетом на одну ночь. Удалось отлично выспаться. Завтрак не брали, но спускались через ресторан - обстановка и сервировка очень понравились.Это уже второй отель, где некоторые номера выходят во двор и абсолютно не слышно шума города!",ru
Как минимум был Pitfall! на Atari 2600. Просто нинтендо сделали всё это лучше.,ru
Перелом Срослось замечательно Большое спасибо хирургам Он Клиник. Поступила моя бабушка туда с переломом руки. Старые кости очень трудно срастаются. У хирургов золотые руки. Собрали по кусочкам.,ru
Благодарность Хочу выразить огромную благодарность всем сотрудникам эндокринологического отделения. Спасибо и низкий поклон Вам за все.,ru
"дете к ментам, пишите заявление, даже если не охотник  Прошу выдать мне разрешение на приобретение охотничьего ружья... , а потом расскажите им, что согласно словарю, карабин - тоже ружье. Ружьем в свое время именовали и штуцер, но не более того и только потому, что это нарезка-двустволка. Единственное исключение из правила - тройник, то есть два ствола гладких, один нарезной. Но если у вас нет разрешения на нарезное оружие, вас обяжут залить тот самый нарезной ствол. Есть еще одно обстоятельство, у нас разрешение на гладкий ствол (ружье) можно было получить в любом из райотделов, а на нарезной ствол - только у начальника областной милиции",ru
"В целом машинка как игрушечка,если конечно обращаться с умом.Для наших дорого самый раз ездить.Десятка лучше чем 14,15,9,99 и т.д по одному виду симпатичней.Экономная,много не кушает и не требует.Мы ездили семьей в иркутск,от на до Иркутска почти 900 км.,туда и обратно у нас ушло всего 3,5 т.р на бензин,притом что в канистре еще из этой же суммы 20литров бензина лежало не использовано.По трассе не отстает от других машин,ездит мягко,в салоне тепло,уютно.Был конечно случай один,мы 3 хозяева машины,весной ехали с дачи,на пол пути машина остановилась и не ехала,нас дотянули до обочины,вся причина оказалась в ремне ГРМ,он порвался.купили новый ремень,поставили,месяц не прошел опять порвался.Может это качество такое у ремней,но мы попробовали 2 вида.А так мы были очень ей довольны,а главное по карману.",ru
"Этот отель оказался оптимальным вариантом для целей нашего трехдневного предрождественского путешествия. Минут пятнадцать неспешным шагом от железнодорожного вокзала, не требуется ни такси, ни общественный транспорт. Десять минут прогулки, и вы на Сенатской площади, либо бульваре Эспланады, да и прочие достопримечательности в большом количестве рядом с отелем. В трех минутах от отеля большая торговая улица Aleksanterinkatu. Так что и культурная программа, и шоппинг - не отходя далеко от отеля. Сам отель расположен на пешеходной улице. Наш номер был вполне просторным и удобным. Окно – во внутренний дворик, в таком номере тихо и спокойно. В номере была хорошая, большая ванная комната. Отличные завтраки, большой выбор, персонал постоянно следит, чтобы ни одно блюдо не заканчивалось, несмотря на то, что в отеле было многолюдно. Особенно запомнились ржаные финские пирожки ""калитки"".",ru
"Астана. 30 марта. Kazakhstan Today - АО ""ФНБ ""Самрук-Казына"" начало осуществлять программу трансформации в 6 компаниях: АО ""НК ""Казмунайгаз"", АО ""НК ""Казакстан темір жолы"", АО ""НАК ""Казатомпром"", АО ""Казпочта"", АО ""Самрук-Энерго"" и АО ""KEGOC"", сообщила управляющий директор АО ""ФНБ ""Самрук-Казына"" Елена Бахмутова. ""Для фонда ""Самрук-Казына"" внедрение лучших практик корпоративного управления - это одна из ключевых задач и практическая необходимость. Вы знаете, что 6 октября 2014 года глава государства осуществил запуск программы трансформации фонда. Данная программа призвана кардинально изменить и повысить эффективность деятельности всей группы компаний фонда. И состоит из трех ключевых направлений. Первое - это повышение стоимости, второе - это реструктуризация портфеля и третье - это корпоративное управление"", - сказала Бахмутова в ходе Национального форума ""Корпоративное управление: новый взгляд на инвестиционную привлекательность Казахстана"". По ее словам, программа уже запущена и реализуется в ведущих компаниях, в их числе - ""КазМунайГаз"", ""Казакстан темір жолы"", ""Казатомпром"", ""Казпочта"", ""Самрук-энерго"" и ""Кегок"". В Астане проходит Национальный форум ""Корпоративное управление: новый взгляд на инвестиционную привлекательность Казахстана"". К участию в форуме приглашено более 150 представителей государственных органов. Руководителей организаций, активно развивающих корпоративное управление в Казахстане - Национальный Банк РК, KASE, АО ""ФНБ ""Самрук- Казына"", АО ""НУХ ""Байтерек"", НПП РК ""Атамекен"", компании государственного и частного сектора, представители международных организаций, сообщает strategy2050.kz. Просмотров: 354 При использовании информации с сайта гиперссылка на информационное агентство Kazakhstan Today обязательна. Авторские права на материалы агентства. Заметили ошибку на сайте? Выделите текст и нажмите Ctrl+Enter",ru
"Супер Хорошая стоматология. Мне посоветовали туда обратиться коллеги по работе, когда я жаловалась на то, что лезет зуб мудрости и надо его срочно удалять, а в прошлый раз это получилось не очень удачно и теперь я побаиваюсь. На, что они сказали, что в данной организации хорошие хирурги и местный наркоз. Я обратилась и не пожалела. Теперь только в Зубастик буду обращаться)",ru
"Была в пабе "" Метрополь "" пока один раз , но , думаю , не последний .  Очень приятный интерьер : довольно светлые помещения , темного дерева столы и стулья , кирпичная кладка на стенах , свечи .  Народу было немного в вечер пятницы , что тоже было очень кстати - не шумно , можно спокойно поговорить .  За соседними столиками расположились несколько компаний , видимо , что-то отмечали .  Фоновая приятная музыка , негромкая и хорошего качества .  В общем , атмосфера мне понравилась .  Что касается кухни : выбор блюд в пабе не очень большой ( в ресторане , наверное , больше ) .  Мы заказали блюдо под названием "" Птица без головы "" ( очень вкусно ) , луковый суп ( неплохо , но бывало и получше ) , неоднократно упоминавшийся здесь десерт "" пук монашки "" ( название неожиданное , но на вкус очень даже ! ) .  Я до сих пор голову ломаю , почему оно так называется ) .  Блюдо представляет из себя мороженое , небольшие пончики и что-то вроде варенья из ревеня ( вряд ли это варенье , конечно , больше похоже на свежую смесь ) .  Пиво "" Бланш "" понравилось - я как раз такое люблю , светлое нефильтрованное , без горчинки .  Резюме : паб , достойный посещения .  Приду ещё .",ru
"а с нашими курильщиками мы разберемся  насчет электронных - не могу сказать, о по-моему это путь к резиновой женщине  Да какие уж популисты: в России число курящих достаточно велико.  не мертвый. многие курильщики стали меньше курить именно из-за невозможности в офисе дымить. надо все время на улицу бегать - не набегаешься  может пукать запретить  будто кто-то о России при этом подумал. перед Европой все красивым казаться хочется   я в электричках не езжу, а вот в поездах частенько, и вот когда я тамбур прохожу - вырываюсь в другой вагон, чтоб не вырвало от табачного мерзостного дыма и его концентрации  нам запретили в кабинетах курить  от. золотые слова   а нам вообще радоваться нечему, вам, как я вижу, тоже. если у вас одна отдушина - сигарета - сходите к психологу, у вас очень мрачный взгляд на жизнь, а ведь весна!  а ведь не понимают.....  Хорошо быЯ некурящий, так что ясно где мои симпатии :)  Я смогла бросить только с появлением электронной сигареты. Курила четверть века с перерывами на беременность. Пример взяла с соседей, которым тоже электронная сигарета помогла.",ru
"Сегодня с мужем побывали в этом ресторанчике .  Слышали много лестного - вот и решили сами убедиться .  Впечатления остались очень дажи хорошие .  Встретили нас радушно , показали залы , в итоге мы выбрали столик на веранде .  Народу было немного , обстановка очень уютная и располагающая к долгим посиделкам .  Интерьер достаточно простой , но в грузинском стиле , играет приятная музыка .  В общем уходить быстро не хочется ...  Очень повезло с официантом , который очень любезно и оперативно нас обслуживал .  Видя некоторые наши затруднения , очень подробно нам рассказал о блюдах , дал свои рекомендации относительно выбора блюд .  Заказ был выполнен очень быстро , ждали не больше 15 минут .  Что можно сказать о кухне ... горячее очень порадовало , особенно вкусно приготовлено мясо-нежное сочное , вкучно приготовлены овощи .  Шашлыка из лосося в порции было явно маловато , и практически отсутствовали овощи .  Особо не наешься .  Салат оказался приправлен слишком острым соусом .  Вино оказалось очень дорогим , поэтому пришлось обойтись пивом и довольно вкусным домашним морсом .  Выбор блюд достаточно широкий , поэтому думаю , что следующий раз мы попробуем что-нибудь еще .",ru
"Обсчитали на ресепшене Являюсь постоянным клиентом на протяжении примерно 5-ти лет. Постоянная пациентка доктора Ольги Александровны (очень хороший доктор):) в целом работой центра была очень довольна, пока, меня не обсчитали на ресепшене. Я это к сожалению поняла уже позже, когда была далеко и возвращаться не стала, тем более сумма не значительная (200р). Но обидно не за деньги, а за то, что тебя обманывают в мед. учреждении. Чек не дали, я настаивать не стала так как вид сотрудника был ""очень озабочен"" вопросами толпившихся в холле. И только потом я поняла, что оплатила две услуги вместо одной, которой была мне предоставлена, о которой было написано в бумаге которую мне дал доктор для предъявления на ресепшене. А ловкая девушка объявила цену сайта и сразу стала заниматься своими супер важными делами. Конечно, мне нужно было спросить, уточнить и быть внимательнее, НО если ты работаешь в заведении с хорошей репутаций, в коллективе грамотных врачей ты не имеешь права жульничать и подводить весь свой рабочий коллектив. Хотя это только мое мнение.",ru
"Очень рекомендую Елену Баранову Здравствуйте! Познакомилась с врачом Еленой Барановой три месяца назад, по рекомендации своей подруги. Мне нравится то, что доктор не навязывает лишние процедуры, прислушивается к моему мнению, желаниям и возможностям. Сделала нити новые в апреле и биоревитализацию для лета - всё очень понравилось. Эффектом довольна на 200%. Спасибо вам Елена!:)",ru
"Очень хороший отель в самом центре Хельсинки, хорошие уютные номера, прекрасное высококачественное бельё и безупречный климат -контроль( не везде есть в Хельсинки).Достойное место. Но есть и минусы: 1.Туалет расположен напротив кровати,хотя номер большой и разнести было можно;2.Завтрак, по-европейски, скромный, а для такого уровня(4*) хотелось бы больше разнообразия, да и к тому же не включен в стоимость номера;3. Ванная комната(именно ванная) сделана очень оригинально:без двери, поэтому прохладно,когда моешься и душ, мне тоже не понравился,можно было сделать что-то посовременней.Но,всё равно отель хорош!",ru
"Бронировали на майские буквально из оставшихся вариантов, и абсолютно не разочаровались. Несмотря на заполненность, в отеле - тишина и чистота. Отличное расположение и спокойный двор без пыли и шума в окнах. Замечательный персонал.",ru
"В первую очередь понравилось месторасположение отеля - в пешей доступности от кремля, храма Христа спаситель, Третьяковской галереи и просто красивых улочек и набережных. Сам по себе отель весьма не плох, но за такие деньги ожидали немного большего... хотя бы элементарных одноразовых тапочек, которые в стандартном номере почему то не предусмотрены... не критично, но несколько удивило...А по факту - парковка, пусть маленькая, но есть - правда нужно обязательно зарезервировать место позвонив на рецепшн. Номер небольшой, но чистенький, уютный и вид (жили на 8 этаже) очень понравился...Персонал дружелюбный и внимательный.Завтрак вкусный, правда не особо разнообразный. Впрочем мы нашлись о остались довольны.Подводя итоги - хороший отель с идеальным расположением для знакомства с городом или просто приятных выходных.",ru
"Это моя первая машинка.Купила ее в 2011 году. У меня белый хэтчбэк. Мне она очень нравиться.За все это время ни разу не было проблем не по технической части, ни с чем то другим.Очень хороший обзор для водителя.Внешне мне тоже очень нравиться.Городская удобная малышка.Не тесный салон.Зато очень удобные размеры для парковки.Мало ест бензина.И вообще полностью оправдывает свои деньги.",ru
"Нет талонов на бесплатное лечение Придя в поликлинику в 7.20, чтобы получить талон, (поликлиника открывается в 7.30 как написано на табличке у двери) очередь начиналась от самой входной двери, т. е. люди стоят задолго до открытия регистратуры, чтобы получить талончик на бесплатное лечение. Отстояв в очереди 1 ч. 20 мин., я ушла так и не получив желанного талона именно на бесплатное лечение. Через интернет записаться невозможно, там открыта запись только на хирургическое лечение, и в терминале в самой поликлинике есть возможность взять талон на недели 3 только вперед и то не ко всем врачам. Неужели так мало выделяется талонов на бесплатное лечение или просто их на самом деле зажимают?! Уже почти во всех медицинских учреждениях введено, что можно записаться к врачу на несколько дней вперед, а не день в день, как в нашей стоматологии.",ru
Хамское отношение к сотрудникам Заведующая 6 отделения - Ористова обзывает сотрудников дураками и крысами.,ru
"Да дня болел зуб Жуткая поликлиника! Два дня болел зуб, не спал и не ел, обезболивающие перестали помогать, от безвыходности пошел туда. Начались мытарства (первый врач терапевт совершенно не компетентна в медицине, заявила, что я намял десну! На доводы, что болит именно зуб, причем жуткая боль, и просто удар током при нажатии не произвели на нее впечатления, как собственно и рентген! Сказала чтобы лучше чистил зубы, безумно больно расковыряла десну и отправила с болью домой! На следующий день пошел опять, слава ФСБ, хирург наконец определил, что у меня воспаление плохо запломбированного канала (зуб был без нерва), отправили, распломбировали каналы и отправил домой, точнее на работу. На следующей день с очень раздутой щекой вернулся обратно, оказалось, что нужно было прописать антибиотики, но он забил на это дело! Сделали разрез, вообще чуть не помер, аж медсестра побелела от страху, анестезиолога пришлось вызывать, так как сделали недорогую и мощную заморозку на голодный желудок, оказывается могли и попроще, что нибудь вколоть. Ну так врач вроде хороший, ответственный и соображает в своем деле, кроме анестезии)) Я пойду жаловаться, думаю, что не нужно сидеть и молчать, а то так и будет дальше (ЗА НАШИ КСТАТИ ДЕНЬГИ) поликлиника то ведомственная. ну а пломбировать я конечно к ним не пойду, поеду в платную или в районную.",ru
"МЭР представило планы по созданию нового регулятора в электроэнергетике Импорт электроэнергии при этом вырос на 85%, до 1,5 миллиарда кВт.ч. Как и поясняла ранее компания, основной причиной снижения объемов экспорта стало прекращение поставок на Украину, потому что стороны не продлили на текущий год действовавший в 2015 году контракт. Благоприятная ценовая ситуация привела к росту поставок в Финляндию на 23,9%, до 2,76 миллиарда кВт.ч. На 56,4% вырос экспорт электроэнергии в Грузию, до 387 миллионов кВт.ч. Поставки в Казахстан уменьшились на 26%, до 593 миллиона кВт.ч, в Китай — на 17,7%, до 1,2 миллиарда кВт.ч. Наибольший рост импорта электроэнергии пришелся на Казахстан, увеличение поставок произошло на 124%, до 1,2 миллиарда кВт.ч. Преимущественно это связано с появлением экономической целесообразности поставок с Экибастузской ГРЭС-2 в Россию. ""Интер РАО"" — диверсифицированный энергетический холдинг, контролирующий ряд генерирующих и распределительных энергетических активов в РФ и за рубежом. Суммарная установленная мощность электростанций компании составляет 32,4 ГВт. ""Интер РАО"" — единственный российский оператор экспорта-импорта электроэнергии.",ru
"д.И все это было сделано, по вашему мнению, ради... Ради чего? Ради путинского пиара?И последнее. При всей  ужаности  мюридовской фразы из нее следует лишь одно: Путину следовало бы уже перестать  экспериментировать  с такими кадрами как ДАМ и - следующий вывод очевиден - решительно пересмотреть свою орг. политику. Читай:  Владимир Владимирович, снимай же ты Медведева, наконец! Ничего криминального и уж тем паче  антипутинского  в этом не обнаруживается. Достаточно вспомнить отставку Сердюкова - которая лишь прибавила очков Путину, несмотря на всем известный сердюковский генезис...Может быть вы ответите, а то Эдуард как-то не сподобился..   Так все либералы (засиравшие интернет на госдеповские деньги) таинственным образом исчезли. Куда? Их перестали финансировать? Борьба с Россией для США стала не актуальна?Нет. Они теперь косят под патриотов... И гонят АБСОЛЮТНО ту же лажу... Просто с новыми аргументами...Навализм 2.0Не зря МакФол приехал в Россию лично. Грамотно скорректировал своих киберсолдатиков.",ru
"Приходил на обследование к терапевту Приходил на обследование к терапевту. Женщина восточной внешности предположила, что я наркоман. Постоянно спрашивала ""вы так трясетесь, потому что у вас ломка?"" Видимо ей невдомек, что у меня температура 39 и у меня просто озноб. За 5 минут приема (за которые задавала вопросы из анкеты типа вы курите, вы пьете и т. д., какое они вообще имеют значение) взяла 1000 рублей. Никаких лекарств не выписала, диагноз не поставила. На мой вопрос о больничном листе сказала, что мне предварительно необходимо сдать анализ мочи, кала и 2 анализа крови (вирусы и сахар) - эти анализы стоят более 3000 рублей за все. Это еще не считая стоимости больничного. Зачем мне сдавать эти анализы, если у меня явно ОРЗ и просто нужна справка для работы и совет в правильном выборе лекарств (хотя совета я скорее спрошу в аптеке и бесплатно).  Как оказалось, сменилось руководство филиала, на жадных армян, которые поставили задачу сотрудникам ""выкачивать"" деньги из клиентов. Видимо постоянные клиенты теперь не в приоритете. Не повторяйте моих ошибок - заранее узнайте о всех затратах и этапах обследования/лечения. Очень разочаровался в ""Президенте"". Я, мои родственники и друзья, раньше всегда пользовались их услугами, но теперь, увы, не будем. Лохов ищите в зеркале.",ru
"Нам очень понравилась педиатр Савина Хочу выразить благодарность педиатру Савиной С. Н. за ее чуткое отношение к своим пациентам! У ребенка была высокая температура, вызывали на дом врача. К нам пришла Савина С. Н. Ребенка аккуратно послушала, посмотрела, нам все доходчиво объяснила и написала. В следующие два дня нам звонила, узнавала о состоянии ребенка и правильно ли мы соблюдаем все рекомендации врача. Врач очень адекватный и приятный в общении, говорит и объясняет со знанием дела.",ru
Сетевой отель в центре берлина ничем не примечательный однако недорогой и вполне нормальный отель с чистыми комнатами. . Комната небольшая но все необходимое в ней есть . Также туалет и душ вполне хороший и чистый. Одним словом прекрасное соотношение цены и качество с перевесом в сторону качества за невысокую цену. Единственный недостаток для меня это отсутствие электрочайника. Завтрак хороший и сытный. Бюджетный отель с хорошим местоположением . До главного жд вокзала пешком можно дойти за 10-15 минут.,ru
"Из серии "" Иногда они возвращаются "" .  В субботу вернулась за горячим супом , как и обещала , посреди зимы .  Взяли томатный на кокосовом молоке и крем-суп сливочный из шпината .  К ним - горячую ( подогрели для нас на гриле ) чиабатту с чесночным маслом .  ОЧЕНЬ вкусно !!!! Масло , по ходу , делают тоже сами .  Супчики жиденькие , вкусные , подают без лишней изящности , т. е. без украшений , но вкус ... м ... а мы были замерзшие ...  Посетитлей много - но мы сели с первого захода у двери , все-таки поддувает , как я и предполагала , когда дверь открывается ...  Сервис все так же .  Молодой человек с каменным лицом , которое не меняется в зависимости от произнесенный им слов , ни здравствуйте , ни досвидания .... если бы мне не был так близок концепт и кухня сего заведения не вернулась бы снова никогда .  Что-то надо срочно делать с обслугой .  Так нельзя .  Отпугивает .",ru
"На заметку главврачу Да уж! Наша поликлиника славится безнравственностью и отсутствием любых норм. Во-первых, дозвониться до регистртуры и вызова врача на дом почти нереально. Сидишь часама на телефоне. Так же периодически теряют карточки ребенка и с честными глазами говорят, что мы забыли отнести. И, что касаемо ремонта, не делался он уже давненько, я еще ребенком была и помню и банкетки, и цвет стен, и пелинальные столы. Хотя если подняться на 3-й этаж и посмотреть как облагородили рекреацию, где кабинет глав врача, там красотень: и цветы, и чистота тебе, и порядок. А про остальные этажи промолчу, про туалет и чистоту я промолчу вовсе. Так же принимают врачи настолько медленно, что по своей практике знаю, можно придти и застрять там на часа 3-5, с учетом того, что ребенок. И еще практикуют врачи выходить к очереди, после того как народ отсидит часа 2, и говорить: Принимаю последнего, остальные свободны. Бардак одним словом!",ru
"Тараканы в детском хирургическом отделении Это просто ужас! На осмотре детей не осматривают, диагноз ставят со слов. В палатах бегают тараканы. Врачи и медсестры на это не обращают внимария. Говорят, что у нас они по всей больнице. Постельное белье меняют только по требованию. В ванную зайти невозможно, ужасный запах канализации. А к заведующему Андрейкину не дай бог попасть. Ему только в тюрьме работать. Наглый и хам. К детям относится с жестокостью. Щипает за ноги, когда у ребенка боли. Обезболивающее и процедуры приходится выпрашивать. Жесть.",ru
"Никому не советую Увы, готова присоединиться к негативным отзывам об этом Центре. Убедилась на собственном опыте, насколько они близки к истине. Единственное, что там действительно отлично работает - это касса. Деньги берут быстро, сразу и гораздо выше рынка. К сожалению, никаким особым качеством и/или сервисом это не обосновано. К отзывам особо не прислушивалась, так, что убедилась сама за 10 тыс рублей. Не советую туда обращаться, оно того не стоит.",ru
"катиться вниз всегда проще, чем идти вверх... к сожалению.",ru
"Алматы. 30 ноября. Kazakhstan Today - Суд оштрафовал авиакомпанию ""Эйр Астана"" на 6,8 млн тенге за недопуск проверяющих и не предоставление запрашиваемых документов, сообщила пресс-служба специализированного межрайонного административного суда города Алматы.   ""Судом установлено, что на основании приказа Комитета по регулированию естественных монополий и защите конкуренции Министерства национальной экономики Республики Казахстан от 05.09.2016 года за №240-ОД начато расследование нарушений законодательства в области защиты конкуренции в отношении АО. При проведении расследования Обществом не предоставлен доступ на территорию и в помещение объекта расследования, вместе с тем не предоставлены запрашиваемые сведения и информация в срок до 07.10.2016 года включительно"", - сообщили в суде, передает Kazakhstan Today.   Как пояснили в пресс-службе, тем самым авиакомпания нарушила подпункт 1) пункта 1 статьи 221 Предпринимательского кодекса Республики Казахстан, так как должностные лица антимонопольного органа при проведении расследования имеют право на беспрепятственный доступ на территорию и в помещения объекта расследования.   Более того, согласно статьи 221 пункта 1 подпункта 3) Кодекса должностные лица уполномоченного органа имеют право запрашивать в срок, установленный антимонопольным органом, который не может быть менее пяти рабочих дней, от руководителей, должностных лиц и других работников объекта расследования необходимую информацию, документы или их копии, относящиеся к предмету расследования, объяснения в устном и письменном виде по вопросам, возникшим в ходе расследования.   Постановлением суда АО ""Эйр Астана"" признан виновным в совершении административных правонарушении, предусмотренных статьей 162 КоАП, и в соответствии со статьей 58 КоАП путем сложения назначено окончательное административное взыскание в виде административного штрафа в размере 3200 месячных расчетных показателей, в сумме 6 787 200 тенге.   Постановление не вступило в законную силу. Просмотров: 605 При использовании информации с сайта гиперссылка на информационное агентство Kazakhstan Today обязательна. Авторские права на материалы агентства. Заметили ошибку на сайте? Выделите текст и нажмите Ctrl+Enter",ru
"Такой богатый ассортимент ПИВА я еще ни где не встречал , а готовят они не только пивные закуски , но и для моей девушки , которая любит итальянскую кухню нашлось очень много вкусного !  Я очень доволен этим рестораном !",ru
"Что понравилось:+ разнообразное меню завтрака+ расположение+ в номере чисто+ заселили на два часа раньше положенного + бесплптно .5 воды каждый деньЧто не понравилось:- на седьмом этаже (как минимум) делали ремонт, довольно шумно, однако, только в дневное время- на ресепшн не сильно приветливый персонал, хотя и не сказать что неприветливый :)- один лифт на девять этажей- меню завтрака практически не изменялось в течение недели- в номере была колонна прямо рядом с кроватью, что создавало некоторый дискомфорт (особенности конструкции... здания, видимо)Для сведения. Метро Бауманское закрыто на ремонт, ближайшее - Красносельское 10 мин. пешком. В пяти минутах остановка трамваев.",ru
"Очень неплохой отель в отличном месте и с хорошим обслуживанием. Номера без особого шика, но в тоже все время все чисто и все необходимое must have есть. Очень отличная локация для бизнес поездок. Рекомендую",ru
"Благодарность сотрудникам ""Пластики С"" Хочу выразить огромную благодарность прекрасным врачам и всему персоналу клиники ""Пластика С"" на ул. Коминтерна. Особая благодарность врачу-гинекологу Худицкой Валентине Николаевне. Замечательный доктор, высококвалифицированный специалист, доброжелательный чуткий и отзывчивый человек. Наблюдаюсь у нее не один год и всегда получала реальную помощь. Большое ей спасибо! Еще хочу поблагодарить кардиолога Татьянина Юрия Александровича. Высококвалифицированный специалист, очень внимательный, отзывчивый доктор. Быстро помог мне справиться с высоким давлением. Отдельно хочу поблагодарить администратора центра Наташу. Она очень внимательна, доброжелательна, отзывчива и всегда готова помочь. С уважением и благодарностью Шикунова Т. С.",ru
"Всем советую и рекомендую 19 августа 2010 года родила дочку, Таню. Это уже третий ребенок. Погода была на лето ужасная, но весь персонал работал на все 200%. Молодцы! Ребята, так держать. Всем советую и рекомендую. Рожала бесплатно.",ru
Биорезонансная терапия Проводят у вас данную процедуру? Какой у вас телефон?,ru
"В принципе, все понравилось. Комната чистая, вид из окна нормальный. Красивый отель с добрым персоналом. За такую цену - шикарно! В общем, осталась очень довольна, возможно, что приеду ещё в эту гостиницу :)",ru
"Несколько раз останавливался в гостинице, сейчас перестал, в Москве есть гостиницы лучше в той же ценовой категории.основные претензии: в номерах затхлый запах, ванная не очень чистая, скудный завтрак.",ru
"Тоже удивлена отзывамю Недавно играла там свадьбу .  Специально заказ был на большее кол-во человек , чтобы закрыли все кафе для проведения свадьбы , хотя народу было гораздо меньше .  Кафе , как обещали не закрыли , по нашему залу сновали чужие люди .  Чтобы нормально расслабиться , когда почти все гости дарили деньги , которые были в сумочках , надо было сидеть на месте с сумкой в зубах . вместо того , чтобы потанцевать и т. п. Комнату , которую обещали для похищения невесты заняли , при похищении приходилось прятаться в каком-то помещении , в которое мое платье не входило . если не одеть его на голову и не измять .  Хотелось не натыкаться на посторонних в туалете , но не вышло .  Также словесно обговаривалось , что если разобьется бокал , то его сразу поднесут нам , чтобы мы расплатились и не возникало никаких вопросов .  В результате , после проведения праздника нам был выставлен счет на 290р бокала , но родители отказались платить , т. к. были не в курсе .  Через день , когда мы зашли счет возрос до 790р .  Семь несъеденых порций-загадка .  Если нам их в контейнере и собирали , то точно обполовинили , т. к. гарнира ( жаренолй картошки ) не было вообще .  Забытые вещи даже и не думали возвращать , хотя у них были наши телефоны .  Я расстроена .",ru
"Сдача анализов Не надо туда ходить, берут много анализов и половину бесполезных, которые по сути и не нужно брать. А все почему? Потому, что за каждый анализ ваш у них идет процент. И плюс ко всему своя аптека. Я никого не хочу обидеть с профессиональной точки зрения. Врачи может и толковые, но их деятельность и психологические приемы направлены на выкачивание денег, делайте выводы сами.",ru
"Очень красивый отель, расположен рядом с Босфором. Были там весной и ощущение как будто в восточной сказке. Цена- качество соответствует. Советую попробовать пирожные за ужином на террасе(принесут огромный поднос с ними на выбор и выбирать будет очень сложно). Также там есть бассейн на улице, прямо перед отелем(мы были весной т было ещё прохладно- бассейн специально подогревали).",ru
"Все просто замечательно На Покрышкина работает врач Локотькова. Я очень много отзывов прочитала об этой клинике и решила заключить с ними контракт на ведение беременности. Сейчас меня наблюдает этот гинеколог. И мне она очень нравится. Отзывчивая, внимательная и добрая врач. В клинике со стороны персонала и со стороны врача чувствуется готовность оказать помощь в любой момент, в контракте даже предусмотрена связь с врачом по телефону. Я могу обратиться к своему личному врачу с любым вопросом. Когда я заключала контракт, то мне уточнили, что все необходимые документы, например необходимые справки, документы для госпитализации в роддом, документы для оформления больничных листов в клинике предоставляют. В клинике есть все возможное оборудование, поэтому обследование проходишь у них. Есть и самое лучшие УЗИ, и допплерометрия, и кардиотокография. Все просто замечательно!",ru
"Спасибо продавцам, сначала не верила, что поможет После сна болела шея, и спина. Я решила зайти в салон, т. к. живу недалеко. Решила купить бандаж на шею, но продавец посоветовала, так же приобрести подушку, я купила и то и другое. Оказалось в бандаже и ходить не когда, на работу не оденешь, только вечером и то недолго, а для эффекта нужно носить несколько часов в день. А вот на подушке сплю и просыпаюсь отдохнувшая, кстати, шея перестала болеть, хотя я не верила сначала, хотела сэкономить. Даже позвонила знакомой, она врач и подтвердила, что действительно мышцы находятся в напряжении и из за неправильного положения тела, может болеть шея и спина, остальное не помню сплошные термины. Хочу сказать спасибо девочки, что предложили мне то, что нужно!",ru
"Исследования Имела несчастье 10.08.2007 г. обратиться к Наумчевой Н. Н. в лице заведующей Кардиологического отделения по направлению поликлиники № 1. При поступлении и первичном осмотре врачом и заведующей Кардиологического отделения моего мужа Виничук Н. Д. в истории болезни не было отмечено о сильных болях в области желудка. А ему была нужна срочно консультация хирурга. С 10.08.2007 г. по 21.08.2007 г. мой муж постоянно жаловался на боли, на что ему неоднократно отвечали, что это естественно и боли вызваны побочным действием лекарственных препаратов. После одиннадцати дней нахождения в стационаре в Кардиологическом отделении врачи указанного отделения все таки соизволили направить моего мужа на УЗИ брюшной полости, которое расположено в одно здании. Результат УЗИ брюшной полости прозвучал как приговор: повреждение селезенки. В связи с неправильным и непрофессиональным диагностированием основного заболевания, а именно согласно данным УЗИ повреждение селезенки, было потеряно драгоценное время, которое называется жизнь. Обращаясь в центр Наумчевой Н. Н., делайте вывод, какой это центр и какие специалисты в нем работают. Помните, что за ненадлежащее исполнение со стороны медицинского персонала своих обязанностей, низкий профессиональный уровень знаний в области медицины порой приходится дорого платить.",ru
"Нет вакцины Хотели сделать прививку от гепатита (вторую), но в поликлинике 3-ю неделю нет вакцины со слов нашего педиатра Воробьевой! Как же такое может быть! Для новорожденных важен каждый день! Причем платно можно сделать. Почему платно вакцина есть, а бесплатно нет!Это очень странно! Хотелось бы обратить внимание руководства поликлинике на данный факт.",ru
"буду читать книжки, потому что тут явно какой-то подвох. не должен ндс так работать.кстати, скажите, если нанимать людей не по тк, а как подрядчиков-ип, становится ли жизнь проще?  если они зарегестрированы как ип, то да. но если они ип, то налоговые проблемы падают на них, что автоматически ведёт к такому же увеличению себестоимости для меня.а если не зарегестрированы, то и подоходний, и соцстрах, и ндс само собой вылазит, пусть это и будет договор подряда.простите, а вы ведете бизнес в россии?или лишь теоретические представления?на практике бизнес просто завален налогами, понуждаем от них бегать - и за счёт этого власть имущим очень удобно держать его (а точнее - всех) за яйца.  нет, не веду. иначе говорил бы предметнее.думаю на эту тему уже очень долго, но страшно, да и окружение интеллигентское, не у кого совета спосить.",ru
Мне очень понравилось обслуживание ресторана Будвар !  Спасибо вам за столь аппетитный ужин .  Было очень вкусно и красиво сделано !  Мне больше всего понравился именно этот ресторан из всех вместе взятых !  Я от всей души желаю вам успеха !  У вас замурчательно !  Мурчательное вам спасибо !,ru
"Отмечали свадьбу , при виде стола захотелось заплакать !  Думалось , ну это слишком , понятно , что каждое кафе или ресторан хитрят в отношении количества еды .  Ну не до такой же степени !!!!!!!!! Надо иметь хоть немного совести .  Призываю всех , особенно молодоженов , потому что день рождения хоть каждый год бывает , и испортить его один раз не смертельно , но свадьба дело другое !!!!!! Подумайте !",ru
"Вы не поверите ,но в принципе в армии зарплата терпимая,но вот то ,что в крайние два года службы создали такие невыносимые условия службы ,что вот народ и побежал",ru
"Ужасная поликлиника Просто уже нет сил! Правда, если тебе надо лечиться, иди в платную! А нет помирай! Были на обследовании в 1 месяц с сыном, он там жутко раскричался, так как прошли в один день кучу врачей, узистка ну просто настолько хамка, что просто нет слов, была очень резка, наизмеряла не понятно чего! Постоянно была недовольна всем! В итоге, нам поставили диагноз, порок сердца и жидкость в голове! Ездили в Бакулева, измучили месячного ребёнка дорогой, процедурами, РЕБЕНОК ЗДОРОВ! Ни ОДИН ДИАГНОЗ НЕ ПОДТВЕРДИЛСЯ! Сейчас нам 1,9, у ребёнка были затяжные сопли, уже перепробовал все! Педиатр послала к ЛОРу! И что! Ждать талон неделю! Неделю! Кто это придумал вообще! Пока мы ждали у нас все прошло! ЛОР ВРАЧ посмотрела нас просто кое как, с ребёнком была груба, ""чего ты орешь, ну чего ты орешь""! Цитирую! Сказала чего пришли, раз ничего нет, заболеете придете! Пошли к другому врачу, в итоге у нас аденоидит! Что в впоследствии приводит к аденоидам! Просто нет слов у меня! В этой больнице, хоть у одного врача есть свои дети! Неужели они хотят, что бы их деток так лечили!",ru
"Ну, а в Питере нет этого дня",ru
"Самый лучший доктор Был на приеме у Светланы Калинченко с деликатной проблеммой 2 месяца назад. Она мне порекомендовала молодого андролога, уролога Грекова Е. А. Он оказался очень замечательным и эрудированным доктором. Он не только приятный человек в плане общения, но и отличный специалист и это я вижу не только по себе, но и потому, что у него очередь 5-6 человек и даже стульев не хватает, чтобы всех посадить в холле. Все мужики в очереди очень довольны этим специалистом. Я почти со всеми успел поговорить пока стоял - кто с чем к нему идут и молодые с женами, и моего возраста мужчины -и выходят от него только с улыбкой на лице. Полечившись у этого доктора, хочу говорить о нем только ХОРОШЕЕ!",ru
"Очень приятное место , часть меню постоянно обновляется : не дают заскучать , все продукты и блюда свежие , приносят все быстро , официанты ненавязчивы",ru
"Совершенно обычное , даже неплохое место , куда после работы можно зайти с друзьями , и , особо не рассиживаясь , съесть суши , какой-нибудь супчик и собственно все .  Не очень понятно с напитками и в меню есть итальянские блюда , но весьма странные , чувствуется подвох .",ru
"Хочу поблагодарить Смирнову Валентину Борисовну Уже много лет на участке №16 работает медсестра Смирнова Валентина Борисовна. Это удивительно добрый, порядочный и отзывчивый человек! Всех детей на своем участке она знает по имени. Когда бы к ней не обратился, всегда уходишь с чувством полного удовлетворения и успокоения. Знаю ее уже больше 10 лет и за все эти годы только одни положительные эмоции. Дай Бог Вам здоровья, удачи и терпения с нами, вашими пациентами! Как же нашему участку повезло с Вами!",ru
"Отправят дальше по этапу: из ДР в дошкольный ДД, потом в школьный, потом в ПНИ.Или вот рассказывали волонтеры московского НПЦ, которые детям с челюстно-лицевой патологией операции делает. Там врачи молодые, хорошие и очень социально ответственные. Они как никто другой понимают, что с проблемами типа волчьей пасти-заячьей губы надо разбираться по возможности раньше, потому что это не просто внешнее уродство -- ребенок сначала не может толком сосать и отстает в росте, потом не может начать говорить и отстает в развитии, и в результате во всем остальном здоровый ребенок накапливает диагноз за диагнозом. Соответственно, они вот что придумали: в свое свободное время поехали по провинциальным ДР, чтобы выявить деток, своих потенциальных пациентов. Осмотрели, выявили, все рекомендации дали: кого и куда везти лечить, все бесплатно, самое современное лечение. И что? Им не привезли за год НИ ОДНОГО ребенка. А зачем? Сидит он в ДР и сидит со своей волчьей пастью. Фотография в ФБД такая, что без корвалола не взглянешь.",ru
@greg_wells watch zeitgeist,de
Krafts on Krafts on Krafts https://t.co/7SpX2ezt41,de
❤️ this Rauschenberg @ Hamburger Bahnhof- Museum für Gegenwart https://t.co/ey81CAkxho,de
Bone thugs-n-harmony @ da Mütter Museum 💀 @ PHILLY http://t.co/j4VcqkdGgM,de
BAUSS BISH BB 💅💁 http://t.co/uu6SN2sLQD,de
Merry Christmas kittens!,de
LISTEN: http://t.co/EGF2LVIFEk #ROAR,de
LADS. teddysphotos nicholasgrimshaw https://t.co/yxGLslt3uM,de
"http://t.co/RJk0cTHYUO 
LISTEN---&gt; http://t.co/NFEkIDJnK9",de
Christmas in Barbados http://t.co/nc0miJfSDV,de
Ghost in da mirror,de
100'000 phanz!! Earlier in #Singapore http://t.co/LrEyWYE7sf,de
My other other Benz kristennoelgipson #wifey #PaRih #boutdattouristlife http://t.co/SrOESmTr10,de
@ConnorFranta Modern art.,de
https://t.co/QDM4x3niiG ← esrever ni ffutS https://t.co/JzbBrEE8sQ,de
Iconic collab alert: @Santigold + Kara Walker. https://t.co/dPScTnO816 https://t.co/2nta7vyqS7,de
Pokémon IRL. https://t.co/ncEj3dywSn #SMOSH https://t.co/eJpT6imv76,de
How Pokémon took over the world. https://t.co/5CoDYx1IJ7 https://t.co/qsQJPcdVuO,de
#PERFECTILLUSION #GIFparty https://t.co/2Ypkr8kQWd + Listen: https://t.co/JstWY9zhnJ https://t.co/XBNmJUGL75,de
Alexander Wang https://t.co/6zB1y4bOmf,de
BRUCE WEBER x CARINE ROITFELD x GAGA. UNRETOUCHED  https://t.co/VTVPNSXgbY,de
klausbiesenbach's photo http://t.co/MtQvdYrtAK,de
Hauswork #farewellARTPOP http://t.co/syDb1EekQm,de
Dankeschön Köln http://t.co/BwziN6lsdY,de
.@CelineDion is so gangsta. https://t.co/rwQFwiOI1S,de
Anna and Garfunkel #DreamWorksTrolls #TrueColors #BTS #Cannes https://t.co/HpBTKpcywe,de
Finland http://t.co/zj7lUsu4kJ,de
#WCW CARINE ROITFELD https://t.co/A02mVD067O https://t.co/aBKeAhQO7x,de
DESERT X KESLER TRAN X 2 https://t.co/7RMhdnrehO https://t.co/aEjyfH349G,de
BTS X SORBET MAG https://t.co/qzsYxx4Wth http://t.co/iCN1inDbtt,de
.@shyanne_lovee Natalie Portman #AskBritneyJean,de
lorraineschwartz preppin http://t.co/1baovDkpRV,de
InstaG http://t.co/Vu30SqySA8,de
"Frankfurt, Germany 😆 http://t.co/paIUhdcIBt",de
Pfizer buys biotech company Medivation for $14 billion. https://t.co/kxQalIx6iO,de
+++++ RT #VoiceSave Kristen ++++++,de
25 March / 25 de Marzo http://t.co/CvFDqLlnIJ ShakHQ http://t.co/QEHKhQ0NwF,de
"GIZ, die deutsche Agentur für internationale Kooperation, unterstützt weiter unsere Schule in Cartagena. Dankeschön! http://t.co/3zgayRbRC3",de
"Heute organisiert RTL einen Spendenmarathon, der @fpiesdescalzos  helfen wird, eine neue Schule in Kolumbien zu bauen. http://t.co/NKHc7dLB",de
"A quiet moment at Berlin’s Hamburger Bahnhof museum #TheWeekOnInstagram 
https://t.co/RihT2WEDcV",de
VS Angel Sandwich ❤️🍔💋 #somethingbigiscoming16 #CONFIDENT https://t.co/k5m1Z88Vkz,de
@Sarah_Hyland TWINZIES 😂💗 IMY,de
"Unglaublich. Ich hatte @JanJosefLiefers noch gelobt, weil er Intensivstation besucht hatte. Das nehme ich zurück. Jetzt nutzt er den Besuch, um dem Staat Erpressung von Ungeimpften zu unterstellen. Er hat gar nichts dazu gelernt. Nori Soron ¯\_(ツ)_/¯ @NoriSoron · 8. Okt. Widerlich. Er benutzt es um weiter zu hetzen. #allesaufdentisch #allesdichtmachen #Liefers 3.384 2.760 20.113",de
"Kicking of our @EPPGroup bureau meeting in Rome with @Antonio_Tajani and @HerbertDorfmann today. Important debates on agriculture, migration and jobs for next generations. #EPPRome21 #VerticePPE @forza_italia @SVP_Suedtirol",de
"Die Schulbürokratie hält mit der #Corona-Herausforderung nicht Schritt, die Finanzverwaltung wird in die Auszahlung der Hilfen nicht einbezogen. So geht Vertrauen in die Politik verloren zu einem Zeitpunkt, wo sie das Vertrauen der Bevölkerung besonders benötigt. (tm) #MerzMail",de
"""Diese Regierung hat das Vertrauen der Bevölkerung komplett verloren! Es ist Zeit für die Vertrauensfrage hier im Parlament."" #Osterlockdown #MerkelMussWeg #AfD 0:33 1.260 Mal angezeigt",de
"Unsere Migrationspolitik muss ethischen Ansprüchen nicht nur der Absicht nach, sondern auch im Ergebnis gerecht werden. Über #Migration, #Rechtsstaat & #Europa habe ich mit @manuelbewarder & @LeubecherX gesprochen. @welt welt.de Teuteberg zu Migration: „Von Kontrolle keine Rede“ - WELT Linda Teuteberg hält Europas Versuche, die Migration zu steuern, für gescheitert. Im Interview kritisiert die migrationspolitische Sprecherin der FDP die Zurückhaltung der Bundesregierung – und wirft...",de
Frankfurter Allgemeine gesamt @FAZ_NET · 7. März 2021 Die beiden SPD-Minister wollen den Mindestlohn auf zwölf Euro anheben. In einem gemeinsamen Eckpunktepapier kündigen sie zudem ein Bundestariftreuegesetz an. http://faz.net/aktuell/wirtschaft/eckpunkte-papier-so-wollen-heil-und-scholz-den-mindestlohn-hochtreiben-17232532.html…,de
Tyler Kingkade @tylerkingkade · 6. Jan. 2021 MAGA protesters are spraying pepper spray back at police on Capitol Hill https://twitter.com/KBoomhauer/status/1346883995410132992/video/1…,de
"#Deutschland #Staatsfunk WDR aktuell @WDRaktuell · 13. Juli 2021 Die EU-Finanzminister haben grünes Licht für die Investitionsprogramme von zwölf Mitgliedsstaaten gegeben. Mit gut 750 Milliarden Euro an EU-Mitteln soll die Coronakrise bewältigt werden. Am meisten profitieren davon Spanien, Italien und Deutschland.",de
". @KaczmarekOliver : ""Diese BAföG-Zahlen sind dramatisch."" Und sie gehen auf das Konto von Frau Karliczek. @OlafScholz hatte #BAföG-Mittel für eine echte Trendwende bereitgestellt - doch #Karliczek ließ sie liegen, forderte stattdessen eine Weiterentwicklung in der nächsten WP. Statistisches Bundesamt @destatis · 5. Aug. #BAföG: Im Jahr 2020 gab es 6 % weniger Geförderte als im Vorjahr. Die Ausgaben für BAföG-Leistungen stiegen jedoch um 9,2 % auf rund 2,9 Milliarden Euro. Mehr dazu: https://destatis.de/DE/Presse/Pressemitteilungen/2021/08/PD21_369_214.html…",de
"Guckst Du @Kreis_Rosenheim Kreis_Rosenheim @Kreis_Rosenheim · 14. Juli 2021 Ihr wollt wissen, was in Eurer Umgebung los ist? Dann verpasst auf keinen Fall die neue #Event Serie „Places to be“ von „aROund“ – dem Online-Jugendmagazin für Jugendliche im Landkreis #Rosenheim. Mehr Infos? Gibt’s auf http://around-rosenheim.de!",de
"Während Coronainfektionen wieder steigen, muss jetzt eine neue Phase des Coronamanagements folgen. Angesichts der Impfquote tritt an die Stelle allgemeiner Zwangsmaßnahmen stärkere Eigenverantwortung. Allerdings müssen gerade Schwächere vor Rücksichtslosigkeit geschützt werden!",de
"⁦ @ArminLaschet ⁩ will mit Schmutzwäsche den Umfragefrust vertreiben. In Wirklichkeit unterstreicht das mehr als alles andere die dringliche Oppositionsbedürftigkeit der Union. Justizskandal im Wahlkampf: Laschets autokratische Züge - taz.de Justizskandal im Wahlkampf: Laschets autokratische Züge Um seinen SPD-Konkurrenten Scholz zu beschädigen, missbraucht der Unionskandidat das Ansehen des Rechtsstaats. So jemand sollte nicht Kanzler werden.",de
"Unser #Robert rockt #Wacken. @Die_Gruenen Julius Betschka @JuliusBetschka · 28. Juli 2021 Wacken, Sonntag, 15.30 Uhr, Gig im ""Wackinger Village""",de
"Ein starkes Land braucht ein starkes #TeamCDU! Wir unterstützen unsere Freunde der @CDU_BW , deshalb bei der Landtagswahl am 14. März: CDU wählen! #ltwbw21",de
". @Tino_Chrupalla reist auf Einladung der #Regierung nach #Moskau: ""Die Einladung der russischen Regierung zeigt, dass unsere Bemühungen um einen Neustart der Beziehungen auf fruchtbaren Boden gefallen sind."" #AfD #Russland #Wirtschaft afdbundestag.de Stellvertretender Fraktionsvorsitzender Tino Chrupalla reist nach Moskau Berlin, 18. Juni 2021. Der stellvertretende Vorsitzende der AfD-Fraktion im Deutschen Bundestag, Tino Chrupalla, reist am Sonntag (20.06.) auf Einladung der russischen Regierung nach Moskau. Chrupa...",de
"Kleiner Tipp, @soerenbartol : Wenn SPD, Grüne und Linke ziemlich vorhersehbar und damit fast willentlich gegen das Grundgesetz verstoßen, sind nicht die Kläger schuld. Denkt mal drüber nach, bevor ihr Mieterinnen und Mieter das nächste Mal ins offene Messer laufen lasst. SPD-Fraktion im Bundestag @spdbt · 15. Apr. 2021 „Es ist kein Geheimnis, dass den Klägern aus Reihen der CDU und FDP die Sorgen von Mieterinnen und Mietern vollkommen egal sind. Im Gegenteil: Sie sind die Anwälte der Immobilienlobby im Deutschen Bundestag"", kommentiert @soerenbartol das #BVerfG-Urteil zum #Mietendeckel.",de
"Ali oder Defne, Leyla oder Mehmet gehören zum modernen Deutschland. #Antisemitismus - ob importiert oder hier gewachsen - tut es nie. Strukturen, die ihn begünstigen, müssen wir benennen und bekämpfen. Egal ob es die neue Rechte oder der politische Islamismus ist.",de
"Klare Sprache, klare Analyse was hier gerade passiert im #Wahlkampf. @sigmargabriel Sigmar Gabriel @sigmargabriel · 5. Juli 2021 Ich bin bestimmt kein Grünwähler, aber was mit @ABaerbock passiert, zeigt nur, wie armselig der Wahlkampf ist. AB sollte es als „Wertschätzung“ im wörtlichen Sinn nehmen. Sie wird nur auf ihre politische „Schussfestigkeit“ getestet. Mehr ist es nicht. Einfach stehenbleiben.… 1/2",de
"„Wir brauchen JETZT schnelle Lösungen für die Beschleunigung der #Impfkampagne. Deutschland hat ein enormes Forschungspotenzial. Dieses Know-how müssen wir entfesseln"", fordert @cad59 . Unsere Ideen für mehr Medikamente gegen #Corona https://dip21.bundestag.de/dip21/btd/19/284/1928434.pdf….",de
"Bis #Gera|de - super Veranstaltung Alice Weidel, Alexander Gauland, Michael Kaufmann, Jürgen Treutler, Stephan #Brandner & knapp 2.000 Besuchern! Unglaublich…so muß das! #AfD #nurnochAfD #Thüringen #Deutschlandabernormal #wirholendasDirektmandat #WK194 #Berlin #Bundestag",de
"Na klar! In dieser #Sitzungswoche stehen viele wichtige Punkte auf der Agenda, z.B. neue Spielregeln für #Digitalkonzerne, #Bioökonomie und der Kampf gegen Hass im #Netz. Und der Bundesgesundheitsminister gibt eine Regierungserklärung ab. Mehr dazu hier: https://cducsu.de/themen/neue-spielregeln-fuer-digitalkonzerne-biooekonomie-und-der-kampf-gegen-hass-im-netz…",de
13:00 Uhr. Vorstellung des Regierungsprogramms. #guterplan,de
Presseinfo @AndreasLaemmel : Ein funktionierender Internetanschluss gehört zur Daseinsversorge cducsu.de Ein funktionierender Internetanschluss gehört zur Daseinsversorge Am heutigen Donnerstag hat der Deutsche Bundestag abschließend eine umfassende Modernisierung und Überarbeitung des Telekommunikationsgesetzes (TKG) beraten. Dazu können Sie den stellvertrete...,de
"Bilanz des #Afghanistan -Kriegs: rund 240.000 Tote (zumeist Zivilisten), 5,5 Millionen Vertriebene, ungesühnte Kriegsverbrechen, Herrschaft der Taliban und 59 tote #Bundeswehr -Soldaten. Was gibt es da zu feiern mit diesem militaristischen Mummenschanz? #Zapfenstreich #Zapfnix",de
Die Gewalt gegen Frauen hat während der Pandemie zugenommen. Beratungsstellen+Frauenhäuser sind unverzichtbar. Heute habe ich mich in Bad Hersfeld über deren Arbeit informiert. Wir haben im Bund ein Förderprogramm aufgelegt. Aber es muss noch mehr getan werden.,de
"Die #Pressefreiheit gerät immer stärker unter Druck, von Quernichtdenkern in Deutschland und autoritären Herrschern wie Erdogan, Putin, Orban & Co im Ausland. Freie & kritische Presse ist leider nie selbstverständlich, wir müssen für sie kämpfen!",de
"Manche verweisen auf polit. Achterbahnprinzip (zu Guttenberg, Wulf, Schulz,Habeck, Spahn, Söder…)oder werfen @diegruenen Wehleidigkeit bei @ABaerbock vor. Andere argumentieren mit Fehlern der Konkurrenz. Insgesamt wäre es besser,Programme+ Kanzlertauglichkeit zu vergleichen.",de
"REWE führt #Fleischprodukte mit 50 % #Gemüse ein | top agrar online ( #Haltungskennzeichnung ? + der Wettbewerb wird schärfer) topagrar.com REWE führt Fleischprodukte mit 50 % Gemüse ein Rinderhackfleisch und Bratwürste der Marke Wilhelm Brandenburg, wo nur noch die Hälfte Fleisch drin ist, gibt es jetzt bei Rewe. Bei den Wurstwaren will der Händler auch bald nachlegen.",de
"Der Einzige, der keine Buhrufe abbekommt, ist Klaus Lederer (Linke). „Stinksauer“ sei er über das „Union Busting“ und die „Verarsche“ seitens der Vivantes-Klinikleitung, erklärt er. „Wir sind der Eigentümer, verdammte Scheiße!“, ruft Lederer ins Mikrofon. taz.de Arbeitskampf des Klinikpersonals: Vivantes bestreikt Rot-Rot-Grün Der verkorkste Beginn der Streiks bei den landeseigenen Kliniken zeigt: Auf Berlin kommt wohl ein mit allen Mitteln geführter Arbeitskampf zu.",de
"Khalid kommt aus Syrien, lebt seit eineinhalb Jahren in #Karatepe und ist auf einen Rollstuhl angewiesen. Es gibt im Camp fast nur Schotterwege und nur wenige Behindertentoiletten, wenn er zur Toilette muss, muss er zwei Menschen fragen, ob sie helfen können. #lesbos #linke",de
"Kann die Wut, das Unverständnis & die Müdigkeit von allen verstehen, die sich seit fast 2 Jahren zamreißen. Schutzmaßnahmen wurden von Söder-Regierung erneut nicht rechtzeitig ergriffen: Impfzentren wurden runtergefahren, Schulen nicht gut ausgestattet & Impfquote ist miserabel.",de
"Laschets Maaßen-Problem : Am Ende der Ära Merkel driftet die CDU auseinander - Politik - Tagesspiegel tagesspiegel.de Am Ende der Ära Merkel driftet die CDU auseinander Umfragen im Keller, Differenzen mit der Basis in Thüringen. Das Comeback des Ex-Verfassungsschutzchefs Maaßen zeigt auch Autoritätsprobleme des CDU-Chefs.",de
"Heute vor 20 Jahren las ich zu allererst auf @spiegelonline , dass ein Flugzeug in the #TwinTowers in #NewYork geflogen war. Danach stand ich stundenlang fassungslos und mit wachsenden Entsetzen vor dem Radio, später vor einem Fernseher irgendwo in Köln. #11september2001",de
"Vor 4 Jahren hat die NRW-Koalition den Politikwechsel eingeleitet. Seitdem modernisieren wir das Land. Damit ist #NRW Vorbild. Werden hier weiter konzentriert zusammenarbeiten - und auch auf Bundesebene werben wir dafür, dass wir als #FDP eine Politik der Erneuerung mitgestalten!",de
"Kein Schulessen, kaum Job-Chance, geschlossene Hilfsangebote - Corona ist für #Hartz4-Familien existenzbedrohend. Union + SPD müssen Vorwahlkampf hinten anstellen und heute für verlässlichen ausreichenden Krisenaufschlag sorgen. Die finanziellen Spielräume dafür haben wir.",de
Jetzt LIVE - Pressestatement zu den Ergebnissen der Vorsondierungen mit CSU-Chef @Markus_Soeder . Hier geht‘s zum Stream: youtube.com Pressestatement des Parteivorsitzenden Markus Söder,de
"Morgen, Samstag, 24. April 2021 Infostand in Gera Wir freuen uns! #AfD #wirholendasDirektmandat #Gera #Greiz #AltenburgerLand #WK194 #Berlin #Bundestag #Brandner",de
"Allerdings wird es kaum eine politische Schonfrist geben, allzu drängend sind die politischen Herausforderungen und Krisen: Corona-Pandemie, Klimawandel, Digitalisierung, demografische Entwicklung, internationale Krisenherde und Globalisierung….",de
"Herzlichen Glückwunsch, Mr. President! @JoeBiden Es liegen große Aufgaben vor Ihnen. Sie werden das Land wieder einen. Sie werden das Verbindende in den Vordergrund stellen und ihr Amt mit Anstand, Würde, Heilung und Liebe ausüben. #InaugurationDay https://cdu.de/artikel/biden-werde-praesident-aller-amerikaner-sein…",de
Die Ergebnisse unser @csu_bt -Klausurtagung gibt es unter http://richtung21.de #RICHTUNG21 richtung21.de Richtung 21 Startseite - Richtung21,de
"Ein wichtiger Schritt. Kritik im Netz ist richtig und notwendig, auch in jeder Schärfe. Aber Aufrufe zur Gewalt, Drohungen, Antisemitismus und Hassbotschaften müssen gesperrt werden. Sie haben für die Betroffenen unmittelbare Konsequenzen und sind keine Kavaliersdelikte. DieInsider @Die_Insider · 8. Juni Antisemit Hildmann auf Telegram gesperrt! #Ausgehetzt #WirGegenHass #DieInsider @Volksverpetzer https://volksverpetzer.de/social-media/antisemit-hildmann-telegram/…",de
"Austritt aus der #IstanbulKonvention, Beantragung des HDP-Verbots: Der türkische Präsident Erdogan setzt seinen anti-demokratischen Kurs fort. Deshalb haben wir eine #AktuelleStunde zur Menschenrechtslage in der Türkei beantragt. @BriHasselmann dazu: gruene-bundestag.de Grüne beantragen Aktuelle Stunde zur Menschenrechtslage in der Türkei Der türkische Präsident Erdogan setzt seinen anti-demokratischen Kurs fort. Mit der Beantragung des HDP-Verbots durch die von Erdogan gelenkte Justiz sowie dem Austritt aus der Istanbul-Konvention...",de
"Entscheidung, Astra Zenica Impfungen auszusetzen begegnet fachlicher Kritik, verschärft darüber hinaus Debakel um Impfstoffe+Teststrategie in Deutschland, wo Inzidenzraten mit mutiertem Coronavirus wieder gefährlich ansteigen. Kommunikatives Desaster für zuständigen @jensspahn",de
"Zu unseren Ständen kommen verzweifelte Menschen. Sie wollen sich nicht #impfen lassen & werden jetzt gebrandmarkt & drangsaliert. Von Arbeitgebern,Freunden & vom Staat. Das Vertrauen in Recht & Freiheit ist nachhaltig zerstört. Wir sind ihre letzte parlamentarische Hoffnung! #AfD",de
Das Chaos das die aktuelle Regierung hinterlässt ist unfassbar. https://welt.de/politik/deutschland/plus235442252/Fakten-zu-Inzidenzen-und-Patienten-Pandemie-der-Unwissenheit.html?cid=socialmedia.twitter.shared.web… via @welt welt.de Fakten zu Inzidenzen und Patienten: Pandemie der Unwissenheit? - WELT Bundesländer hantieren bei der Ausweisung der Inzidenzen von Ungeimpften mit unbrauchbaren Zahlen. Bei der Lage auf Intensivstationen herrscht derweil weiter viel Unklarheit.,de
"Bei der Bundestagswahl geht es um Grün gegen Schwarz. Oder auch; um Veränderung, damit wir auch in Zukunft gut leben können versus dem Festhalten an alten Strukturen. https://fr.de/politik/wir-wollen-die-union-schlagen-90194815.html…",de
"Die Bundesregierung hat in dieser Legislaturperiode mehr als eine Milliarde Euro für externe Berater verbraten. ""Eine verheerende Bilanz"", sagt @MatthiasHoehn . Mehr dazu: https://linksfraktion.de/themen/nachrichten/detail/bundesregierung-gab-mehr-als-eine-milliarde-euro-fuer-berater-aus/…",de
"Ich habe sehr, sehr viele Gespräche mit Ostdeutschen geführt über eure Erlebnisse und Erfahrungen, über Scheitern und Neubeginn und das Leben mitten im Umbruch. Das sind Gespräche, die mich tief berührt haben. Gespräche, die mir nicht mehr aus dem Kopf gehen. #Ostkonvent",de
"Nüchterne Entscheidungen unter Einbeziehung der Empfehlungen aus der Wissenschaft sind gefragt. Bundespräsident Frank Steinmeier hat Recht, wenn er die Bürgerinnen und Bürger zu Kontaktreduzierungen aufruft.",de
"Soldatinnen & Soldaten im Dauereinsatz. Die @bundeswehrInfo leistet wertvolle #Amtshilfe in den #Hochwasser|gebieten. Abgeordnete der Unionsfraktion sind tief beeindruckt vom Einsatz der Truppe. Mehr dazu von @MechthildHeil , @vtdgsprecher & @JoWadephul ! cducsu.de „Wir bauen die Heimat wieder auf“ Bundeswehr leistet Amtshilfe in den Hochwassergebieten Unionsfraktion zeigt sich tief beeindruckt vom Einsatz der Truppe Lagebilder aus der Luft und mobile Brück...",de
"⁦. @samelou ⁩ liegt nicht falsch. Unentwegt wird über Folgen des Lockdowns für Kinder gesprochen. Trotzdem sind Antigentests für sie noch nicht angeschafft, man will es ohne versuchen. Auch Luftfilteranlagen wurden nie beschafft, aber für den Landtag spiegel.de Politische Kommunikation in der Pandemie: Die opportune Rotfärberei von Laschet und Co. - Kolumne... Wie geht es den Kindern? Wie können wir Menschen mit Depressionen helfen? Politiker zeigen in der Krise ihre soziale Seite – leider vor allem deshalb, weil es gerade opportun ist.",de
Die gute Nachricht am Abend: die Soziale Marktwirtschaft war in den letzten 25 Jahren noch nie so beliebt wie heute. #FAS,de
Als erste Verbraucherministerin habe ich vor 20 Jahren den Verbraucherschutz endlich auf die politische Agenda gesetzt. Lest hier mehr: /TK gruene-bundestag.de Verbraucherschutz Verbesserungen beim Verbraucherschutz wünschen sich vier von fünf Wahlberechtigten in Deutschland. Zu diesem Ergebnis kam eine Umfrage im Auftrag der Verbraucherzentralen. Wir Grüne im Bundestag...,de
Die CDU ist die Partei der sozialen Kälte. #Triell,de
"Heiko Maas ist in DE nicht einmal Mitglied des Klimakabinetts. Das zeigt doch, wie stiefmütterlich das Thema #Klima-Außenpolitik in der BReg nach wie vor behandelt wird. Und wie dringlich es ist, dass wir dies nach der #Bundestagswahl2021 ändern. stimme.de Kerry sucht Verbündete im Kampf für das Klima Der US-Klimaschutzbeauftragte John Kerry hat in Berlin zahlreiche Spitzenpolitiker getroffen. Inhalt der Gespräche war auch die Vorbereitung der Weltklimakonferenz COP26 im November in Glasgow.",de
"Die Attacke des wegen millionenschwerer Steuerhinterziehung vorbestraften Uli Hoeneß gegen @dielinke zeigt, dass er weiß, dass die #Vermögensteuer nur mit der LINKEN kommt, bei SPD und Grünen ist er eher sicher, dass sie nicht kommt. @RTLde #MachtdasLandgerecht #btw21",de
"Diese Frage an @jensspahn haben viele und ich habe keinen Zweifel daran, dass irgendwann die Antwort ans Tageslicht kommt. Besser wäre jedoch, wenn man sowas nicht ständig erstreiten müsste, sondern derlei Daten grundsätzlich transparent sein müssen. #spenden #transparenz Florian Hacke @monstre78 · 1. Juli 2021 Auch eine Frage an Jens Spahn 1:11 38.341 Mal angezeigt",de
1:0 Kinsombi #nurderHSV,de
"„Wir wollen progressive Politik machen und ich bin zuversichtlich, dass wir eine entsprechende Regierung bilden können“, schließt @NowaboFM sein Interview bei RTL. Unter einem Bundeskanzler @OlafScholz wollen wir jetzt unser Zukunftsprogramm umsetzen.",de
"Unter den 53 Parteien, die zur Bundestagswahl zugelassen sind, ist natürlich die @fdp die beste. Aber wenn die nicht wäre, dann würde ich ein Auge auf Liste 38 werfen.",de
"""Was man mit Geld in Ordnung bringen kann, das werden wir mit Geld in Ordnung bringen"", das hat Bundesfinanzminister @OlafScholz bei seinen Besuchen in den Flutgebieten zugesichert. Heute bringen wir die 30-Milliarden-Euro-#Aufbauhilfe auf den Weg. 1. Lesung jetzt im #Bundestag.",de
"Auch den Menschen, die aus gesundheitlichen Gründen nicht geimpft werden können, sind wir verpflichtet. Neben einer EU-#Impfstrategie brauchen wir deshalb auch eine EU-#Therapiestrategie, um rasch Behandlungen und Arzneimittel zu entwickeln. #COVID19 #EU",de
Der Bundestag hat am Donnerstag die neue #Treibhausgas-Minderungsquote für den Verkehrsbereich beschlossen. Dazu ein Kurzinterview mit Oliver #Grundmann über #CO2-Einsparungen im Verkehr und die Zukunft des Verbrenners. #JetztZukunft cducsu.de Grundmann zu CO2-Einsparungen im Verkehr: „Es geht auch ohne Verbote“ Der Bundestag hat die neue Treibhausgas-Minderungsquote für den Verkehrsbereich beschlossen. Im Kurzinterview dazu der für das Thema zuständige Berichterstatter der CDU/CSU-Bundesta...,de
"Wir haben diese Woche unsere Sprecherinnen und Sprecher festgelegt - die wir Euch hier nach und nach vorstellen wollen. Heute: Die Themen des AK2 - Wirtschaft, Klima, Arbeit und Soziales",de
"Bis zum heutigen #Steuerzahlergedenktag haben die freien Bürger finanziell nur für den Staat geknechtet. Dafür, dass die Kartellparteien das Geld dann meist für Irrsinnsprojekte zum Fenster rauswerfen. Daher das Geld lieber beim Bürger lassen. #CDUbeutetmitaus #FDPverhindertnix",de
"Regierungserklärung von Herrn Spahn im Bundestag zeigt, dass Frage zu Impfstoffmengen mehr als berechtigt sind und sich (außer bei Rechtsradikalen)keineswegs gegen gemeinsame europäische Beschaffung richten. Infektionsgeschehen+ bedrückende Todeszahlen verlangen rasche Abhilfe!",de
„Und WDR-Intendant Tom Buhrow (62)? Er ist auf Tauchstation“ #GEZabschaffen Flut-Katastrophe: Warn-Versager schieben sich gegenseitig die Schuld zu bild.de Flut-Katastrophe: Warn-Versager schieben sich gegenseitig die Schuld zu Im Streit um das Warn-Versagen vor der Todesflut fliegen jetzt zwischen den Verantwortlichen die Fetzen.,de
"Es muss jetzt darum gehen, im konstruktiven Miteinander von Bund, Ländern und Kommunen die gefährliche dritte Infektionswelle zu überwinden und zeitnah aus der immensen Krise zu kommen. Dazu bedarf es auch der (bedrohlich schwindenden) Akzeptanz der Bevölkerung.",de
"Das Buch von @igorpianist wird spannend. Seine Wohnungskonzerte haben so vielen über die dunklen Stunden des Lockdowns geholfen. Bin sehr gespannt auf das Buch. Igor Levit @igorpianist · 25. Nov. 2020 Im Frühling erscheint dieses Buch. @zinnecker und ich haben...ach, Ihr werdet es selbst lesen. Ich freue mich!",de
"Presseinfo @PeterWeissMdB : Positive Dynamik am Arbeitsmarkt setzt sich fort cducsu.de Positive Dynamik am Arbeitsmarkt setzt sich fort Zu den heute von der Bundesagentur für Arbeit für den Monat August 2021 bekannt gegebenen Arbeitsmarktdaten, erklärt der arbeitsmarkt- und sozialpolitische Sprecher der CDU/CSU-Bundestagsfrak...",de
"Irgendwann wird die Ampel auch über das reden müssen, was sie trennt u dann wird wohl klar: weder Mindestlohn- noch Steuererhöhungen werden kommen, Hartz4 Sanktionen bleiben, die Klimapolitik wird aus Mrd Subventionen für d Industrie bestehen, soziale Gerechtigkeit kommt nicht. phoenix @phoenix_de · 6. Okt. 2021 Das Land kann sich keine lange Hängepartie leisten! Bei den #SondierungsGesprächen habe man über Gemeinsamkeiten und nicht über Trennendes geredet, sagt @abaerbock. Sie schlägt wegen der Gemeinsamkeiten ein Dreiergespräch zwischen @diegruenen @fdp und @spd_de vor.",de
"Sicher, klein und billig - China (und nicht Deutschland) baut den ersten Thorium-Reaktor | http://STERN.de stern.de Sicher, klein und billig – China baut den ersten Thorium-Reaktor Er ist nicht größer als ein Badezimmer. In China wird ein Thorium-Reaktor in Betrieb genommen. 2030 soll es zur Serienproduktion kommen – die Mini-Reaktoren versprechen CO2-freien Strom ohne die...",de
"Auf die @Sabine_Baetzing freue ich mich ganz besonders. Kommt doch mal rüber zu ihr: Instagram, Montag, 18 Uhr! Sabine Bätzing @Sabine_Baetzing · 8. Jan. 2021 Freue mich am kommenden Montag auf mein #Instalive ""30 Minuten mit @MiRo_SPD ""! Wird bestimmt ein interessantes Gespräch mit meinem ehemaligen Bundestagskollegen, dem jetzigen Staatsminister für Europa. Seid dabei auf https://instagram.com/sabine_baetzing/…",de
"Gut, dass es auch für 12- bis 17-Jährige die Möglichkeit gibt, sich impfen zu lassen. Die Entscheidung über eine #Impfung von Kindern und Jugendlichen muss aber weiter selbstbestimmt von den Eltern getroffen werden können. Es wäre falsch, hier politischen Druck auszuüben. #STIKO",de
Ich halte die Aussage von #Kretschmann für großen Quatsch! Der Verhältnismäßigkeitsgrundsatz gehört zum unveränderlichen Kern des Rechtsstaats. Er unterliegt der sog. Ewigkeitsgarantie und entzieht sich damit einer Änderung des #GG. Hat Herr Kretschmann das nicht verstanden?,de
"Wie schaffen wir die Energiewende? Bundesweit und in #Göttingen! Ab 19:30 reden Doreen Fragel, Marie Kollenrott und ich als Spitzenkandidat*innen der Göttinger Grünen live auf YouTube. Hier geht's lang: https://youtube.com/watch?v=k-owlhjOkwQ&ab_channel=Gr%C3%BCneG%C3%B6ttingen… @GrueneGoe @Kollenrott youtube.com Grüner Salon ""Wie kann die Energiewende gelingen?"" - Jürgen Trittin,... Zum Stellen von Fragen einfach auf Sli.do gehen und den Code 74717 eingeben! Oder diesen Link aufrufen: https://app.sli.do/event/rwxhgnaa/live/questionsAm Di...",de
"""Familien stehen ohnehin unter Dauerdruck und Dauerstress, den Alltag zu meistern. [...] Es ist ein Lebenskampf, mit Unvorhergesehenem jeden Tag zurechtzukommen"", sagt @EskenSaskia vor der Auftaktklausur der SPD-Fraktion.",de
The perfect end of this day! #obamaleaders,de
"TV-Tipp: Heute um 22:25 Uhr ist @c_lindner zu Gast bei @maybritillner im @zdf . #illner #VielZuTun #btw21 maybrit illner @maybritillner · 2. Sep. 2021 Die Gästeliste – #illner heute 22:25 ZDF ""Liberal oder sozial – was sichert Wohlstand für alle?"" Mehr Infos zu Gästen & Thema auf unserer Homepage http://kurz.zdf.de/c9eg/ @gaborsteingart @c_lindner @EskenSaskia @HenrikeRossbach #rotgrünrot #Ample #Scholz #BTW21 #FDP #SPD",de
"Aufbruch in diesem Land ist so nötig. 120.000 Mitglieder zählt jetzt @Die_Gruenen . Danke für das Vertrauen, das Mittun und verändern wollen, sich nicht abfinden mit dem, wie es ist. Wir brauchen wirksamen Klimaschutz und mehr Gerechtigkeit#BereitWeilihrEsSeid Katharina Dröge @katdro · 23. Aug. 2021 Simone Menne, die erste Finanzchefin eines Dax-Konzerns erklärt im Interview, warum sie @ABaerbock als Kanzlerkandidatin gut findet und bei dieser Wahl @Die_Gruenen wählt @SilkeKersting #Baerbock #Wirtschaft #gruene https://google.de/amp/s/amp2.handelsblatt.com/politik/deutschland/bundestagswahl-2021-mir-macht-der-zustand-unseres-landes-sorgen-multiaufsichtsraetin-menne-fuer-regierungsbeteiligung-der-gruenen/27530426.html…",de
"In Israel gibt es Hinweise, dass BionTech auch gegen Omicron 90% Wirksamkeit habe. Bisher wurden die Daten nicht veröffentlicht. Morgen versuche ich bei ISR Kollegen mehr zu erfahren. jpost.com COVID: First signs that vaccines protect against Omicron So far, Israel has registered four cases infected with the new variant, while general morbidity remains low. 867 1.014 11.571",de
"Der Mut der #WeißeRose beeindruckt mich so. Vor 78 Jahren wurden Christoph #Probst, Sophie & Hans #Scholl von den Nazis ermordet. In unserer Demokratie brauchen wir heute nicht so viel Mut, damit Rassisten & Faschisten nie wieder was zu sagen haben. Widersprechen & Wählen hilft.",de
"Die #AfD sagt es schon lange: Eine Minderheit macht mit Hilfe der Massenmedien Druck auf die Meinungsfreiheit der Mehrheit in Deutschland. Zu diesem Ergebnis kommt auch eine aktuelle Allensbach-Studie. faz.net Allensbach-Umfrage: Eine Mehrheit fühlt sich gegängelt Nach dem Eindruck vieler Deutscher ist es um die Meinungsfreiheit derzeit so schlecht bestellt wie nie zuvor in der Bundesrepublik: Etwas weniger als die Hälfte glauben, man könne seine politische...",de
"Die schwarzgrüne Medienverliebtheit sollte uns nicht zum Lamentieren veranlassen, sondern zum Kampf anspornen. „Das Trikot schwitzt nicht von alleine“,hieß mal das Wahlkampfmotto der siegreichen @spdrlp - das gilt gerade auch für uns heute. Mit @OlafScholz und der ganzen @spdde",de
"‚Die #Türkei zählt als Profitzentrum deutscher Konzerne & geopolitisches Sprungbrett für den Nahen Osten. Damit das in Zukunft noch besser wird, ist die Bureg die treibende Kraft für eine Erweiterung der #Zollunion’ mein Fazit in der @jungewelt #Kobani jungewelt.de Erdogans Pakt Türkei und islamistischer Terror",de
"Ungeimpfte haben manchmal Angst vor Myokarditis, Herzmuskelentzündung, nach Impfung. Neue Studien zeigen, dass das Risiko nach Covid Erkrankung sehr viel höher ist. nytimes.com Heart Problem More Common After Covid-19 Than After Vaccination, Study Finds The research did not assess the risks specifically for young males, who are the most likely to develop the rare side effect.",de
Inzidenzwert ist noch immer wichtigster Steuerungswert. Ihn abzuschaffen wäre Wahnsinn. Tod der Infizierten von heute erfahre ich in 3-5 Wochen. Bei steigender Inzidenz sähe man dann katastrophale Fehler von heute. Infizierte 50-80 Jährige sterben >2%. Jüngeren droht #Longcovid,de
In Deutschland muss es möglich sein 4 Millionen Bürger pro Woche zu impfen. Dann wäre Ostern das Schlimmste überstanden. #Covid_19,de
"Portrait in der Gießener Allgemeinen Zeitung geschrieben von Christina Steines giessener-allgemeine.de Helge Braun (CDU) aus Gießen: Der Notarzt der Nation im Bundestagswahlkampf Als Notarzt der Nation erklärt Helge Braun dem Volk Impfstrategien inklusive Pleiten und Pannen. Welche Rolle der Krisenmanager der Bundesregierung aus Gießen nach dem Abschied Merkels spielen wird,...",de
"Wir haben @baerbelbas für das Amt als Bundestagspräsidentin mit 99,48% und @oezoguz als Bundestagsvizepräsidentin mit 98,45% nominiert. Zwei starke Persönlichkeiten für die Spitze dieses Hohen Hauses.",de
"Mit dem Geld aus der Solidarkasse der Pflegeversicherung sollten nur noch Altenpflegeheime finanziert werden, die einen Tarifvertrag haben. Einen konkreten Vorschlag dazu werde ich zusammen mit @HubertusHeil in den nächsten Tagen vorlegen. #gema1nsam Von SPD Parteivorstand",de
"»Man muss die Leute mögen, wenn man linke Politik machen will. Dazu gehört, dass man […] auch einfach so mal in die Kleingartenanlage geht und sich mit den Leuten dort 2, 3 Bier reinschiebt.« – So die Theorie vor 3 Monaten in der @Jungle_World . Heute Praxis in Eisleben.",de
#Merkeltruppe Markus Feldenkirchen @MFeldenkirchen · 21. Aug. 2021 Ich möchte eine Substantivierung kaufen,de
"(1) Sehr wichtige neue Studie zu Chronic COVID Fatigue Syndrom (CFS) aus Charité. CFS trifft vor allem Jüngere, Studienteilnehmer 31 J alt. 2/3 Frauen. Die Lebensqualität ist sehr niedrig. Meist ist CFS leider bisher unheilbar. Ein unterschätztes Problem medrxiv.org Chronic COVID-19 Syndrome and Chronic Fatigue Syndrome (ME/CFS) following the first pandemic wave... Objective Characterization of the clinical features of patients with persistent symptoms after mild to moderate COVID-19 infection and exploration of factors associated with the development of...",de
"""Wir haben es geschafft, dass wir in dieser für alle schwierigen Situation gemeinsam als Europäische Union Geld aufnehmen, um mit diesen Anleihen wichtige Zukunftsinvestitionen zu finanzieren"", blickt @OlafScholz auf den europäischen Wiederaufbaufond. Er ist historisch. #spdbpt21",de
#Fussball zeigt bei aller Kommerzialisierung doch auch immer wieder ein menschliches Gesicht - so auch bei den Gesten anlässlich des Zusammenbruchs von Christian #Eriksen #FussballEM,de
"Die #Macron-Rede war das erste Mal, dass ein größeres deutsches Publikum hören konnte, was er unter Europäischer #Souveränität (Cyberspace, Weltraum) und unter Strategischer #Autonomie versteht (#Europa IN der #NATO stärken). #MSC2021 POLITICOEurope @POLITICOEurope · 19. Feb. 2021 Macron: ""I believe the best possible involvement of Europe within NATO is to be much more in charge of its own security."" The French president added that both are ""totally compatible."" More on his speech on our live blog: http://politi.co/2ZxgHYU #MSC2021",de
"Vielleicht wussten die #FreienWähler ja doch, dass die Chancen für den Einzug in den #Bundestag begrenzt sind - und es ging ihnen eigentlich um etwas anderes? #btw2021 @handelsblatt",de
"Mit der LINKEN würde #Vermögenssteuer in der nächsten Legislatur kommen – weil es dringend notwendig, ist umzuverteilen. Wir müssen uns mit den Reichen und Mächtigen anlegen. Politik für Millionen, nicht für Millionäre! #machtdasLandgerecht @morgenmagazin https://zdf.de/nachrichten/zdf-morgenmagazin/endspurt-im-wahlkampf-afd-linke-fdp-spitzenkandidaten-100.html…",de
"Du brennst für Klimaschutz und du willst gemeinsam mit uns politisch was ändern? Wir machen fit für den Wahlkampf - mit Workshops, Webinaren und spannenden Aktionen. Bist du dabei? Lass mal wieder was zusammen machen! #MitDir wird's wir: https://gruenlink.de/1xo7",de
"Today marks 6 months since peaceful protests started in #Belarus. On the Day of Solidarity with Belarus, I stand with all Belarussians peacefully & relentlessly calling for free & fair elections. Lukshenko must be held accountable for his crimes. #StandWithBelarus @Tsihanouskaya 0:44 3.291 Mal angezeigt",de
"Heute begeht die deutsche Demokratie den friedlichen Machtwechsel nach einer Wahlentscheidung des Volkes. Dafür beneiden uns viele Menschen, die nicht in stabilen Demokratien leben. Danke an alle scheidenden Amtsträger/innen für ihren Dienst und viel Erfolg für alle Neuen",de
"Wo er Recht hat, hat er Recht! Jonas Schaible @beimwort · 6. Mai 2021 »Es ist Zeit umzusteuern« - nach Bidens Vorstoß ist plötzlich denkbar, was der Westen bisher nicht wollte: eine Aussetzung der Patente auf Corona-Impfstoffe. Gut so, Deutschland sollte sich auch dafür einsetzen, sagt Robert #Habeck im @derspiegel: https://spiegel.de/politik/deutschland/robert-habeck-fordert-patent-aussetzung-fuer-corona-impfstoffe-a-406491ec-8019-4962-8f16-eca013a1e8f4…",de
"Herzlichen Glückwunsch! Persönlich ist das hochverdient und gesellschaftlich eine wunderbare Ermutigung für viele Menschen in unserem Land #Biontech #Impfstoff #Forschung Steffen Seibert @RegSprecherStS · 19. März 2021 Özlem Türeci und Uğur Şahin, die #BioNTech-Gründer, haben mit herausragender Wissenschaft und mutigem Unternehmergeist einen Schlüssel zur globalen Eindämmung der Pandemie geschaffen. Heute hat sie Bundespräsident Steinmeier mit dem Großen Verdienstkreuz der Bundesrepublik geehrt",de
"Derartige „Karrieren“ beginnen meist schon in der Schule: Copy & Paste, nett lächeln bei der „PowerPoint-Präsentation“ und schon hat man das Abitur so gut wie in der Tasche. ""Jahrzehntelange Methode""? #Baerbock schrieb auch in älteren Schriften ab tichyseinblick.de ""Jahrzehntelange Methode""? Baerbock schrieb auch in älteren Schriften ab In einer neuen Medieninformation hat Plagiatsjäger Stefan Weber neue Funde präsentiert. Auch in älteren Schriften der grünen Kanzlerkandidatin würden sich laut Weber zahlreiche problematische Stellen...",de
"This. Robert Franken @herrfranken · 6. Sep. 2021 Was, wenn...? <thread> #diversity #equity #inclusion #GenderEquality",de
+++#Umweltminister Glauber: Apostel der #Klima-#Religion – Sektenhafter Zugang zu natürlichen Herausforderungen macht vernünftige #Politik unmöglich+++ #AfD #abernormal https://afdkompakt.de/2021/08/09/umweltminister-glauber-apostel-der-klima-religion-sektenhafter-zugang-zu-natuerlichen-herausforderungen-macht-vernuenftige-politik-unmoeglich/…,de
"Presseinfo Der Bundestag berät das Fondsstandortgesetz. @TSchipanski & @MBiadaczMdB über Mitarbeiterkapitalbeteiligungen, Entbürokratisierung für Fondsverwalter, Digitalisierung der Aufsicht & den grenzüberschreitenden Vertrieb von Investmentfonds. cducsu.de Wirtschaftsstandort stärken – Union fordert bessere Mitarbeiterkapitalbeteiligung Am heutigen Freitag hat der Deutsche Bundestag in Erster Lesung das Gesetz zur Stärkung des Fondsstandorts Deutschland beraten. Darin sollen die Regelungen für Mitarbeiterkapitalbeteiligungen...",de
Der Aufbau von zusätzlichen Intensivbetten war in den letzten 2 Wochen bundesweit in absoluten Zahlen doppelt so stark wie die Zunahme von Covid-Intensivpatienten. Das ist eine gute Entwicklung.,de
"Wieso werden Einschränkungen innerhalb von wenigen Tagen entschieden, aber die Rückgabe von Grundrechten dauert einen Monat, Herr @jensspahn ?",de
Hattrick! @OlafScholz hat alle Trielle gewonnen! 42% der Zuschauer*innen fanden ihn heute Abend am überzeugendsten. #ScholzPacktDasAn #Triell,de
Pressekonferenz mit Bundesgeschäftsführer @JoergSchindler #DieLinke 22:28 2.068 Zuschauer DIE LINKE @dieLinke pscp.tv Pressekonferenz mit Bundesgeschäftsführer @JoergSchindler #DieLinke,de
"Wir brauchen endlich Klima-Ordnungspolitik: Dort wo es den Zertifikatehandel bereits gibt, zeigt sich, dass er funktioniert! Daher wollen wir diese auf alle Bereiche ausweiten. So schaffen wir einen dichten Deckel für Emissionen & die Dekarbonisierung unsere Lebensweise! @vzbv",de
"Wir sehen uns morgen auf der Straße @klauslederer @Katina_Schubert und viele andere sind auch dabei. #LINKE Treffpunkt: 12 Uhr am Marx-Engels-Forum DIE LINKE. Berlin @dielinkeberlin · 9. Sep. ""Wohnungen sind unser #Zuhause und keine Spekulationsobjekte. Die nächste Bundesregierung muss endlich liefern."" (@klauslederer) Am Samstag gemeinsam auf die Straße! Mehr Infos: https://gleft.de/4nI #Mietenwahl #dielinke #berlin #wemgehörtdiestadt #tanzdemo",de
Gleich geht’s los. #bereitweilihresseid #allesistdrin,de
"Herzlichen Glückwunsch, @gitta_connemann zum Vorsitz der @MIT_bund . Du bist die neue starke Stimme für alle, die unsere Wirtschaft am Laufen halten und für Arbeitsplätze sorgen. Freue mich auf die Zusammenarbeit und eure Impulse für unsere Soziale Marktwirtschaft.",de
"Da musste ich gerade echt 2x hinsehen... Wie peinlich, substanzlos und anmaasend. Offensichtlich ein Anfall moralischer Überheblichkeit. Oder wollen wir den USA nun allen Ernstes erklären, wie Demokratie funktioniert?",de
"Das Konzert für die Flutopfer ist zu Ende. BAP Gründer Wolfgang Niedecken hat es beendet mit einem Aufruf, sich impfen zu lassen.",de
"Die #FDP will schlicht davon ablenken, dass sie sich in der Coronapolitik Wahlkampf bedingt völlig vergaloppiert hat. Dabei zeigt der Wende-Wissing gern noch auf andere @BILDamSONNTAG Super Niveau! Dorothee Bär @DoroBaer · 5. Dez. 2021 Was ist das denn für ein Wischi-Waschi von @Wissing? Impfpflicht „möglichst“ jedem einzelnen Abgeordneten überlassen? Was will die @fdpbt jetzt eigentlich? Spannendes Parlamentsverständnis. Impfpflicht jetzt!",de
"Nein zur Impfpflicht für Schüler sagt auch mein Kollege im Abgeordnetenhaus @herbert_mohr Wo sich Kinder und Jugendliche mit dem Coronavirus infizieren - bz-berlin.de Wo sich Kinder und Jugendliche mit dem Coronavirus infizieren Selten war der Kindertag am Dienstag so wichtig: Dann entscheidet der Senat, wann und wie es mit der Rückkehr aller Schüler in die Klassen vorangeht. Eine Analyse der Gesundheitsverwaltung zeigt...",de
"Dieser Staat ist stark, wenn es darum geht, die eigenen Bürger zu bevormunden. Aber schwach, wenn es darum geht, uns vor realen Gefahren zu schützen. #Hochwasserkatastrophe bild.de Kommentar von BILD-Chef Julian Reichelt - Die Politik hat nicht gewarnt! Über 150 Menschen sind in Schlammfluten elendig ertrunken, von Gerölllawinen erschlagen worden, im Herzen unseres Landes. Und die An...",de
"Heute hat der erste Landkreis in Nordrhein-Westfalen eine Inzidenz von Null. Es bleibt dabei: Auch in Pandemie-Zeiten gilt die Verfassung. Einschränkungen von Grundrechten müssen immer verhältnismäßig sein. #AusGruenden Staatskanzlei NRW @landnrw · 25. Juni 2021 ""Und deshalb muss man vorsichtig bleiben, #Delta im Blick haben“, sagte Ministerpräsident @ArminLaschet in der Pressekonferenz am Mittwoch. Hier ist seine gesamte Aussage mit Kontext. #Servicetweet",de
"Vor 60 Jahren ließ die SED die #Mauer errichten. Dass wir heute wieder frei & vereint sind, empfinde ich als großes Glück, das die Menschen in der ehem. DDR mutig erkämpft haben. Wir sind ein Volk. Neue Mauern in den Köpfen dürfen wir nicht zulassen, Grundlage dafür ist Dialog!",de
"Man kann Bezeichnungen ablehnen, weil sie Vorurteilen und Diskriminierung Vorschub leisten; es würde aber auch schon reichen Menschen mit Respekt zu begegnen. Ich hoffe, die schämen sich in Grund und Boden. #DieletzteInstanz die steissbeine @diesteissbeine · 31. Jan. 2021 Deutschland 2021 Part 2 1:06 589.973 Mal angezeigt",de
Meine Anfragen an die #Bundesregierung. Thema heute: Von Deutschland gezahlte Entwicklungshilfe an China & Indien (Antwortim Link!) https://brandner-im-bundestag.de/anfragen/schriftliche-frage-8082-august-2021.html… #AfD #Brandnerfragtnach #wirhabendasDirektmandat #Deutschlandabernormal #WK194 #Berlin #Bundestag #Brandner,de
"Viel Erfolg!!! Jürgen Braun, MdB @JuergenBraunAfD · 7. Juni 2021 Wählen Sie Rebecca #Weißbrodt und mich vorne auf die #Landesliste! Die Besten müssen in den #Bundestag. Auf jeden einzelnen Kandidaten kommt es an. Es geht nicht um Gruppen, es geht um Qualität und Leistung! #AfD #BaWü #abernormal #Briefwahl https://youtu.be/ucwG0DmRu_4",de
"Das Ansehen und die Arbeitsfähigkeit des Deutschen Bundestages werden durch die völlig gescheiterte #Wahlrechtsreform von CDU, CSU und SPD gefährdet. Für dieses Debakel trägt allen voran die #CSU, und mit ihr CDU und SPD, die Verantwortung. thepioneer.de Die Ampel-Koalition für die Wahlrechtsreform Weil der Bundestag auf Rekordgröße wächst, wollen SPD, Grüne und FDP eine Reform - ohne die Union.",de
"Heute werde ich eine Initiative zur verpflichtenden #Kennzeichnung verarbeiteter #Eier einbringen beim EU-#Agrarrat. Bei rohen Eiern können Verbraucherinnen und Verbraucher bereits heute erkennen, wie die Legehennen gehalten wurden. Das ermöglicht eine bewusste Kaufentscheidung.",de
"Kinder und Jugendliche haben im letzten Jahr kaum eine Rolle gespielt. Die Bundesregierung muss das Wohl der Kinder jetzt stärker in den Blick nehmen, damit Bildungslücken aufgeholt und soziale Folgen abgefedert werden können. #kindertag #teilzeitministerin",de
Ab 09:00 debattiert der #Bundestag über den Gesetzentwurf der #Bundesregierung für ein neues Gesetz für den #Bundesverfassungsschutz Für @GrueneBundestag darf ich sprechen. Stream auf http://bundestag.de #BfV #Demokratie #Kontrolle #QuellenTKÜ bundestag.de Deutscher Bundestag - Startseite Dies ist der Internetauftritt des Deutschen Bundestages. Sie können die Webseite auch auf Ihrem mobilen Endgerät anzeigen lassen.,de
"Sehr starkes Signal: @c_lindner hat kurzfristig Josef Schuster, Präsident des Zentralrates der Juden in Deutschland, zum #bpt21 der @fdp eingeladen.",de
"StatementAnlässlich des Jahrestags von #Hanau findet @ninawarken : ""Umso entschlossener müssen wir den Kampf gegen Rechtsextremismus und Rassismus mit allen uns zur Verfügung stehenden Mitteln weiter vorantreiben."" cducsu.de Presseservice Telefon: 030 227 53015 E-Mail: pressestelle@cducsu.de",de
"Das Verhalten von Union & Grünen in #BadenWuerttemberg und #Thüringen ist NICHT hinnehmbar. @larsklingbeil : „Wer der AfD Raum lässt, macht sie unnötig stark. Das sind Spalter und Hetzer, denen gibt man keinen Raum für politische Spielchen!“ #keinfussbreit",de
#AllesIstDrin #bereitweilihresseid #dBDK21,de
"""Die #Corona-Grenzschließungen von 2020 hätten ein heilsamer Schock sein müssen. Stattdessen hat die Bundesregierung die Zeit seither verstreichen lassen, ohne intelligente Konzepte für das Grenzmanagement zu entwickeln!"": @bstrasser zu unserem Antrag https://tinyurl.com/v5mjebbh 1:03 578 Mal angezeigt",de
Rolf #Mützenich vor der SPD-Fraktionssitzung: SPD-Fraktion im Bundestag @spdbt Rolf #Mützenich vor der SPD-Fraktionssitzung:,de
"Wie lost kann man sein? Die Verzweiflung wird immer größer. RND @RND_de · 7. Sep. Der #CDU-Fraktionschef im Landtag in #SchleswigHolstein, Tobias Koch, fordert zum Thema #Gendern einen Volksentscheid. https://rnd.de/panorama/schleswig-holstein-cdu-fraktionschef-im-landtag-fordert-volksentscheid-zur-gendersprache-6YYRVC3IXBCQ5D7HJHPWDVXINI.html…",de
"Isso! Tim Pommerenke @meinnameseitim · 26. Feb. 2021 Traditionalisten gegen Modernisierer: Warum die Große Koalition ihr Versprechen an den Esport nicht eingelöst hat. Darüber habe ich mit @DoroBaer, @nouripour, dem @DOSB und @Oroaranion vom @ESBD_Verband gesprochen. @derspiegel https://open.spotify.com/episode/26HDPN6wVxogcTjIKt0a8v?si=b15209598c6a479c…",de
"»Statt des angekündigten Insektenschutzgesetzes kommt jetzt kurz vor Ende der Legislaturperiode eine seichte Novelle des Naturschutzgesetzes. Auf mehr #Insektenschutz konnten sich Union und SPD nicht einigen«, kritisiert Ralph Lenkert. youtube.com Ralph Lenkert, DIE LINKE: Insektenschutz durch Koalition: zu spät und... 15.04.2021 - Statt des angekündigten Insektenschutzgesetzes kommt jetzt kurz vor Ende der Legislaturperiode eine seichte Novelle des Naturschutzgesetzes. Auf...",de
"Wenn es #Söder nützt, wird er vermutlich auch noch den Hashtag #NieMehrCDU verwenden.",de
"Robert #Habeck hat etwas, was den Herren #Söder und #Laschet offensichtlich fehlt: Die Fähigkeit sich auch einmal zurückzunehmen. DER SPIEGEL @derspiegel · 19. Apr. 2021 Nach seinem Kurztrip nach Berlin am Sonntag hat sich CSU-Chef Markus Söder nun erneut mit seiner Parteispitze beraten. Sehen Sie die Pressekonferenz dazu im Livestream. https://spiegel.de/politik/deutschland/markus-soeder-zum-stand-der-k-frage-livestream-a-727837bb-b8a6-4e30-8b20-24148a24dc75?utm_source=dlvr.it&utm_medium=%5Bfacebook%5D&utm_campaign=%5Bspontop%5D#ref=rss…",de
"Eine Frage der Fairness, die Absenkung der Unterstützungsunterschriften in der Corona-Pandemie. Auch das haben Union & SPD bei der Änderung des Bundeswahlgesetz versäumt. Die Hürden sollen für den Pandemiefall abgesenkt werden fordern @GrueneBundestag sueddeutsche.de Wahlrecht soll für kleine Parteien wie ÖDP und Piraten geändert werden Kleine Parteien müssen vor der Bundestagswahl viele Unterschriften sammeln, das ist wegen des Corona-Virus schwierig.",de
"Hr Scholz + seine SPD machen Wahlkampf mit CDU-Mitarbeiter-Bashing, indem sie deren christlichen Glauben diffamieren, verhöhnen, reduzieren. Aber sonst gegen Diskriminierung sein wollen, unglaubwürdig! Eröffnet Hr. Scholz jetzt auch die Jagd auf Andersgläubige, neues Stilmittel?",de
"Die seit Jahren von der #Bundesregierung und dem zuständigen Wirtschaftsministerium unter @peteraltmaier versprochene „Nationale Tourismusstrategie“ wird immer mehr zum Phantom. @S_Muenzenmaier : ""Nationale Tourismusstrategie gänzlich gescheitert?"" #AfD afdbundestag.de Münzenmaier: Nationale Tourismusstrategie gänzlich gescheitert? Berlin, 20. Mai 2021. Die seit Jahren von der Bundesregierung und dem zuständigen Wirtschaftsministerium unter Peter Altmaier versprochene „Nationale Tourismusstrategie“ wird immer mehr zum Phantom....",de
Ist der #Dürresommer gemeint? OTZ Online @OTZonline · 4. Aug. 2021 Wettervorhersage: Wetter im August: Ist der Sommer schon jetzt vorbei? https://otz.de/leben/vermischtes/wetter-august-vorhersage-prognose-sommer-id232966963.html?utm_term=Autofeed&utm_campaign=Echobox&utm_medium=Social&utm_source=Twitter#Echobox=1628096674…,de
"Christen in aller Welt begehen heute & morgen das #Osterfest. Wir feiern die Auferstehung Jesu Christi. Sie schenkt uns große Hoffnung & Vertrauen in die Liebe Gottes. Deshalb gilt, trotz aller Widrigkeiten in Pandemiezeiten: Frohe & gesegnete #Ostern!https://cducsu.de/presse/texte-und-interviews/mit-kontaktreduzierung-gegen-corona…",de
Guten Morgen ! Die Flutkatastrophe macht schonungslos deutlich: Nach 16 Jahren Merkel & drei Jahren Seehofer sind die Warnsysteme in Deutschland auf dem Stand eines Entwicklungslandes. Wo sind die Katastrophenschutz-Lektionen aus dem Elbhochwasser 2002? https://facebook.com/Prof.Dr.Joerg.Meuthen/posts/2005519949596700…,de
der heutigen #Wahlkreistour12 - Autokorso #Naitschau/Greiz folgen. Morgen dann: #Wahlkreistour13 #AfD #Brandnerunterwegs #Thüringen #Deutschlandabernormal #wirholendasDirektmandat #Gera #Greiz #Altenburg #AltenburgerLand #WK194 #Berlin #Bundestag #Brandner,de
"Das Versagen von #SPD #CDU #CSU phoenix @phoenix_de · 16. Aug. 2021 #Afghanistan: Am Flughafen von #Kabul gebe es wohl ein Zeitfenster zur Ausreise von nur noch 3 Tagen für alle, die aus Afghanistan heraus wollen, so Sicherheitsexperte Markus Kaim, @SWPBerlin. Die Bundesregierung habe zu zögerlich und bürokratisch agiert. @flobauerauthor 0:42 9.010 Mal angezeigt",de
"Die BReg hat IMMER NOCH NICHT geantwortet. Mehr Verachtung für die Opposition und den Bürger geht nicht. Was wird hier vertuscht? Unsere glorreichen Politiker wissen anscheinend nicht einmal, wie viele #Ortskräfte wir überhaupt in #Afghanistan hatten. #nurnochAfD Beatrix von Storch @Beatrix_vStorch · 6. Sep. 2021 Wie viele Ortskräfte hatten wir in #Afghanistan? Eine Frage, die die BuReg - nach der Evakuierung! - beantworten können sollte, oder? Kann sie aber nicht. Oder sie will nicht. Das parlamentarische #Fragerecht wird so zur Farce. Antwortfrist normal: eine Woche. Morgen sind 3 rum.",de
"Happy Independence Day, #Poland! Wishing a wonderful and peaceful celebration to all our Polish friends. #IndependenceDay #11listopada #ŚwiętoNiepodległości",de
"Pressemitteilung Heute wird der Koalitionsantrag zum Thema #Agroforstwirtschaft beraten. @StegemannAlbert und Alois Gerig sind sich einig: Eine Kombination aus Gehölzen mit Ackerbau oder Tierhaltung hat positive Auswirkungen auf Erträge und Klima. cducsu.de Ökonomie trifft Ökologie – Agroforstsysteme sollen gefördert werden Der Deutsche Bundestag wird heute den Koalitionsantrag „Produktivität, Klimaresilienz und Biodiversität steigern – Agroforstsysteme fördern“ abschließend beraten. Dazu erklären der agrarpolit...",de
"""Internationale Mindestbesteuerung - Das ist ein Thema, für das sich @OlafScholz seit vielen Jahren einsetzt"", macht @KuehniKev bei #hartaberfair klar. Große Unternehmen sollen ihre Gewinne fair versteuern müssen und nicht mehr in Steueroasen verlagern können.",de
"(1) Für jeden, der sich tiefer mit Frage beschäftigen will, was im Herbst und Winter mit Verbreitung der indischen Mutation B.1.617.2 wohl folgen würde, ein guter Thread von @JamesWard73 . Seine Modellierung ist etwas optimistischer als die aus Warwick, er erklärt Unterschiede gut James Ward @JamesWard73 · 16. Mai My summary thoughts on B.1.617.2: 1. The data on increased transmissibility is concerning, but it’s good that a significant vaccine escape looks unlikely 2. My model suggests that we can probably still exit with only a small wave if we’re prepared to extend baseline controls,",de
Kreis Ahrweiler @KreisAhrweiler · 15. Juli 2021 Update #KreisAhrweiler: Derzeit wird von rund 1300 Vermissten ausgegangen; circa 3500 Menschen sind in Betreuungseinrichtungen untergebracht. Aufgrund der komplexen Schadenslage ist eine abschließende Beurteilung der Situation noch nicht möglich. Infos: http://bit.ly/3ref7Iz,de
Es gibt immer eine Alternative! Wir sollten uns für einen vernünftigen Strommix entscheiden wie andere Länder auch. Dann muss auch nicht unsere schöne Landschaft komplett „verspargelt“ werden. #Windenergie ZDF Morgenmagazin @morgenmagazin · 21. Sep. 2021 Der Ausbau der Windenergie muss in Angriff genommen werden. Wie kann die Akzeptanz bei den Bewohner*innen erhöht werden? Bleiben Sie bitte bei dieser Diskussion sachlich.,de
"Erster Stopp der #RöttgenRallye heute bei der CDU Wuppertal. Wir haben natürlich über die Zukunft der #CDU gesprochen & insbesondere über das C. Das christliche Menschenbild als Wertefundament ist unser Alleinstellungsmerkmal, daraus leitet sich unsere Politik ab. #jetztabervoran",de
"Volle Zustimmung. Paritätischer Berlin @ParitaetBerlin · 6. Okt. 2021 Durch die #Corona-Pandemie sind die Lebensmittelpreise stark gestiegen. ""Damit es bei der Versorgung mit Lebensmitteln wie Obst und Gemüse nicht zu einer Zwei-Klassen-Gesellschaft kommt, müssen die Hartz-IV-Regelsätze angehoben werden"", sagt @GaSchlimper https://rbb24.de/wirtschaft/beitrag/2021/10/steigende-lebensmittelpreise-verbraucherpreise-familie-pandemie-berlin.html…",de
"Robert Habeck freut sich, „jetzt in einen politischen Wahlkampf einzusteigen, wie ihn die Republik noch nicht gesehen hat.“ #BereitWeilIhrEsSeid",de
"Daten Israel zur 3. Impfung nach 5 Mon mit BionTech bei >60 Jährigen: Risiko Infektion sank Faktor 11 mit Booster, Risiko schweres Covid sogar Faktor 19. Ok, man kann Booster in Deutschland noch schieben. Aber im Winter sollten alle > 60 Lg Angebot haben nejm.org Protection of BNT162b2 Vaccine Booster against Covid-19 in Israel | NEJM Original Article from The New England Journal of Medicine — Protection of BNT162b2 Vaccine Booster against Covid-19 in Israel",de
"Wer vor einem Jahr behauptet hat, #Ungeimpfte könnten ihre Grundrechte verlieren, wurde damals als Verschwörungstheoretiker beschimpft. Wie recht wir doch leider wieder mal hatten! #allenichtganzdicht #deutschlandabernormal @MPKretschmer Michael Kretschmer @MPKretschmer · 5. Mai 2020 Niemand wird in Deutschland gegen seinen Willen geimpft. Auch die Behauptung, dass diejenigen, die sich nicht impfen lassen, ihre Grundrechte verlieren, ist absurd & bösartig. Lassen Sie uns Falschnachrichten & Verschwörungstheorien gemeinsam entgegentreten. (SK) #Impfzwang",de
Er könnte ja noch Insassenpräsident in San Quentin werden... Karl Doemens @Doppelgeist60 · 8. Jan. 2021 Immerhin: Er scheint nicht der nächste Präsident zu werden. twitter.com/realDonaldTrum…,de
"""Wenn ein Staat Leitplanken setzt für einen Markt, im Sinne einer sozial-ökologischen Marktwirtschaft, dann können wir eine Wucht erzeugen für Innovation, um diese Klimakrise in den Griff zu bekommen"", sagt @ABaerbock bei den #BerlinerReden.",de
Presseinfo Albert #Rupprecht & @PeterWeissMdB : „Sommer der Berufsbildung“ cducsu.de „Sommer der Berufsbildung“ Heute findet der erste Aktionstag der Initiative „Sommer der Berufsbildung“ der Allianz für Aus- und Weiterbildung statt. Unter dem Motto „Berufliche Lernorte - echt.nachhaltig.digital“ besuc...,de
Deutschland wie immer bei allem zu spät: erst gabs keinen Impfstoff und keine Masken und jetzt sollen wir sie ewig tragen? #DieMaskeBleibtAuf#DieMaskeMußWeg,de
"Eine Debatte um Verantwortung verliert #Roettgen immer. 2012 hat er krachend eine Landtagswahl in #NRW verloren, anschließend seinen Landesverband im Stich gelassen, wollte Angela #Merkel die Verantwortung dafür in die Schuhe schieben und wurde dafür von ihr abserviert.",de
"""Ich habe eine klare Vorstellung von dem, was notwendig ist in den 20er Jahren"", sagt @OlafScholz im #Sommerinterview. ""Ich weiß, was notwendig ist, damit wir auch in 10, 20 oder 30 Jahren noch gute Arbeitsplätze in Deutschland haben.""",de
Gleich um 22:15 Uhr ist @OlafScholz im @heutejournal und spricht über die neuen Beschlüsse. Schaltet ein! #CoronaGipfel,de
"Zum Abschluss dieses Tages: Es lohnt sich, zu hören, was - und wie - dieser #Offizier berichtet und analysiert. Auch und gerade, wenn man selber gar nicht viel mit der #Bundeswehr zu tun hat. #Afghanistan Bundeswehr @bundeswehrInfo · 12. Okt. 2021 Als junger Soldat ging er 2002 mit dem 1. Kontingent nach #Afghanistan. Es folgten zwei weiter Einsätze am Hindukusch. Heute ist Oberst Tilmann stellvertretender Brigadekommandeur der #Panzerbrigade 21 in Augustdorf. Er erzählt über seine Erfahrungen und Eindrücke im #Einsatz.",de
"Digitale Bildung! Schulen müssen sowohl analoges als auch digitales Lehren und Lernen beherrschen, verlangt Fraktionsvize @NadineSchoen . Dabei ist auch die schnelle Umsetzung des #Digitalpakt Schule wichtig. Worauf es jetzt ankommt, lesen Sie hier: http://cducsu.cc/Digitale_Bildung…",de
"Wer einen Wechsel will, sollte sich überlegen, wen er wählt. Vielleicht nicht unbedingt die Grünen. Mareile @Hoellenaufsicht · 1. Apr. 2021 Wieso die Grünen in BaWü einfach sowas von keine moderne Partei sind. Katastrophales Signal auf so vielen Ebenen. twitter.com/rekurrierend/s…",de
Positive Stimmung am Arbeitsmarkt! Top! @ifo_Institut @handelsblatt @BMWi_Bund,de
". @Markus_Soeder : Wir öffnen mit Vorsicht, es gibt Perspektive und Hoffnung, aber es hängt von der Verantwortung von uns allen ab. Es gibt keine Garantie, wie es wird. Jede Impfung, die getätigt wird, ist ein kleiner Schritt zu mehr Normalität. #ltby #corona",de
"Very concerned by the verdict from Poland’s constitutional tribunal. The supremacy of EU law holds the EU together, it makes the internal market work, it protects our citizens & workers and is crucial to achieve our common goals like climate change, migration or security. 1/2",de
Zur nächsten #MPK sollte die Öffnung der Zoom Erlebniswelt in Gelsenkirchen ermöglicht werden. Mit einem Hygienekonzept wäre ein sicherer Betrieb des Zoos möglich. Das gibt Menschen eine Perspektive und eine sichere Möglichkeit zur Freizeitgestaltung. waz.de Brief an Kanzlerin Merkel: FDP sucht Hilfe für Zoom-Öffnung Die Gelsenkirchener FDP dreht für den Zoom das große Rad: Für eine Öffnungsperspektive im Corona-Lockdown wendet sie sich an Angela Merkel.,de
"Wir haben mit unsere Aussprache zum #Koalitionsvertrag angefangen – den Anfang hat die Bundesvorsitzende der @jungeliberale , @fbrandmann , gemacht. Sei #live dabei auf http://fdp.de#BPT21 #FangenWirAn fdp.de Freie Demokraten - FDP Wir modernisieren Deutschland. Mit Innovation made in Germany, Digitalisierung und der weltbesten Bildung. Erfahre mehr über die FDP und werde bei uns aktiv.",de
"Einwanderer zur Arbeit verpflichten. Na so was... Oder doch höchst vernünftig?#Dänemark #AfD #Deutschlandabernormal spiegel.de Dänemark will Einwanderer zur Arbeit verpflichten In Dänemark sollen Einwanderer nur noch dann staatliche Hilfe erhalten, wenn sie arbeiten. »Das Wichtigste für uns ist, dass die Menschen aus ihren Häusern herauskommen«, sagte Arbeitsminister...",de
"Vielen Dank an die vielen, die sich diszipliniert verhalten, die Abstand halten, Maske tragen und, auch wenn es schmerzt, Kontakte reduzieren. Ohne die Bereitschaft zur Eigenverantwortung einer großen Mehrheit der Bürgerinnen und Bürger gäbe es diesen Rückgang nicht. WELT @welt · 5. Feb. 2021 Corona: Nur noch vier Bundesländer über Inzidenz von 100 http://to.welt.de/2dHjxev",de
"Unfassbar, wie schnell in Israel geimpft wird. Diese Daten von ⁦ @feldman_gil ⁩ zeigen, dass offenbar schon über 80% der über 80 Jährigen die erste Impfung erhalten haben. Damit müsste die Covid Sterblichkeit in Israel sehr bald sinken...",de
Endlich macht Europa sich ehrlich: Einen EU-Beitritt der #Türkei kann es nicht geben! https://handelsblatt.com/wirtschaft-handel-und-finanzen-eu-parlament-schlaegt-aussetzung-tuerkischer-beitrittsverhandlungen-vor/27206870.html…,de
"Mit Elisabeth @Kaiser_SPD hat der @eGovPod über moderne Register und ihre Bedeutung für eine zeitgemäße, digitale Verwaltung gesprochen. Hörempfehlung! eGovernment Podcast @eGovPod · 7. Feb. 2021 Neue Podcastepisode Das Registermodernisierungsgesetz https://ift.tt/3aEyHWp #egov #digvw #twitterverwaltung #egovernment",de
Our legal view on jurisdiction of the International Criminal Court regarding alleged crimes committed in the Palestine territories remains unchanged: the court has no jurisdiction because of the absence of the element of Palestinian statehood required by international law. (1/1),de
"Unbürokratische Hilfen für die Flutopfer in Verbindung mit nachhaltigen Veränderungen fordert @LoetzschMdB in der Debatte um die Hochwasserkatastrophe. youtube.com Profite im Interesse der Menschheit begrenzen 25.08.2021 - Gesine Lötzsch, DIE LINKE: Unbürokratische Hilfen für die Flutopfer in Verbindung mit nachhaltigen Veränderungen fordert Gesine Lötzsch in der D...",de
"Heute vor 20 Jahre unterzeichnete der damalige Bundespräsident Johannes Rau das rot-grüne Gesetz zur ""Eingetragenen Lebenspartnerschaft."" Damit durften gleichgeschlechtliche Paare erstmals vor den Traualter. Ein wichtiger Meilenstein Richtung #Ehefüralle!",de
"2021 ist da - der #cdupt21 rückt näher. Am 16.01. fällt die Entscheidung um den #CDUVorsitz! Zur Einstimmung gibt's hier 3,5 min. Zusammenfassung von 3x #CDULive mit @ArminLaschet , @_FriedrichMerz & @n_roettgen . Und nächste Woche Freitag 19 Uhr heißt es: #Kandidatenrunde II! Diese Medien enthalten möglicherweise sensible Inhalte. Einstellungen ändern Anzeigen",de
"Wenn Kinder und Jugendliche nur noch vorm Rechner oder Tablet sitzen, kann es kritisch werden. Aber es gibt Hilfe, wie dieser Beitrag oder meine Kampagne http://familiefreundefollower.de zeigen. Gesunde Mediennutzung kann jeder und sollte jeder lernen! focus.de Hilfe, mein Kind ist internetsüchtig! Was Sie als Eltern jetzt tun sollten - Video Immer mehr Kinder und Jugendliche können die Nutzung digitaler Medien nicht mehr kontrollieren und entwickeln regelrecht Suchtsymptome – gerade die Pandemie hat diesen Effekt verstärkt. Als Eltern...",de
"Guter Ansatz. ntv Nachrichten @ntvde · 18. Feb. 2021 ""Chance vertan"": Müller verteilt Astrazeneca-Impfstoff neu https://n-tv.de/politik/Mueller-verteilt-Astrazeneca-Impfstoff-neu-article22372015.html?utm_source=twitter&utm_medium=dlvr.it&utm_campaign=ntvde&utm_term=ntvde…",de
"#Lockdown beenden, #Kinder schützen! #abernormal Die junge Generation leidet ganz besonders unter den unverhältnismäßigen #Corona-Zwangsmaßnahmen der #Bundesregierung. Was das bedeutet: https://afdkompakt.de/2021/05/28/lockdown-beenden-kinder-schuetzen/…",de
"Wir gehen vollen Mutes & Geschlossenheit in den Wahlkampf 3 Tage haben wir um ehrgeiziges & umsetzbares Programm gerungen. Wo sich bei Mitbewerbern bisher nur Fragezeichen auftun, nehmen wir klaren Kurs auf eine Zukunft, die Klimaschutz, Wohlstand & soz. Gerechtigkeit vereint! BÜNDNIS 90/DIE GRÜNEN @Die_Gruenen · 13. Juni Was für ein Wochenende! Wir haben @ABaerbock und Robert Habeck als Spitzenduo bestätigt und Annalena als Kanzlerkandidatin. Und: Wir haben ein Wahlprogramm abgestimmt. Yeah! http://gruene.de/wahlprogramm",de
Auch in diesem Jahr gratulieren wir – aus der Ferne – unseren Geburtstagskindern. #bpt21 #vielzutun,de
"Zukunft gestalten, sozial und gerecht. @ABaerbock Renate Künast @RenateKuenast · 1. Juli 2021 Ich sage: Wir nehmen jetzt die Zukunft in die Hand. Wir nehmen unsere Art zu Leben in die Hand, unsere Art der Produktion. Ich stehe für #Erneuerung, andere stehen für ein Weiter so. @ABaerbock bei #BrigitteLive",de
Heute beginnen für uns Sondierungen. Die @spdberlin lud uns ins Kurt-Schuhmacher-Haus und wir nahmen die Einladung gern an. Jetzt sprechen @SeeroiberJenny @schatzbln @Katina_Schubert @sebastiank und @klauslederer mit dem Team der SPD.,de
Drei Schuss 'ne Mark.,de
Kann ich mit Blick auf meine Kommentarspalten nur bestätigen.,de
"„Die EU hatte ein verbindliches Warnsystem per Cell Broadcast bis 2022 einführen wollen. Deutschland aber drängte auf eine Ausnahme und bekam sie.“ spiegel.de Sascha Lobo über Cell Broadcast: Deutschlands bürokratische Verhöhnung des 21. Jahrhunderts Warum gibt es in Deutschland das zuverlässige Katastrophen-Warnsystem Cell Broadcast nicht? Das hat drei niederschmetternde Gründe: lächerlichen Geiz, peinliche Parteipolitik der CDU und tödliche...",de
"""Dass ein Mandatsträger bei der Beschaffung von Atemschutzmasken Kapital aus dem Mandat schlägt, ist moralisch zutiefst verwerflich. Sechsstellige Provisionen für die Übermittlung von Kontakten als „marktgerecht“ zu bezeichnen, ist zynisch"", findet @DirkWieseSPD . #Löbel",de
"Treffen Sie mit ihrer Wahl am 26.9. eine Zukunftsentscheidung. Es ist Zeit zu handeln, für soziale Gerechtigkeit, für Klimaschutz und für Frieden. Lassen Sie uns dafür kämpfen, dass es besser wird. @DietmarBartsch #machtdaslandgerecht #Wahlkampftour #DieLinke #btw21",de
"Für besonders Interessierte: obwohl UK Studie bei Menschen noch läuft: Hier Studie Oxford/Imperial College im Mausexperiment, die nahe legt, dass AstraZeneca plus BionTech/ Moderna optimale Kombination sein könnte. https://biorxiv.org/content/10.1101/2021.01.28.428665v1… Prof. Karl Lauterbach @Karl_Lauterbach · 28. Apr. Ich werde das als AstraZeneca Geimpfter auch oft gefragt: 2. Impfung mit Astra oder BionTech? Obwohl Studienlage noch nicht abgeschlossen: Stimme @Sander_Lab zu: Wahrscheinlich ist BionTech als 2. Impfung optimale Wahl. twitter.com/Sander_Lab/sta…",de
"Wir sind stolz darauf, dass 67 Kandidierende unter 40 in den Bundestag einziehen. Wir gratulieren an dieser Stelle allen sehr herzlich und wünschen euch viel Erfolg! Diese Medien enthalten möglicherweise sensible Inhalte. Einstellungen ändern Anzeigen",de
Die Krankenhaus-Ampel steht leider auf Rot. Es droht zunehmend Konkurrenz um Intensivbetten zwischen ungeimpften Covid-Patienten und geimpften Krebs- oder Schlaganfallpatienten. Wir wollen Brücken bauen: Es braucht jetzt nochmal einen Impfruck und gegenseitige Motivation.,de
Unterwegs mit dem ICE von Bielefeld nach Berlin - für‘s Klima allemal besser. Sitzungswoche Bundestag steht an.,de
"Jetzt LIVE - die gemeinsame Schlusskundgebung von @CDU und #CSU mit Angela Merkel, @ArminLaschet und @Markus_Soeder aus München. #cducsu #eineunion #btw21 Zum Livestream: csu.de Schlusskundgebung",de
"#USA, #Australien und #Großbritannien machen derweil harte #China-Politik - und #Frankreich wird kalt erwischt, denn das 90-Mrd-U-Boot-Geschäft mit AUS hat sich in Luft aufgelöst. Schwerer Schlag für frz. Industrie. #AUKUS #Indopazifik https://twitter.com/PoliticoRyan/status/1438253055020093450?s=20… Alexander Lambsdorff @Lambsdorff · 15. Sep. 2021 Bilanz der #China-Politik von Angela #Merkel Gut ist anders, sehr diplomatisch ausgedrückt. Ein Neustart ist nötig. #btw21 #Außenpolitik twitter.com/thorstenbenner…",de
Menschlich in der Welt wirken ist Ziel unserer Politik. Das heißt in erster Linie: abrüsten statt aufrüsten. #zeitzuhandeln #btw21 #DieLinke Unser Wahlprogramm-Entwurf -> https://die-linke.de/wahlen/wahlprogrammdebatte-2021/wahlprogrammentwurf-2021/…,de
"Ganz offensichtlich freut sich @ArminLaschet auf einen Wahlkampf, in dem wir auch darüber streiten, wie wir ein klimaneutrales Industrieland mit sozialem Zusammenhalt sein können. In der Tat - auch darum geht's bei der #Bundestagswahl. #wdreuropaforum",de
"#SeiDabei: Ab 9 Uhr #Livestream zur Unterzeichnung des #Koalitionsvertrag|es mit @c_lindner , Volker @Wissing und @MarcoBuschmann . #Live auf http://fdp.de (auch in Gebärdensprache) und auf http://youtube.com/fdp. #FangenWirAn #MehrFortschrittWagen fdp.de Freie Demokraten - FDP Wir modernisieren Deutschland. Mit Innovation made in Germany, Digitalisierung und der weltbesten Bildung. Erfahre mehr über die FDP und werde bei uns aktiv.",de
"Das ist ein neuer Tiefpunkt zwischen der #NATO und #Russland. So lassen sich keine #Konflikte lösen. Denn für #Abrüstung, Rüstungskontrolle und Frieden braucht es den Dialog zwischen der NATO Russland. spiegel.de Reaktion auf Umgang mit Diplomaten: Russland stellt Arbeit seiner Nato-Vertretung ein Kürzlich hatte die Nato acht russischen Diplomaten die Zulassung entzogen. Nun reagiert Russland und zieht Angestellte in Brüssel ab.",de
Bericht aus Berlin @ARD_BaB · 19. Dez. 2021 Die Streichung von §219a ist bereits in Auftrag. Justizminister @MarcoBuschmann im #NachberichtausBerlin über sein erstes Gesetzes-Vorhaben als Justizminister.,de
"„Brisante Debatte um Flut-Ursache: Liegt es am Wetter oder Klimawandel?“ bild.de Debatte um Flut-Ursache: Welche Rolle spielt der Klimawandel? Ausgerechnet staatliche Stellen widersprechen der Behauptung, der Klimawandel müsse für die Flut-Katastrophe verantwortlich sein.",de
"Immerhin Rauhreif, wenn schon kein Schnee an diesem eiskalten Wintermorgen im Norden.",de
Unsere Mitglieder haben mit vielen guten Ideen an unserem Zukunftsprogramm mitgeschrieben – viele davon sind im #Koalitionsvertrag gelandet. Darauf können wir alle stolz sein. Am Samstag wollen wir den Koalitionsvertrag beraten und beschließen. Und ihr könnt live dabei sein!,de
Heute vor 80 Jahren überfiel Deutschland die Sowjetunion. Wir wollen das Bewusstsein für unsere historische Verantwortung schärfen und zugleich die aktuellen Herausforderungen debattieren. Schaltet ein! Grüne im Bundestag @GrueneBundestag Gedenken und Verantwortung – 80 Jahre Überfall auf die Sowjetunion,de
"#Klimabonus Wir müssen klimafreundliches Verhalten unterstützen. Kaufen Bürger Fortbewegungsmittel wie #Fahrräder, E-Bikes und achten Sie bei Reisen auf #Klimaschutz, sollten 20% der Aufwendungen bis zu einem Betrag von 1000€ pro Steuerpflichtigem abgesetzt werden können.",de
"Schon fast lustig, wenn es nicht um die Hauptstadt Deutschlands und ganz schlicht um unsere Demokratie ginge. spiegel.de Wahlchaos: Berliner Spaßdemokratie – Kolumne Zu wenig Stimmzettel, Bezirke verwechselt, stundenlange Warterei: Wenn die Hauptstadt wählt, geht es zu wie in einer Bananenrepublik.",de
Hallo Kanzler.,de
"Die Testangebotspflicht kommt - und das ist auch richtig so! Deutschlandfunk @DLF · 13. Apr. „Das ist angekündigt und auch richtig“, sagt Olaf Scholz (@OlafScholz, @spdde) zu der angestrebten Corona-Testpflicht für Unternehmen. Er traue der überwiegenden Zahl der Arbeitgeber. „Und den übrigen helfen wir jetzt mit einer Verordnung“, so der Vizekanzler im Deutschlandfunk.",de
"+++AfD-Frau redet Tacheles und wird angeschrien!+++ Die #AfD-Bundestagsabgeordnete Corinna Miazga redet Tacheles. Wo sitzen die wahren geistigen #Brandstifter, die nicht selten #Vorbild und Rechtfertigung für physische Brandstifter sind? #abernormal https://afdkompakt.de/2021/08/06/afd-frau-redet-tacheles-und-wird-angeschrien/…",de
"Es wird mehr Schulabbrecher geben, weil den Schülern der direkte Kontakt zu den Lehrern fehlte. AfD hat auf diese Gefahr hingewiesen. Alle anderen sangen das hohe Lied der Digitalisierung. Bildungsmonitor: Sachsen und Bayern wieder mit Bestnoten spiegel.de Bildungsmonitor: Sachsen und Bayern wieder mit Bestnoten Sachsen vorn, Bremen hinten: Wie die Bundesländer in Sachen Bildung abschneiden, zeigt eine neue Studie. Wegen Corona müssen massive Lernrückstände aufgeholt werden.",de
"Während in Deutschland bei #Fitfor55 @peteraltmaier und #Laschet vor zu viel #Klimaschutz warnen, nehmen die #USA mit @JohnKerry die jüngsten Wetterkatastrophen zum Anlass, sogar mit #Putin zusammen zu arbeiten ... rferl.org U.S. Envoy Kerry, Putin Agree On Shared Interest In Climate Change U.S. climate envoy John Kerry and Russian President Vladimir Putin agreed in a phone call on July 14 that the United States and Russia should work together on climate issues, the U.S. State Departm...",de
"Was mir zu kurz kommt: konsequente Kontrolle der Einhaltung der Corona-Maßnahmen und Sanktionierung bei Nichteinhaltung. Für ihre Sicherheit und Gesundheit im öffentlichen Leben müssen sich Geimpfte, Genesene und Getestete auf die Einhaltung der Auflagen verlassen können.",de
"""Wir müssen #Corona als Warnschuss verstehen und die Mängel im globalen Gesundheitssystem beseitigen, die durch Corona offensichtlich geworden sind"", sagt Georg #Kippels. Das ganze Interview hier: https://cducsu.de/presse/texte-und-interviews/gesundheit-ganzheitlich-denken… #Weltgesundheitstag #WorldHealthDay @WHO_Europe_DE",de
"Wir berichten heute live aus dem Untersuchungsausschuss Maut, in dem @AndiScheuer selbst als letzter Zeuge befragt wird.",de
"Weiter geht’s mit der nächsten #Talkrunde: Unsere Kandidierenden für den Bundestag @HESommer , @pascalmeiser und @UdoWolfMdA im Gespräch.",de
"Unfassbar, was alles passieren muss, bis der Herr Innenminister was tut. ER KANN WENN ER WILL. Er will nur meistens nicht. Jetzt noch: #BDS, Auslandsfinanzierung von Moscheen, Hamas, Graue Wölfe, und Muslimbrüder verbieten. #fürserste #Islam tagesschau @tagesschau · 19. Mai 2021 Innenministerium verbietet Hisbollah-Unterstützervereine http://tagesschau.de/investigativ/swr/hisbollah-verbot-vereine-101.html… #Investigativ #Hisbollah #Verbot",de
"Jetzt geht’s los. Das #Triell mit @ArminLaschet . Schon jetzt ist klar: Diese Bundestagswahl ist eine #Richtungsentscheidung. Wir haben eine historische Pandemie erlebt. Jetzt geht es darum, unser Land stark aus der Krise zu führen. Dafür braucht es eine starke Union. #wegenmorgen",de
Willkommen zurück #SchwuZ,de
"Full agenda for today's #GAC meeting of European Affairs Ministers: #RuleOfLaw dialogue (also discussing in detail), #COVID19 #DigitalGreenCertificate, Conference on the Future of, enlargement and -relations! A lot on our plate, to say the least. In for a long VTC-day!",de
"Ich mag ja bekanntlich Koalas. Was nicht so viele wissen: Ich bin auch ein riesen Traktorfan! Hier auf einem original Lanz Bulldog, Baujahr 1959 Das Foto haben meine Mitarbeiterinnen zur Feier des Tages rausgekramt: Ich freue mich sehr über 50k Follower. Vielen Dank!",de
"… und immer wenn Du meinst, es geht nicht schlimmer, kommt der #staatfunk aus der #Gruselecke! #bloedermann MDR AKTUELL @MDRAktuell · 14. Sep. 2021 Deutscher Fernsehpreis für Jan Böhmermanns ""ZDF Magazin Royale"": Wie die Jury mitteilte, erhält der Moderator den Preis in der der Kategorie ""Bestes Buch Unterhaltung"".",de
"Wichtiges Thema, aber krass idiotische und unverantwortliche Aktion. #FRAGER #EURO2020 Greenpeace e.V. @greenpeace_de · 15. Juni 2021 +++ BREAKING +++ Hey @Volkswagen, time to kick out oil! #Greenpeace activists protest against the games' sponsor at the #FRAGER-match and demand: stop selling climate-damaging diesel and petrol cars! #EURO2020",de
Die Erhöhung des Mindestlohns auf 12€ bedeutet für mehr als die Hälfte der ostdeutschen Arbeitnehmer*innen eine Lohnerhöhung von bis zu 25%! Deswegen müssen wir ran an den Niedriglohnsektor: Mit mehr Tarifbindung und 12€ #Mindestlohn!,de
Die Klimakrise killt den Wald - Fichtensterben im #Harz #TrittInDiePedale,de
"„Wir sind vielleicht alle auf verschiedenen Schiffen angereist, sitzen aber jetzt im selben Boot.“ #MartinLutherKing #blacklivesmatter #racism #ihaveadream",de
Schönes Ergebnis Katharina Dröge @katdro · 31. Aug. 2021 Weil gute Wirtschaftspolitik und Klimaschutz zusammen gehören! Danke @Der_BDI für die starke Rückmeldung zur #Wirtschaftskompetenz von @ABaerbock und @Die_Gruenen #guteJobs #nachhaltigeWirtschaft #Zukunft #Baerbock #gruen #triell @ntvde @RTLde,de
"Erst im Mai haben wir mit der Union die Verabredung getroffen, den CO2-Preis fair zwischen Mieter*innen und Vermieter*innen aufzuteilen. Nun sieht die CDU dafür plötzlich keine parlamentarische Mehrheit! 1/3",de
"Luca Köpping @LucaKoepping · 29. Nov. 2021 Der Koalitionsvertrag von @spdde @Die_Gruenen & @fdp zum Nachhören: Ich habe mein Wochenende genutzt und den Koa-Vertrag zum Großteil als Podcast aufgenommen. Für viele ist das vielleicht ein besserer Weg, als 180 Seiten zu lesen. https://open.spotify.com/show/46SdumCfGHQP9L0a7OSzMJ?si=a605aace7d9a4c44…",de
"Die #Union ist mit dem Wahlergebnis vom 26. September ein insolvenzgefährdeter, schwerer Sanierungsfall geworden. (tm) #DLT #dlt21",de
"Stegner: ""Die jetzigen Gestaltungschancen kriegt man kein zweites Mal"" | http://NDR.de - Nachrichten - NDR Info ndr.de NDR Info - Die Nachrichten für den Norden Die Nachrichten für den Norden: Das ist NDR Info - im Fernsehen, Radio, Web und als App. Außerdem: Kommentare und exklusive Recherchen, Radio im Livestream und aktuelle Videos.",de
"TAZ empfiehlt @Die_Gruenen ziemlich direkt @ABaerbock durch #RobertHabeck auszutauschen. Soll das richtige Antwort auf eine solche Kampagne sein? Bei @ABaerbock war sicher manches unglücklich,aber war es nicht Habeck, der deutsche Waffenlieferungen an die Ukraine gefordert hatte?",de
"„Ich stimme dem zu, was @jensspahn heute im #Bundestag gesagt hat: Wir müssen jetzt in #Deutschland so schnell wie möglich so viele Menschen wie möglich gegen #Corona #impfen.“ (tm) #Merz #Lanz",de
Guten Morgen aus Bordesholm. Mein Musiktipp für Euch da draußen im digitalen Orbit ist von Fury In The Slaughterhouse - Time To Wander Schönen Mittwoch und passt auf Euch und Eure Lieben gut auf https://youtube.com/watch?v=qk7Xt4X0qyw&feature=share…,de
"Union und SPD haben diese Woche eine abschließende Beratung zur Aufnahme der ""sexuellen Identität"" in #Artikel3 GG verhindert, weil sie im #Bundestag keine Position beziehen wollten, Nur mal so für all die #Seeheimer, die sich über Enthaltungen beschwert haben.",de
"""Wir wissen, dass der #Liberalismus ein Grundpfeiler der #Zukunft sein kann, wenn wir es wollen, und dass er es sein wird, weil wir es wollen."" @ArnoEsch Heute vor 70 Jahren wurde dieser mutige Streiter für die #Freiheit in Moskau hingerichtet. @gegenvergessen @DtGesellschaft",de
"Der #Riester-Murks ist ein milliardenteures Grab, das die Menschen nicht vor Altersarmut schützt, sondern ihnen ein dickes Minusgeschäft beschert. Die verkorkste Teilprivatisierung der Rente muss gestoppt werden. Wir brauchen eine solidarische gesetzliche #Rente für alle. Die Nachrichten @DLFNachrichten · 11. Mai 2021 ""Neuanfang nötig"": 20 Jahre nach dem Beschluss zur Einführung der Riester-Rente fordert eine Verbraucherallianz das Ende dieser privaten Altersvorsorge. https://deutschlandfunk.de/private-altersvorsorge-verbraucherallianz-fordert-stopp-der.1939.de.html?drn:news_id=1257963…",de
". @NiemaMovassat : Linksfraktion hat gegen #Infektionsschutzgesetz gestimmt, insbesondere weil sie Ausgangssperren für nicht erforderlich erachtet. AfD macht mal wieder Theater, um für ihre handwerklich schlechte und inhaltsleere Verfassungsklage zu werben. youtube.com Niema Movassat, DIE LINKE: AfD-Show stoppen! 06.05.2021 - DIE LINKE hat gegen die Änderung des Infektionsschutzgesetzes durch das Vierte Bevölkerungsschutzgesetz gestimmt, insbesondere weil sie Ausgangs...",de
"„Nach einem Gespräch ‚betreffend einer freiwilligen Ausreise’ seien sie verschwunden: ‚Wir haben keine Idee, wo sich die Familie jetzt befindet.‘... Gegen die Eltern des Mädchens wurden keine Ermittlungen wegen Vortäuschens einer Straftat eingeleitet.“ bild.de Drohungen gegen Erzieher: Polizei sucht Eltern nach erfundenem Missbrauch 2020 behauptete eine muslimische Mutter, ihre Tochter sei vergewaltigt worden – frei erfunden. Nun sucht die Polizei die Familie.",de
"Bin seit Kindheit Fan von Marvel-Comics, neben Spiderman besonders Avengers wie Captain America #ZeigtHerEureTassen",de
Mit Pfeil und Bogen: #Islam-Konvertit ermordet in #Norwegen fünf Menschen! #Kongsberg Mehr erfahren: https://afdkompakt.de/2021/10/14/mit-pfeil-und-bogen-islam-konvertit-ermordet-in-norwegen-fuenf-menschen/… #AfD,de
Deshalb muss Peter Altmaier gehen! #Coronahilfen,de
"Die #Gensequenzierung nach positivem #Corona -Test wird jetzt Pflicht. Jetzt, nicht vor Monaten. Schwache Arbeit @BMG_Bund",de
Hier kann man übrigens alle fünf Minuten aktualisieren drücken und schauen ob es ein Grünes Direktmandat in #München gibt https://wahlen-muenchen.de/ergebnisse/20210926bundestagswahl/… #btw21,de
Ausreichend Impfstoff für rasche Impfung+ Immunisierung großer Teile der Bevölkerung gegen Coronavirus ist buchstäblich Frage von Leben und Tod. Miese Verträge+Versagen der Pharmaindustrie konterkarieren brillanten Forschungserfolg. Spahn muss Impfversprechen bis Sommer halten!,de
"Herzlichen Glückwunsch, liebe @LydiaHueskens ! #vielzutun FDP Sachsen-Anhalt @FDP_LSA · 24. Juli 2021 dpa: Hüskens mit 97 Prozent zur FDP-Landeschefin gewählt https://gmx.net/magazine/regio/sachsen-anhalt/hueskens-97-prozent-fdp-landeschefin-gewaehlt-36023320…",de
"Oh ja! 2021 wird entscheidend für so vieles: konsequenter Klimaschutz und die ökologische Modernisierung der Wirtschaft, soziale Gerechtigkeit, gleiche Rechte und Chancen für Frauen, die Verteidigung der Demokratie und ein starkes Europa! Let`s do it! Aminata Touré @aminajxx · 16. Jan. 2021 Ich hab ehrlich richtig Bock auf Wahlkampf, wenn ich mir das so angucke. Ehrlich Ich hab Bock dem was inhaltlich entgegenzusetzen. #cdubpt21",de
"Zum erbärmlichen Zustand der #Meinungsfreiheit im #Altparteienstaat: „Ex-Nationalspieler versteht Wirbel für Kritik an Virus-Maßnahmen nicht“ focus.de Ex-Nationalspieler kritisiert scharfe Corona-Maßnahmen - und versteht den Wirbel nicht Als Fußball-Profi wird Carsten Ramelow 2002 Vize-Weltmeister mit der Nationalmannschaft, nun sorgt er mit Kritik an den Corona-Maßnahmen in Deutschland für Wirbel. Auch zu den Reaktionen bezieht er...",de
"Ich bin erschüttert über das Ausmaß der Überschwemmungen und die vielen Toten und Vermissten. Meine Gedanken sind bei den Betroffenen und allen, die an der Rettung von Menschen beteiligt sind, den Freiwilligen und Einsatzkräften, die unermüdlich und unter hohem Risiko arbeiten.",de
"Presseinfo @kleikert : Jetzt muss Johnson Farbe bekennen cducsu.de Jetzt muss Johnson Farbe bekennen Der Vizepräsident der EU-Kommission, Maros Šefčovič, hat am gestrigen Mittwoch die Kompromissvorschläge der EU zur weiteren Anwendung des Nordirland-Protokolls vorgestellt. ...",de
"Generation Pandemie oder Generation Empowerment - Bei einem digitalen Talk haben SPD-Chefin @EskenSaskia und Juso-Chefin @jessi_rosenthal über die Hoffnungen, Sorgen und Wünschen junger Menschen diskutiert. spd.de „Generation Empowerment“ Saskia Esken rückt die Situation junger Menschen in den Mittelpunkt: ihre Hoffnungen, Sorgen und Wünsche.",de
@caitsperry combo,es
Si señorita  https://t.co/JTMA1S4ZpL,es
@katyscrush hola bb,es
😩❤️adorbies❤️😩 https://t.co/EZ7HkGim5M,es
adidas https://t.co/LuXj2HDfyj,es
"TROPICANA 1939-2015 @ Havana, Cuba https://t.co/LnNArV3Xox",es
"🍐🍊🍋🍉🍇🍓🇵🇷 @ Havana, Cuba https://t.co/5JIgPZ8z5n",es
"❣🕶🇨🇺 @ Havana, Cuba https://t.co/onGUxpmTIv",es
@ravensuxx YAS ya herd,es
Hanging @ Frida &amp; Diego's @ Frida &amp; Diego's place @ Casa Azul http://t.co/CdYNdYYBDA,es
FRIDA'S PAINTS 🎨 @ Frida &amp; Diego's place @ Casa Azul http://t.co/STPW5kY0rv,es
FERRAS.,es
@CottonCandyKaty OY OY OY!,es
@LatinAMAs gracias,es
Me and @postmalone. Deja Vu https://t.co/hFI8Ti1IGO https://t.co/6lbtcqfD0x,es
12 mercer https://t.co/hx7sz1XYsm,es
Toronto https://t.co/mmpcDRvXKE,es
Chicago. #eveningwithJb #purpose https://t.co/L0mKZ1kvFC,es
Presale . #PurposeWorldTour https://t.co/9jxqn60x5N,es
#SorryLatinoRemix con @jbalvin sera disponible esta noche a medianoche :) https://t.co/OVjauHlGu4,es
No secret  https://t.co/Gh329GJtMB,es
@billboard @theweeknd Canada,es
Europe,es
Coachella Ella Ella,es
"CAMILA! @camilacabello97 
https://t.co/KJjT6ZJpkY",es
Sea stampede. http://t.co/m5e1vcn9ro,es
Rebel. http://t.co/4jMRPDkVrg,es
Eye contact. Important. http://t.co/iWtde0Z3,es
Usted y su familia merecen la tranquilidad de saber que están cubiertos. El mercado de seguros abre mañana. https://t.co/9iRCkLRGZD,es
Suede. http://t.co/VbYu0GQH0F,es
escape. http://t.co/Q15pT1y5FQ,es
rude gal x puma #R8 http://t.co/6dxsGOscrS,es
Futbol http://t.co/yKOXGJ5SqU,es
https://t.co/Uwj68Kakvd Colombian Cutie,es
Cuadrado and Rodriguez. Murdaaahhh!!!!,es
Colombiaaaa,es
“@SuchAF_cKnLADY: .@Rihanna Shines Bright Atop Hot Tours with $68 Million http://t.co/b03Ayq4ASi” Número UNO putas!!!,es
ARLETA ZOMBIE CHOLA PACK!!! @yusefhairnyc @jennnrosales @mforde11 @loreleicakes @rihanna @evan_erogers… http://t.co/2vFTEEQn0k,es
Hellooooooo Australia!!!!,es
Juego Siete!!!!!!!!! Ahhhhhhhh!!!!!! #KINGJAMES we love you!!! @Aa_Davis  @JennnRosales @mforde11 @yusefhairnyc @Evan_ERogers,es
Feliz Cinco de Mayo!,es
Chocolate #diamonds http://t.co/e6qypq4xuv,es
@candygizmosreal @JonCozart Bingo,es
"🤖 &lt;(🎼 LA LA LA) 

Robot orchestra → https://t.co/PeYP41cffC https://t.co/WzQwsw0QgP",es
"Vaya con caballos, brah. https://t.co/5WoTQM5dmm https://t.co/OiganOA3HQ",es
Superhero entrance. https://t.co/hjWxm9cBMR https://t.co/BLOkhHoRkX,es
@ButterTune Bingo.,es
LEGO my Cheerios! https://t.co/42NtbZvaJU https://t.co/lHXVnXQpSA,es
@Rubiu5 Buen consejo. #YouTubeRewind,es
#Trump Vs. Hillary #ElectionDay https://t.co/IkouzJae9t,es
BALENCIAGA http://t.co/mQFFdMnoxd,es
@ARTPOPandrew bingo,es
"Ahhhh… No, no, no. https://t.co/7mRJgrMQvA",es
Adorable. https://t.co/uQOpM8zDAr,es
A gorilla. #EllenQandA  https://t.co/WkrRKTNJHZ,es
"¡Mi juego @HeadsUp ahora está en español! (I just said, ""Heads Up!, now has Spanish translations!"" Si! See?) http://t.co/9JKYug9YcP",es
"@DaniBorjabad6 Feliz cumpleaños, Dani! 🎈",es
Nos apuntamos! https://t.co/9jhtHzXCVq,es
Get más social on @Telemundo's #PremiosTuMundo tonight: https://t.co/VAGewL9Pbj,es
Super Data! http://bit.ly/di4LXO,es
#RunnerRunner / Aposta Maxima....4 October 2013... http://t.co/gF1BjxpkDh,es
#RunnerRunner Latin press day. Copacabana Rio. http://t.co/912wBPnvWK,es
Parisian Vibes https://t.co/OgH3iJOWfg,es
@KyJennerDash yaassssss,es
TheWifeOfPablo https://t.co/axahGnguXX,es
MARIO #KKWInnerCircle https://t.co/mjuVghq0a8 https://t.co/xXEpIWw9lK,es
Set Vibez https://t.co/bqE72pqV68,es
HAVANA VIBES  https://t.co/ZhQg8Ekf0e https://t.co/eoM4ol9ZQI,es
Viva Cohiba https://t.co/cvCkWOtCjR,es
FESTIVAL HAIR https://t.co/anvgFPGLYm https://t.co/KEv4t3Ha8a,es
FAMILIA https://t.co/84Pnjjo6kp,es
#FOLLOWFRIDAY INSPO https://t.co/ww1DDF1bMp https://t.co/NYfEDeHdvW,es
PABLO https://t.co/MdAGz8cc8i,es
Studio Vibes https://t.co/snOeNeb4Fh,es
Sister convos #KIMOJI https://t.co/fTNf3p7bjb,es
NUDE VIBES https://t.co/j2e5EIGMVF https://t.co/jEUfoGcYls,es
CAMO CUTIE https://t.co/VAOK4y3bcM https://t.co/6OK5RQkO73,es
Foreva eva http://t.co/cdNWYqMFt2,es
AWWWWWW so adorable!!!! ❤️❤️❤️ https://t.co/JdGPVv4TA3,es
Fun in Vegas! https://t.co/sqPhnUB5qq,es
AL-O-HA! 🌴 http://t.co/s6l13q7d4g,es
🎀 Sept 9 US &amp; Canada / Sept 26 Europe http://t.co/iOIeFRzxwo,es
@ohsexyspears hola :),es
@LuisBlackout Gracias Fernando #OohLaLaVideoPremiere,es
@BabifanBritney &lt;3 Portugal!,es
Hoy en la Gala Inocente Inocente podréis ver mi visita a un proyecto de esta Fundación que ayuda a los niños que má… https://t.co/Ppz35clZpv,es
Equipa vencedora 🔝👌👍 https://t.co/T8fnmIECmV,es
Es un honor recibir nuevamente el trofeo Alfredo di Stefano. Gracias a todos! 👍🔝 https://t.co/GBhSRqTddM,es
Gracias equipo 🔝👍🏼 https://t.co/iJv541BI9U,es
"Una mordidita en tu boquita‼️🎤😂🔝👌
https://t.co/ej3ACRlaxp",es
Feliz dia de reyes!! https://t.co/VCcnXFuqNS,es
"Iker, un orgullo haber trabajado contigo tantos años. Mucha suerte en tu nuevo equipo! http://t.co/Y2beNYQzjK",es
Pido disculpas a todos y especialmente a Edimar por mi acto irreflexivo en el partido de hoy.,es
"El libro @laclavemendes de @miguelcuestar y @jonathanschezm ya a la venta,con prólogo escrito por mi!No os lo perdáis http://t.co/QBtHtCzdY1",es
Ya está a la venta @laclavemendes el libro donde pueden conocer mejor mi grande amigo Jorge Mendes ¡No os lo perdáis! http://t.co/uKXcVJFUNS,es
You asked: ¿Un saludo para Cáceres? Eres muy grande!! http://t.co/WYxhBj5x7n,es
"You asked: Que grande que eres, cada temporada te superas. Verte jugar con el Real Madrid es mi felicidad :) http://t.co/riHhaZZU8U",es
"You asked: Puedes mandar un saludo a España? Gracias ídolo!
 http://t.co/BKVxi8R4mP",es
"You asked: Eres el mejor del mundo, te admiro mucho! saludos desde Bolivia! ❤️💛💚 http://t.co/UO9nsR68Ak",es
Los nuevos compañeros son top! y con ellos hemos completado una gran plantilla. Vamos a por todas! Un abrazo y Hala Madrid!,es
Mis declaraciones se han malinterpretado. Ayer escuché a mi Presi y estoy con él al 100%.,es
You asked: Felicitaciones saludos de venezuela  http://t.co/TT30IYLuBU,es
You asked: Cristiano!!! Te admiroo! Eres el mejoor! Saludos desde Bolivia.  http://t.co/g5ZPFLDf9S,es
"You asked: ojala que algún día me saludaras :(, saludos para Peru. http://t.co/VZRYbH7eBe",es
Gracias @ApoyoCR7 #halamadrid,es
@AinoaRonaldita7 Muchas gracias por el apoyo.,es
@SoyTanKelly Hoy es el dia! Hola Kelly!,es
@esttttttttther Por supuesto. Hola España!!!,es
@LipiRad Hola Paraguay.,es
You asked: Un saludo a españa please idol? http://t.co/PCfMI794Yr,es
@MishellGillen Hola Colombia!,es
@Anthonysh_ Hello Venezuela.,es
@amayesc Hola Honduras.,es
@Fran_Oviedo Saludos Venezuela!,es
@Dania_cr7kaka Saludos Honduras.,es
"You asked: Por favor Cristiano me podrías decir ""hola Macarena"" me haría muy feliz.  http://t.co/KcttYB5E7W",es
Muchas gracias a todos @CR7StrongChile,es
"You asked: Hola Cris, saludos desde Ecuador, éxitos en el mundial, eres el mejor. http://t.co/T9aqKhOxBo",es
"You asked: Hola idolo, como estas? Puedes saludarme? Me llamo Mayra y te apoyo desde Argentina idolo! http://t.co/d8n3uIdcvp",es
"You asked: Hola Cristiano, puedes saludarme 'Hola Tito'? http://t.co/UyMAMFIcs6",es
You asked: Eres un gran jugador pero aún mejor persona. Saludos desde Alicante :) http://t.co/Pnpk2TPumA,es
You asked: tu felicidad es lo mas preciado que se puede tener. Saludos desde Perú. @idolocristianor http://t.co/ArquXIqaUt,es
You asked: Podrias mandarme saludos a Almeria ?@ainoaronaldita7 http://t.co/p1CLyXV5EM,es
Gracias @gxlm20,es
Muchas gracias @Cristiano7_AF,es
@CeheginJose Muchas gracias!,es
@HerreroManuel88 Muchas gracias a todos.,es
Este premio es de todos. De todo el equipo y staff. Y de toda la afición! http://t.co/DE2gvhObdD,es
"@FALCAO Muchas gracias, Falcao, es un orgullo.",es
@debvC07 Hola! Estoy bien y tu? Saludos a los fans de Colombia.,es
@amatta16 Hola Honduras!,es
@Rafgonzz_21 Hola Venezuela!,es
@FundacionRevel Gracias a todos. Feliz Navidad!,es
@CriisteeAmo Saludos Argentina,es
@Cristiano7_AF Hola Paraguay!,es
@BlogElAltavoz Hola. Saludos.,es
Todo mi cariño y mi apoyo a #homenajeacaceres del @realzaragoza el dia 13 en La Romareda.,es
@catitaarevalo Hola Chile!,es
"@LifeRonaldo7 Hola, buenas tardes.",es
"@diegojesus10 Gracías, me gustan mucho.",es
@juanfecaceresr Hola Colombia.,es
@Torito_Grazzo Hola Ecuador.,es
@F1_rivero Saludos a las Islas Canarias.,es
@malegozil   Saludos a todos en Mexico.,es
@giio_goone Hola Mexico!,es
@ComNhas Hola Venezuela.,es
@beibipabon_CR7 Hola a todos.,es
Renewal Real Madrid http://t.co/MNY75vkwPN,es
@Chanchis77 Hola. Saludos Guatemala.,es
@SedanoRios Muchas gracias.,es
@Got_zsuki3 Hola Nicaragua.,es
Me solidarizo con las víctimas y les pido que contribuyan en ayudar a los heridos por las entidades locales. #animogalicia,es
Es con gran tristeza que me enteré de la noticia del accidente de tren en España. #animogalicia,es
@ApoyoCR7 Hasta mañana.,es
"Vea como @SavetheChildren enseña a padres a usar leche de cabra para hacer frente al hambre en Guatemala 
http://t.co/EVxSzHUb0g",es
@dani91malaga gracias,es
@Hernandez_120 gracias,es
@eloy1945 gracias,es
@JoseCarlosSanLa gracias un abrazo,es
"Good luck  “@TavoSuarez97: @Cristiano @officialpes excelente oportunidad de conocer al mejor jugador del mundo,excelente cristiano!”",es
Estamos prontos! Somos Portugal !! http://t.co/C85OcGnt,es
#Training  # Euro2012 #Portugal http://t.co/d6l54Q3z,es
19:00 en Cibeles... Os esperamos a todos para celebrarmos un titulo mas! Hala Madrid!!,es
"@SergioRamos Cierto. El Bernabéu es capaz de empujarnos a la final y estoy seguro que lo hara, ¿No crees @eGranero11? #elrmbayernloganastu",es
Hable con Real Madrid tv sobre el partido con Bayern. Lo pueden mirar aqui http://t.co/bzrf8Ov7,es
"Si tanto quieres mis Nike #MercurialVapor VIII @Rafaelnadal, la próxima ponla en la línea. http://t.co/95f7Zvuj",es
Tu rival más duro hasta la fecha? Debe ser muy bueno…@RafaelNadal,es
Bom ano para todos! Have a great New year! Feliz Año 2012!,es
2012 será un año de títulos. Jugar en equipo. Ganar en equipo. ¿Quién está conmigo?#makeitcount http://t.co/Ue7Kh2De,es
Hola a todos. Estoy disfrutando mis vacaciones pero me gustaria desear a todos vosotros una #FelizNavidad http://t.co/J5GnLHNu,es
Ponferradina 0-2 Real Madrid C.F. ¡¡Hala Madrid!! http://t.co/TDd2ybNL,es
"Vamos a ayudar a aquellos que, como Gustavo, necesitan de nuestra ayuda #todosconMartins #vamosajudarogustavo http://t.co/QrJMu3DI",es
Sea un donante de médula ósea y de unidades de sangre de cordón umbilical. Informate aquí.. #todosconMartins ... http://t.co/W4y5Wnz4,es
Gracias a todos! Obrigado a todos! Thank you all! Hala Madrid http://t.co/4cvVbp2o,es
Yo soy el líder de la lucha por el pichichi sin lo que lo convierte en una obsesión. Gracias al equipo y los fans por el apoyo.,es
Fue un gran partido hoy y estamos cumpliendo con nuestro objetivo de ganar todos los partidos hasta al final.,es
Juntate a nosotros. Llevanos a la victoria http://say.ly/bVNegk,es
Gracias. @juankmosquera @Cristiano te felicito por el partido de hoy ... q dios te guarde y te llene de exitos,es
Muchas gracias. @jrlara5 Felicidades @Cristiano por tus 50 goles con el Real Madrid!!,es
Obrigado. @afshin87 @Cristiano Felicidades por el juego contra el Sevilla. A la FINAL!,es
Es similar con el portugues - @sevan9495 @Cristiano cuando aprendiste a hablar espanol y como aprendiste tan rapido? Saludos de venezuela:),es
RT @realmadrid @Cristiano Ronaldo: “Hay que ser positivos y seguir peleando” http://bit.ly/gQBGlP  - http://say.ly/glL7Es,es
Muchas gracias. Ahora nos estamos centrando en el próximo partido. @oocrespo siempre confiaremos en vosotros HALA MADRID,es
Osasuna v Real Madrid today.  Hala Madrid!,es
Gracias. @Blank_241 @Cristiano Felicidades por la victoria! Vamos a por la final &lt;3 Hla Madrid! :D,es
Hola. Está nevando allí? @DeliaCR7 @Cristiano hola!! Saludos desde washington dc!!,es
Obrigado. @JoseACaso @Cristiano felicidades !!! A la final y a ganarla !!!,es
"Sin duda, lo intentaremos. @DCorralesSuazo @Cristiano y entonces, vamos por las 3 copas???",es
Muchas gracias. @Nathalia65 @Cristiano buena suerte en el partido del miercoles! Vamos por la final &lt;3,es
Tengo la suerte de tener a los fans que hablan muchos idiomas. @enriquenerd @Cristiano abla al español para tus fans que no saben inglés,es
Me gusta. Gracias por todo! @Mistergigantes Hola Cris. Mi hijo desayuna cada dia en esta taza y es tu mayor fan. - http://say.ly/nQv6Mc,es
Hablo español a veces. @FANGOwy @Cristiano por que no escribes en Español?? aveces no te entiendo en Ingles!!,es
¿Qué te gustaría ver? @ChrisCiro Como dedicarias un gol a tus seguidores de Twitter? amo tus celebraciones de Gol ;),es
Claro que si. @silviaznar @Cristiano sabes hablar español?:),es
"Hola. Gracias por el tweet 1000a. @Marielys_8 @Cristiano Saludos desde Venezuela corazòn, este es como el tweet 1000 que te escribo.",es
Aqui. @LuisPedroGP7 @arguzcan Holaaa oyee donde conseguiste el juego de #CRPenaltyGame? - http://say.ly/eQc6sG,es
Voy a intentar. @josi1791 @Cristiano Compi pon algo en español también..que para eso juegas en España!,es
Gracias @RodolfoLanderos @Cristiano presume su nuevo juego para el iPhone de tiros penales. Lo pueden encontrar aquí - http://say.ly/HLL6f0,es
Muchas gracias. @zirisv @Cristiano pero que manera de empezar el año!felicidades!!!,es
Merry Christmas! Feliz Navidad! Feliz Natal a todos.  - http://say.ly/UDh5VF,es
Gracias @aabonilla felicitaciones por el juego de hoy! Gran detalle con el canterano. Saludos a resto del equipo y Feliz Navidad para todos,es
Por supuesto. @AtriaRosmarino @officialozil23 @RealKaka @Cristiano gracias por animar la Navidad a los niños ingresados en hospital Marañón,es
Me gusta música @Alejandro2810 celebraba con hallacas y pernil pero como ahora vivo en UK solo con el pernil y en familia escuchando Gaitas,es
"Que bueno. @palomicha1997 en navidad trato de olvidar mis problemas estoy feliz con toda mi familia bailamos, vamos ala iglesia.",es
Buena elección. Es divertida. @TamaraPombo tras la cena de nochebuena nos damos regalos y actuamos los jóvenes: bailaremos SingleLadies,es
"Me gusta karaoke. Cual es favorito? @krazyhall después de cena nos la pasamos jugando mimica, karaoke. Rompemos piñata que tienen accesorios",es
Duerme la siesta? Usted debe estar cansado @Glorii_gnzlz Nos quedamos despiertos hasta las 12 el 24 y esperamos el nacimiento del niño Jesus,es
"Better rest up. @GerLugo en Venezuela comemos Hallacas, pan de jamon, pernil, uvas y ensalda de gallina. Tomamos Ponche y dance all night",es
Wow ¿Me parece bien? @CostichMY Pues en mi familia (en Navidad) asamos un puerco en leña a la vuelta y vuelta (como en la epoca antigua),es
Dinossauro. @tiffyaveiro @Cristiano como se dice dinosaurio en portugués? o_O,es
Muchas gracias. @doguinhassu @Cristiano felicitaciones por el partido de hoy,es
"Es difícil. Maradona, pele, Eusébio @francoposada Quien es el mejor jugador de la historia para ti?, tu tambien cuentas! @Cristiano",es
Si hablo. @chelito2109  @Cristiano hola. una pregunta. hablas español????,es
http://say.ly/eUx5ab - Hablamos del Clasico con @XabiAlonso-,es
"Me gustan mucho las películas de Denzel Washington, como Mano n Fire, pero acabo por ver todo el tipo de películas. @Melissa0294",es
Do I? Of course! @GabooDB @Cristiano Esperas ganar el Clasico del Lunes?,es
La pression en los partidos. Lutchar siempre para ser el mejor RT @angiealmeida992 @cristiano Que es lo mas dificil de ser futbolista???,es
Gracias. @ernestobaltazar @Cristiano... vamos Ronaldo tu puedes... a la Madrid,es
Empecé a jugar desde que tengo memoria. Pienso que nací con una pelota :-) RT @kmilo113 @Cristiano desde que año empezaste a jugar?,es
El 7 es un número que me acompanha desde nino e que siempre me dado suerte. RT @davince437 POR QUE ESCOGISTE SER EL NUMBERO 7?,es
"Muchas gracias. RT @_daNellYs_ Felicidades por el triunfo. Confio en ti y en todo el equipo, asi que el 29 a ganar =)",es
"Siempre doy todo por las camisetas que llevo, pero estas, son especiales RT @LaraGoonzalez Podeis ganar. Gracias por luchar por esa camiseta",es
Real Madrid 2 - Atlético Madrid 0,es
Real Madrid 4 - Málaga 1,es
Portugal 3 - Denmark 1,es
Real Madrid 6 - Deportivo La Coruña 1,es
Real Madrid 2- Peñarol 0,es
Ya empezo la pretemporada. Estoy cierto que va a ser un gran ano! http://twitpic.com/26e62m,es
Felicito la Roja al ganar el campeonato del mundo. Tengo muchos compañeros allí y esta victoria es de toda una selección y de todo el país.,es
"Fue una buena manera  de marcar  hoy, me dieron ganas de reír, pero lo más importante era garantizar la victoria de Portugal #POR #worldcup",es
Recordando...http://www.youtube.com/watch?v=F56lLKDEGO8,es
Vota aquí http://bit.ly/bHuqG1 para apoyar Porto Santo y el bosque de Laurissilva en formar parte de las 7 Maravillas Naturales de Portugal,es
Vibes https://t.co/jS6olju6s2,es
1. REVIVAL http://t.co/NLErHkt8kc,es
REVIVAL http://t.co/i3Wgpr8VMp,es
R e v i v a l 10.9 http://t.co/ANBjoXchPg,es
adidasneolabel http://t.co/7bJjaczct8,es
Peregrine falcon http://t.co/hRR0reUGsT,es
Uno mas http://t.co/ZxkiCUPeKN,es
☺️ Dior http://t.co/mNsRdiNuYp,es
Besos ❤️😍 http://t.co/WMPMmpl7mB,es
soy valiente http://t.co/bnULfJXrIs,es
"unicefusa
unicef
@unicef_nepal http://t.co/9VcpK9R0bj",es
😍 DALLAS http://t.co/LDbXIthlDJ,es
Me libertando http://t.co/FfW9zAiTGn,es
Mi familia. #tourfam #mydancers #brasiL ❤ http://t.co/AcvM5znSvC,es
te amo http://t.co/Qy8t07Fiue,es
"Lisbon, Portugal http://t.co/DOARZhnnLH",es
No helmet. Rebel. http://t.co/tEJKdLXiXe,es
@singmeselena zoe te amo,es
@torng0mez Chocolate,es
Argentina! que ha hecho mi vida. Yo soy la chica más feliz del mundo porque de todos vosotros.Te quiero y no puedo... http://fb.me/DBMaPx6B,es
"Chile, I am lost for words. 
Estoy muy agradecido por todos ustedes!
No puedo esperar a verte otra vez! Te amo, Te amo.",es
"Dime, dime, dime, no hay imposibles :D",es
"Un Año Sin Lluvia

http://www.youtube.com/watch?v=vaoPovB40dQ http://fb.me/EKK77hLq",es
A YEAR WITHOUT RAIN sale a la venta hoy! En la edición deluxe podrás encontrar la versión en Español del 2nd sencillo http://bit.ly/9pTlxj,es
Jalisco attorney general: Joaquin ‘El Chapo’ Guzman’s son was among those kidnapped in Puerto Vallarta. https://t.co/riJSJH5cA0,es
Gracias. https://t.co/LNwMwSS83v,es
Noooo. Noooo? https://t.co/ZuNAJp0ydk,es
Go USA!! #USAVJPN,es
“@ayalathealvaro: @jimmyfallon Oreos or Chips Ahoy?” Oreos.,es
“@aarisgruber: @jimmyfallon  Marco?” Polo.,es
Hello Australia!!!! @ABC2 #FallonTonight,es
"""Timbrrrr"" #polarvortexsongs",es
Santa came!!!!! http://t.co/5SpCQvGdDo,es
Piñatas 2 http://t.co/IPB07TRU2s,es
Piñatas http://t.co/15BO1cvSiw,es
Europe • #dangerouswomantour https://t.co/x4qbxgM3em,es
Europe • #dangerouswomantour ♡ https://t.co/MeNbus40SC,es
"#BetterDays Victoria X Ariana 
@VICTORIAMONET_ https://t.co/K7oztzkCFN",es
yas yas yas https://t.co/EkVxtZcci8,es
te amo mucho Buenos Aires !! muchas gracias por una noche muy especial &lt;3 te amo,es
te aaaaaaaaamo  https://t.co/SXSnve6aLC,es
muchas muchas gracias Chile!!!!! te amo mucho,es
"🌙✨ @ Mexico City, Mexico https://t.co/hbynoF16GH",es
hola Mexico,es
"Mexico, Chile, Argentina, Brazil &amp; Puerto Rico!! coming to see you loves so soon.... presale http://t.co/EThUFhfgse / http://t.co/Ujnj08hQlj",es
okrrrr queen https://t.co/u2XyK1HbRb,es
yas queen https://t.co/LKG8I5JtK3,es
@victoriamonet_ i miss u pocaqueentas,es
"""No podemos hacer una pausa y pedirle a estos niños que nos esperen"" Vean/lean el discurso de Shak en #wef17 https://t.co/kn6Qp6vUYn ShakHQ",es
Shak se encuentra en el #wef17 donde hablará sobre Desarrollo Infantil Temprano y recibirá el premio Cristal. https://t.co/ZZp0XK58FC ShakHQ,es
El video de Chantaje con @maluma es el tercer video en llegar más rápido a las 400 millones de reproducciones! Shak… https://t.co/U2G5fd0Me3,es
100 millones en Spotify -- Ustedes son los MEJORES! Más en 2017. Shak https://t.co/EAtARlrG6F,es
Adivinen a quien le salió el rey en el roscón? Shak https://t.co/iar3pPtKuK,es
Mañana cierran las votaciones para los @premiolonuestro! Shak está nominada en 3 categorías! Para votar -&gt;… https://t.co/18mhc2w7ES,es
Check out #Chantaje ft @Maluma on @Spotify's Viva Latino playlist! Chantaje está en la playlist Viva Latino! ShakHQ… https://t.co/jcNur1vfCL,es
Acabamos de conocer que #Chantaje con @maluma tuvo este fin de año 2.45 millones de reproducciones en @Spotify! SHQ https://t.co/EAtARlrG6F,es
Linda razón para desconcentrarse jugando al golf con Chantaje! What a good reason to get distracted while playing g… https://t.co/Rs3DKsufnq,es
Feliz 2017 de los Piqué Mebarak! Happy 2017 from the Piqué Mebarak family! https://t.co/XIayfbHnZK,es
Gracias a todos por regalarme un año más disfrutando de hacer música y compartiéndola con ustedes! Mucha paz y aleg… https://t.co/B7xJ7YNs7m,es
Quién ha incluido Chantaje en su playlist de @Spotify de fin de año? Nos indican dónde van a celebrarlo? https://t.co/EAtARlrG6F ShakHQ,es
"Mejor regalo de Navidad, imposible! #Chantaje es #1 en la Lista de @Los40_Spain!  https://t.co/9llf49mAaE ShakHQ https://t.co/koZk2VDSrJ",es
Feliz Navidad! Los quiero! Shak https://t.co/VeI9kXP0YM,es
Los jugadores de la @FCBEscola celebrando su participación en el Torneo Las Américas con La Bicicleta! Shak https://t.co/6FHt3emYox,es
"200 millones de visitas para nuestro video Chantaje en un mes, 200 millones de gracias! 😘 Shak https://t.co/gwYGo1adam",es
"#Chantaje es la primera canción en español en @Spotify (y una de las más reproducidas alrededor del mundo)
ShakHQ https://t.co/pLd2EnCUDw",es
Brindemos por ello! El video de Chantaje con @maluma ya tiene 150 millones de reproducciones! ShakHQ https://t.co/guwH7VHuKl,es
#Chantaje entra en el listado de las mejores canciones de este año de @billboard en la posición #22! ShakHQ https://t.co/V8E2rXGOJb,es
Amazing #Chantaje moves from @Gianluca_Vacchi &amp; Giorgia Gabriele! Un video increíble de @Gianluca_Vacchi y Giorgia… https://t.co/Niyj7rKURi,es
Is history repeating itself...?#DONTNORMALIZEHATE https://t.co/ngG11quhmK,en
@barackobama Thank you for your incredible grace in leadership and for being an exceptional… https://t.co/ZuQLZpt6df,en
Life goals. https://t.co/XIn1qKMKQl,en
Me right now 🙏🏻 https://t.co/gW55C1wrwd,en
SISTERS ARE DOIN' IT FOR THEMSELVES! 🙌🏻💪🏻❤️ https://t.co/0shuUYUBEv,en
happy 96th gma #fourmoreyears! 🎈 @ LACMA Los Angeles County Museum of Art https://t.co/M9n7X8xdmA,en
2017 resolution: to embody authenticity!,en
sisters. https://t.co/5ZE21x2aNk,en
Happy Holidays! Sending love and light to every corner of the earth 🎁,en
"Damn, it's hard to wrap presents when you're drunk. cc @santa",en
When my whole fam tryna have a peaceful holiday 💁🏻hehehe https://t.co/fEyq3hzdlz,en
When your holiday shopping is woke af ❗️blklivesmatter https://t.co/srZZj7vHyc https://t.co/KWVYi8yi8L,en
@shannonwoodward Have you been hacked,en
This week Santa and I got to spread some cheer and have a carol sing-a-long with some beautiful… https://t.co/vL1BIj4sCZ,en
Love the music therapy program at CHLA! https://t.co/XPTZrF3XXA,en
For real tho https://t.co/jxMV9Q6WCs,en
I can't wait to recreate this on a tour we do together in the next 10 years pls thnx https://t.co/PQz0nCUNV6,en
I wanna adopt him ILHSM https://t.co/5Sr9wHnIEY,en
@jessesaintjohn imma make a best of 16' Spotify playlist and half of these are on there. I love our taste.,en
@jessesaintjohn @kanyewest FADE DOE,en
"Omg deep cut, agreed https://t.co/0yGlkuo3bJ",en
Same https://t.co/98vBUp7BzI,en
Fully https://t.co/Iii4a58tPN,en
PROOF THAT YOUR VOICE ACTUALLY MATTERS! 🙏🏼🙌🏼💪🏼😭 https://t.co/tAwL0a9y9E,en
This holiday season be the girl that takes jump photos at the mall ☑️ wears activewear at night… https://t.co/0eGYnKF5fk,en
"Slowly, I am coming down from the beautiful cloud that was Tuesday night's unicef Snowflake… https://t.co/Bia5wug56I",en
I dare you to find a better live vocal performance than this timeless masterpiece: https://t.co/J1gW29kC7J #jenniferholliday,en
This #Thanksgiving #IStandWithStandingRock text WATER to 82623 to help now! Sign the petition here: https://t.co/GFhQKfsB0i,en
"On #Thanksgiving, a day with complex origins, I want to speak up in support of the Standing Rock… https://t.co/CKyB7H3LCD",en
"Heading into my family 🦃-Day, I'm mindful about building a bridge thru peaceful convo. Try this guide from @nytimes: https://t.co/mzBbNw1ZHD",en
great tweet 🏆 https://t.co/Z6QeywsBpt,en
". @realDonaldTrump how bout you start with an apology for your divisive, racist, xenophobic rhetoric?
#thanksgivingdayclapback",en
Caught a big one this week 🎣 ...,en
Let it be known!  https://t.co/AXmAjmNMgc,en
Back to work because: ALL OF THE ABOVE 💪🏼 https://t.co/dUvh7jN8Oi,en
Operate in the light.,en
Confused? Overwhelmed? Here's the brief you need to get the gist: https://t.co/4dwGgeRwMT,en
At midnight we MANIFEST ✨🌚✨,en
YES LA KEEP LEADING THE WAY ❤️ https://t.co/4LcjvCDJ4U,en
"It's time to turn words into action❗️There are so many steps to take, but my first vow is to… https://t.co/1DwETGXbed",en
"Thank you to the men and women protecting Freedom, Liberty, and Equality for all. 🙏🏼🇺🇸 https://t.co/0LcB7VYDrx",en
"From Pastor John Pavlovitz ""This is not about losing an election"" https://t.co/vVxyZvkyYI",en
Lets also work on the hearts and minds of this country and that is how real change will begin.,en
"Remember to take care of your mental health. Talk with counselors/therapists/ur tribe. Lean on your friends, don't stop communicating.",en
We need more courageous men like this to speak up and say that there is GREAT examples of men out there: https://t.co/daRuHfysSm,en
🙏🏼🇺🇸PEACEFULLY PROTEST🇺🇸🙏🏼,en
Fight for what is RIGHT.,en
Do not sit still. Do not weep. MOVE. We are not a nation that will let HATE lead us.,en
WE WILL NEVER BE SILENCED. #LOVETRUMPSHATE,en
POWER TO THE PEOPLE,en
RISE UP,en
THE REVOLUTION IS COMING.,en
WE WILL NEVER BE SILENCED.  https://t.co/Co4CYBXg8j,en
Gonna cry my false eye lashes off tonight. ❤️🙏🏼🇺🇸,en
Throw back to Oct 25th when I gave myself the best bday prezzy ever by voting for my girl… https://t.co/i68TG6Ixi1,en
HOPE YOU ARE ROARING YOUR WAY TO THE POLLS STILL! 👊🏼🦁🐯❤️🇺🇸: https://t.co/tNQit6ZIA6,en
"✔️ote #Yeson64! Let's rewrite our narrative California❗️

https://t.co/myS49evfEf by @dreamhampton",en
If hell had a smell it would be used dental floss and earring backs. 😷,en
My name is 🐶 Nugget 🐶 and I approve this message. GO ✔OTE❗Find out where: https://t.co/rL2nZQ97cd https://t.co/qgoUYddQaC,en
"Want niche? Inside jokes? Mega Meta? Think ur the only 1 thinking the demented way ur thinking? Go see ""Oh Hello"" on Broadway &amp; find ur ppl.",en
HILL-ADELPHIA FTW! In less than 3 days be apart of HISTORY and make #HERstory 🇺🇸 #november8th… https://t.co/pNV46unbxj,en
omg idk this is totes my vocab https://t.co/WEYhIPxB4Q,en
Done with my 🎄Christmas🎄shopping ✔️ https://t.co/wW8n4SirXx,en
AYE! 📲 Text ROAR to 47246 to score free 🎟 to see me &amp; @HillaryClinton this Saturday in PHILLY! (I'll be the one singing 🎤) #LoveTrumpsHate❤️,en
Welp. The airline lost my luggage so I guess I'll just wear my tracksuit for Halloween 💁🏻 Now THAT'S scary. 🎃,en
"🎃MY FAM &gt; YOUR FAM🎃

I have roots from both Santa Barbara and Arkansas (think Appalachian… https://t.co/lOfgWsoS09",en
@PrismsPerry like I work on myself so I can be better for me and you ❤️,en
@perrysmic not really but sometimes I don't know my own strength 😔,en
@focusonreid great get your Pantone book out,en
"My fav combo of ppl all in one pic, I only roll with world changers❗️ https://t.co/oH37gAsO7c",en
Halloween 2k16 🇺🇸💯🙏🏼 https://t.co/vCweRxoeun,en
"Thanks @COVERGIRL for keeping everyone clean-cut and QT at Hudson High, Home of the Poodles. 💋,… https://t.co/Txo3zIPtBl",en
"❤️BILL &amp; HILL 4EVA❤️ 
Hair, makeup &amp; prosthetics by: @TonyatAlterian makeup_man… https://t.co/kI4nL7EcMv",en
Having a little pre party before I take office #IMWITHME Cheers to… https://t.co/7SzIzrmwv0,en
just went in the pit @kanyewest for my bday. 32 is lookin ⬆️,en
GAVE MYSELF THE BEST BIRTHDAY PRESENT EVER BY VOTING TODAY❗️Wish hillaryclinton a Happy Birthday… https://t.co/F53ik6Tkg9,en
Help me celebrate my birthday with the purchase of a lifesaving @UNICEF Inspired Gift! https://t.co/R2rSxS1rm7 🎂 #childrenfirst ❤️,en
@wtfkates yeah but 32 is 23 backwards so 🍷,en
@sella_sandra also this is real and not an edit I can tell by the icing I'm so proud of u,en
@greg_wells go to bed dad,en
@KatyCute_  nugget❗️,en
Aw. You made me cry. Love you fam. ❤️ https://t.co/UBITydazRs,en
@cynthialovely you're clever,en
Dope s/o 🙌🏼 https://t.co/d4sYO5oxQr,en
When you go dorm to dorm for @HillaryClinton @unlv: https://t.co/QhpekuVTur,en
tap it if you're nasty @ UNLV Campus https://t.co/vDHH4kAVLO,en
@radiantjareau so qt,en
@KatyCute_ this edit lol,en
@sella_sandra my birthdays soon💅🏼,en
@KpCatt @HillaryClinton next level,en
@perrysoldier Welcs ho,en
@lillysgomez @lucycowell14 not for long👋🏼,en
"@perrysoldier make fun of me now, thank me later 💅🏼",en
@katycatSWEDEN album artwork,en
@perryicecream always in October,en
@johnlordperry tears of my doubters,en
@xamyrosex knock knock,en
Using our voices ❤️🙌🏼 https://t.co/FvX6dfl7lJ,en
Link up link up link up: https://t.co/5pUZVKW9qZ @tyleroakley,en
clique/tribe/fam https://t.co/7BNHSC5cLx,en
@wtvrlara omg let me live I'm out preaching the good news bb,en
Just like a casual FYI 💁🏻 https://t.co/wJti7E2bWH,en
@katycatwendy I had to get relatable bb  💁🏻,en
Ain't no messing with my nasty woman click ❗️ https://t.co/zcJFP06EYy,en
RT if ur nasty  https://t.co/fMtOHV5crN,en
I'm bringing the glitter...and the knowledge❗👊🏻 https://t.co/t1wnM9v4MN https://t.co/le95tNIEhi,en
I love when everything starts to align for transformation time...✨,en
"Well, guess this means it's time to get out of my tracksuit...👗 https://t.co/Rl9cSQWlLv",en
@beatsbydre bravo on this timing 🙌🏼,en
HAPPY BIRTHDAY PEPPERONI (also this is legit how I speak to nugget) https://t.co/wCCkHWQKPm,en
MAKE LYRICS GREAT AGAIN❗️cc Max Martin &amp; Shellback,en
Ok back to the studio for me. 2017 is gonna tight af. 🔥,en
Where's the after party🍷 @chelseahandler @sallykohn @SarahKSilverman @BetteMidler @shannonwoodward @getglucky,en
@shannonwoodward he didn't go down to the people,en
Someone count how many times he is clenching his jaw as she speaks. Crazy. #debates,en
RT if you're already preparing a seat at the table for @HillaryClinton 🙌🏼,en
@HillaryClinton Scorpio season is coming ✨ https://t.co/ME2n0IQnoB,en
@shannonwoodward im sleep watching,en
"@cher don't worry, honestly you can get back in the tub if you like, she's got this. ❤️ https://t.co/UqUfQ9OYm8",en
screenshots are forever ❤️ https://t.co/3NNVHJ1d6b,en
"I'm over it, been over it  https://t.co/9uFec9dyok",en
Cab or Malbec 🍷?! https://t.co/LEqlhvO6hl,en
CELEBRATE OUR DIVERSITY AND LIFT PEOPLE UP🙏🏼 @HillaryClinton,en
THAT TIMELINE 🎤⤵️🔥 @HillaryClinton,en
No! 1. It's not happening and 2. Always stay and peacefully protest.  https://t.co/3bYoUbOh1g,en
@rejectedjokes this was worth the double tweet,en
covergirl #ad  https://t.co/seJck6KQUf,en
He doth protest much... https://t.co/pIbxvqtl0E,en
My favorite mic drop so far 🎤⤵️ https://t.co/NBdRJt78Jy,en
OMG THE PUPPET MEMES #DEBATES IM SCREAMKNG,en
"She said ""he should meet in real life!"" Lol!  https://t.co/zBO9mHZUSI",en
Tweet of the night.   https://t.co/uBojPBsb5s,en
YES I LOVE THAT WE ARE GETTING INTO REAL ISSUES EVEN UNCOMFORTABLE ONES❗️#debates,en
@SarahKSilverman man? lol. baby!,en
@jonlovett tru. Baby's back.,en
I love when she lays out the rules like the boss she is #debates,en
MY WHITE ANGEL @HillaryClinton,en
@rejectedjokes why didn't we plan an after party,en
@chelseahandler I'm gonna miss these online hangs,en
YOU GOT THIS @HillaryClinton #DEBATES https://t.co/IZgi0yL9T2,en
Just got out of therapy and had a mindful meditation. I AM READY FOR THE #DEBATES,en
"S/O to my A&amp;R gal @getglucky for this defining quote ""You can be too arty and lose your audience or you can be too charty and lose your art""",en
@yungskeeter so niche and I like it,en
Felt like a fairy godmother last night in @marchesafashion for @childrensla ❤️ https://t.co/N4pZr76GYl,en
This was one of my favorite parts of the night. ❤️ https://t.co/m7k6AvrFNl,en
I hope there are side by side graves for both steel drums and chokers in 2k16,en
Throwing rose petals at the club. 🌹,en
There's a lot of women making HERstory this election cycle! Find them up AND down the ballot Nov… https://t.co/HVEup5Qoia,en
Investing in girls helps them build better lives and creates a more peaceful and prosperous world for ALL. RT if yo… https://t.co/mweKT8UJeK,en
Just wrapped another great @COVERGIRL shoot. Honored to have the pleasure to announce the very… https://t.co/8vq7UPwKhf,en
There's a few brains I would like to see science dissect after full utilization and @Sia's should be one of them. ILYSM ❤️,en
"Finally, last debate is OCT 19. FIGURE OUT A WAY TO COVER MORE ISSUES. #debate",en
Twitter world: it's spelled Hillary with 2 L's (but I kinda have no room to talk re typos🙄),en
YES THIS ⤵️ https://t.co/2VTRjE18I9,en
I'm so glad for #earlyvoting #debates,en
@BetteMidler I'm coming over with a bottle,en
Make #karlbecker #1 TT if you have a ❤️,en
MY HEART GOES ON,en
. @RonanFarrow measly numbers 💅🏼,en
COME ON WE DONT HAVE TIME TO MISS THIS https://t.co/3ERvxQ29hd,en
@RonanFarrow GIF u kno,en
@RonanFarrow this is what the meme was created for 🙌🏼,en
I notice these are not built in mics tonight...PLEASE DROP THE MIC TONIGHT HILL! 🎤⤵️ @HillaryClinton #DROPTHEMICHRC #debates,en
"*teeth, you get it.",en
WHAT IT MEANS TO SMILE WITH YOUR MOUTH #YOUGOTTHIS https://t.co/QjyReSoivF,en
RT IF YOU ARE YELLING AT THE TV RIGHT NOW. #debates,en
KEEP THEM NOTES 📝 @HillaryClinton,en
I KNOW #GETTOTHEPOLICIES  https://t.co/Z9O29t0Kyh,en
"PUSSY, say it!  https://t.co/2dHfe7QVkY",en
BEST joke of the year https://t.co/Z77g8WC9WC,en
@shannonwoodward beta blockers,en
SLOW AND STEADY WINS THE RACE. 🐢❤️🙌🏼 #YOUGOTTHISHRC  https://t.co/IXsTRwDw59,en
DON'T SHAKE HIS HAND #debates,en
"...police reform, gun control, mental health awareness, women's rights &amp; affordable education @HillaryClinton #Debates",en
"Difficult subjects I'd like to hear thoughts on tonight are: national security, climate change, excess incarceration (aka modern slavery)...",en
...lays out her policies about difficult subjects to an audience that is already preparing a seat at the table for her 🙏🏼,en
My wish for tonight's #Debates is that @HillaryClinton ignores the troll's time-wasting distractions and...,en
"I dare you to stay home from the club tonight and get woke, I am: https://t.co/urCKMJvZfK",en
Gone fishin 🎣 https://t.co/LQS6Z9fNH0,en
@KatysMyHabibi Nope. I would stay and peacefully protest. 🙏🏼,en
"@sella_sandra it was one of those classic ""celebs should keep their opinion to themselves lols""",en
"Wait...he is a celeb...so what ur saying is...don't use your voice...BUT run for president! Oh! Got it, thanks ❤️🙌🏼 https://t.co/IvJXAGKsr5",en
"L👀k! I found the new trump campaign clip, watch here: https://t.co/bOeW8CRYIW #happyhalloween? #NSFW",en
"Finally, some light at the end of the tunnel!  https://t.co/GOH9wfzw5v",en
Gay 4 DOLLY! ❤️💛💚💙💜 https://t.co/WFuw4IyXPf,en
@CraigyFerg @RealMattLucas never forget skittles.,en
"If you have any more excuses about him after watching this, God have mercy on your soul.  https://t.co/Xi8Xba3ijw",en
Yes! Everyone is getting into formation❗️ https://t.co/K46vKw8AOy,en
@BrunoMars I am ready papi,en
A visual explanation to what ppl in Florida and surrounding areas are experiencing... 🙁 send them prayers up!   https://t.co/cWxMoVoJxK,en
My new president and my new preacher together at last!!! ❤️🙌🏼 https://t.co/PI8D5CfLEz,en
❗️HOLY SHIT❗️ this song by @skottpeace is vibes for days: https://t.co/YjxFCpEuAQ,en
"You hear it as ""excellent"" I hear it as ""egg salad with lint"" 🤔",en
. @ferras &amp; I are cadence kweens 👑 cc @jessesaintjohn,en
You know it's a good meeting when you have fomo while just going to the toilet.,en
"WOAH. Was floored by my bestie @shannonwoodward last night in @WestworldHBO I'm foaming at the mouth for more, questioning everything today😐",en
"In a world driven by fear @DollyParton makes me feel safe, pure and simple. ❤️",en
ready for October like https://t.co/thGnDNXJSA,en
meaningful lyrical connection + bit of math + makes your head bob = 👍🏼 pop song recipe,en
When you think summer is over but it's still about 90 degrees out here and you need to match the… https://t.co/bbSdnVBuTK,en
"HOW MANY MORE FUNNY THINGS DO WE HAVE TO DO TO GET YA TO THE POLLS NOV 8TH?!
LOL. But seriously: https://t.co/hv3DTAms4Q #VoteHoney",en
A MUST READ FOR OUR FUTURE: orlandobloom's photo https://t.co/Gu92AvMAep,en
Is something quite atrocious.   https://t.co/lCaBW3MeAz,en
"Today, on #VoterRegistrationDay, I, @funnyordie and @rockthevote invite you to... #IRegistered https://t.co/6kscHoRa0k",en
From the beginning 👊🏼 https://t.co/JvNAjZZ5jr,en
when* https://t.co/yipPmkadwu,en
Sleeping for a week now 👋🏼 #debates,en
OMG THE BIBLE ❗️ https://t.co/eiUdKAkPGO,en
@mrgaryhuang @iamrashidajones this is what this gif was made for BRAVO,en
Is this a comedic episode of Black Mirror or... https://t.co/4HtLoqn1la,en
This is like watching a frog sitting in water that is boiling slowly... #debates,en
5 minute time out for sure  https://t.co/28HApNqB4i,en
May I request one with a pitched down pls  https://t.co/C1JQl010mD,en
". @sallykohn sorry, meditation. I can't even spell anymore #debates",en
. @sallykohn I'm going straight into a mediation after this.,en
Must be the prep lol  https://t.co/ds5tG6XjVn,en
"@sofifii there you are, welcome to the party bb",en
*sets up catheter to not miss a beat* #debates,en
It's a #Debates drinking game for sure 🍷🍸🍺🍾 https://t.co/0hjPbm6Yuu,en
I literally just did a dance around the room in my pj's❗️🎤⤵️ https://t.co/DCb4tyk9Zz,en
. @getglucky and Santa is real lol,en
Buy me something off my amazon prime list  https://t.co/EWenA4cq1F,en
She's smiling with ease cause #shesgotthis #ImWithHer #debatenight,en
YOU LIVE IN YOUR OWN REALITY 💥💣 #debatenight,en
"TOMORROW, I USE MY BODY AS CLICK BAIT TO HELP CHANGE THE WORLD 👊🏼 https://t.co/1a2GMm6PMi",en
Ready for #mudslingmonday #YOUGOTTHISHRC https://t.co/0lbXPnUKDD,en
@KatyCatKenzie I'm Gaten Matarazzo from ST. TBH.,en
@perryschild thank you for this foto,en
@emilynotchez oh look who's back,en
@hotxcolds @maddisonxperry more shame. I guess I'll just stop interacting.,en
. @akaruikaty cause you can't have fun if you don't feel safe bb 💁🏻,en
". @maddisonxperry !WOMEN'S! calm down, I scored an 99. (room to grow 💅🏼)",en
"@Chillinlaidback oh yeah add better education initiatives &amp; affordable schooling, obvi I would have benefited from that as per my typo's 😑",en
. @maddisonxperry oh I forgot mental health awareness❗️🙇🏻‍♀️🙇🏼❤️,en
". @maddisonxperry national security, gun control, police reform, excess incarceration and woman's rights❗️👊🏼📚",en
"I agree w/all besides part about the intentions of both candidates. Well spoken KKW, we must feel safe to ask❓'s 👏🏼! https://t.co/Td5XEoHgpL",en
"AYE, ERRYONE! LISTEN TO THIS CHUNE! (gonna sprain a hip at some point this weekend👣💃🏻👣) https://t.co/IpwrqGTYqZ",en
❤️when you find your prince❤️ @ Shanghai Disneyland Park https://t.co/ObMuM96RxV,en
Zuck &amp; Chan for prez 2024! 🙌🏼 ❤️,en
@ChrisAnokute @zaralarsson been watching it from fetus 👀❤️,en
Dose me bb https://t.co/PQizdxGN7o,en
tbh shakespeare 🎭  https://t.co/cbegran1Nh,en
so. ready.  https://t.co/jScELN4PoA,en
my body is a temple 🍬⛪️🍬 https://t.co/V5HDQG0kxG,en
@BeyElite it's called calling bs 💅🏼💅🏼💅🏼,en
@kuntyewest needs a chiroprac -gma perry,en
@KATYPERRYRISES soon I'm on 9%,en
@godneybjs see you at my show 2K17😘,en
@liquoronurlips Choose life. Don't let those words come out your mouth.,en
@isaacfromCT no there's always room,en
@pizza4katy calm down,en
@liquoronurlips will be sending a prayer up for you tonight. You're strong. We have your back. ❤️,en
@HoliestKaty iconic,en
@Amelia_Libman also I hv had one of those lime a ritas and they are cray,en
@Amelia_Libman I've only had 2 can't I just b nice,en
@katycatSWEDEN thank you for this,en
@hollykittykaty @Katysprincess drink pedialyte.,en
@Katysprincess drink 1 glass of water,en
@katysdonut a finely chopped anything. Love endive tho and I go wild for hearts of palm tbh.,en
@carlythekatycat jk ily,en
"@carlythekatycat don't come for me, I birthed u",en
"@katycatsophia at least we're on the same time zones, think of Brazil",en
"@Leah_Haworth @fridaaperry @katystumblrr I hv 140 characters, whut do u want?",en
@Iegendarylovers @KatysMyHabibi @katystumblrr yeah mines in the mail,en
@Katycatveronica because I am saving some mystery. Jk I don't have room on my phone. Waiting for my new iPhone with more storage. 😑,en
"@Jes00sica everything's a lie, watch zeitgeist.",en
@evrenperry stay shook papa,en
@KatysMyHabibi @katystumblrr meaning I need more space on my phone to do stories cause I'm a secret hoarder.,en
@fridaaperry @katystumblrr this is true. I meant to add there was condiments on the first 1 and the 2nd one I didn't have time. 😔,en
"@katyperryslave @katystumblrr cuz I'm hungry, u?",en
@katystumblrr to b clear the 1st time means my 1st hot dog. There were 2.  #moreshame #idcimwriting #helovesmeforme,en
@katystumblrr cuz I tried to do it the 1st time &amp; I didn't have any space so I deleted an app &amp; had to do it again &amp; then my fv song came on,en
I no longer subscribe to organized religion but I believe in @chancetherapper 🙏🏼,en
😩me and you when we fight😩 https://t.co/yeFbCoV3us,en
@perrysmic it was a belly laugh tbh,en
@Hakimkharbouch bless,en
idc about followers but I hope this one gets me to 56 milly on ig cause my ocd is flaring https://t.co/OBKPpqDjhc,en
When you write such a fire lyric that you give yourself hives 🔥⛑😵,en
secret hipster but generally a voice of the gp,en
@GraceVanderWaal Congrats! You have it. Protect it and keep 🎸ing and ✏️ing...it will always serve you ❤️,en
Ayyye...It's all about the long plaaaaay...,en
😩 proud mummy 😩 https://t.co/kj16ue6aiQ,en
my locations tho idk https://t.co/X7XlNUWeEk,en
When ur so creatively busy that you look down and realize you can make a hair do from your pit hair that's grown since igaf. Tight 😎,en
What if I just made a record full of scatting covers cc @getglucky cc @JackGarratt,en
Suggestion for next iPhone update: Person gets notification when they've been screen shotted and sent to group chat (tbh me),en
@kanyewest unplug to connect.,en
Helped deliver my sister's baby at 2pm &amp; am in the studio by 8pm. GET A GIRL THAT CAN DO BOTH❗️👶🏻🎤,en
HAPPY TO HEAR YOU ARE HUMAN!💪🏼Stay Strong💪🏼 @HillaryClinton,en
fkinsnapss's video https://t.co/URPKvQnOna this might be too much but idc,en
It was rigged from the get  https://t.co/hkKIyfd95u,en
@JunkyGS you know me well,en
"Just went to a child's party and am now dissecting the lyrics to Rosie Posie, Rock A Bye Baby &amp; This Little Piggy 💀 TBH some f*ed up stuff.",en
I love you pre internet.,en
Ayyye anyone at @drake show have an extra baby wipe for my white @AdidasBoosts my leg makeup is dripping,en
Cheesecakes here. Ily ❤️,en
@lilithia thanks for the reminder,en
"@UltimateBeyHive I don't think, I listen. 🙏🏼",en
@DailyMendesLife @ShawnMendes talent,en
@royale_lala @Musicnews_feed what do you want a picture of today's newspaper by my head?,en
level 32.,pt
@DanielaR1205 vitamins,pt
@wtfkates 1 Corinthians 13: 4-8 bb,pt
"🇧🇷Mãe está em casa!🇧🇷 
Sao Paulo 9.26.15 https://t.co/74HbtXj0Re",pt
MORTA 😩 LINDA 😩 https://t.co/tYamXRgNl6,pt
tumblr https://t.co/KUJCt2Cy4G,pt
Bae-sically “@crazyforperry: EU TO NO CHÃO #THISISHOWWEDO http://t.co/i99i6hFG1a”,pt
Vocals,pt
bravo http://t.co/fU5q7lbjfs,pt
Rude gal dem http://t.co/Y4IgSruaqw,pt
No flex Zone http://t.co/U0FCLdvmHO,pt
balmainparis @orousteing @inezandvinoodh @melottenberg @yusefhairnyc @_yadim #BALMAIN #BalmainBabe… http://t.co/PQmsDuXN8R,pt
EMPRESS! #birthdaymama http://t.co/uPcrhMV50W,pt
This car ride is bananas! B-A-N-A-N-A-S! https://t.co/snHsYWgoJS https://t.co/JmKpIT0OtX,pt
Oi oi oi http://t.co/lDAhRMRG97,pt
"We are the champions. 🇵🇹
Somos Campeões! 
#ThisHappened https://t.co/vGAcop3AhM",pt
Super duper ironic.  https://t.co/dQE9T6atgy,pt
"9PM PT @DWAnimation @AnnaKendrick47 @kunalnayyar @gwenstefani @RonFunches @JKCorden @IconaPop #CantStopTheFeeling
https://t.co/Thd5jmXRxo",pt
Obrigado Brazil! #RockInRio #The2020Experience #2of2 http://t.co/I34pgJrLet,pt
Oi Brazil!!! http://t.co/nOVIloCzFE,pt
“@umadosedejt: @jtimberlake #WelcomeToBrazilTimberlake” Obrigado!!!,pt
Vogue Australia #YeezySeason3 #AlexPerry https://t.co/TcjJoftJ0W,pt
Vail https://t.co/2oseo7YyaF,pt
G.O.O.D. Morning,pt
#BTS VOGUE BRAZIL http://t.co/ML8DS3SV55 http://t.co/EyYa0YHu0E,pt
CLIQUE #ESPY'S ✔️ http://t.co/pJp8e1ZSJS,pt
Vogue Brazil 📷 @EllenVonUnwerth 💄@makeupbymario  💇🏽 @jenatkinhair http://t.co/sZJLjmJETw,pt
Vogue Brasil http://t.co/8feqO5eHab,pt
@cliffcaralho Hey Mama #PrettyGirlTalk,pt
"Honoured to wear my CR7 #Mercurial Vitórias boots today 🙌 🏆
@nikefootball https://t.co/i3S8J2ITXc",pt
Parabéns à Fundación Numen e à Fundación Inocente Inocente pelo magnífico trabalho que fazem no apoio a estas crian… https://t.co/HWkloNQSzm,pt
Feliz por estar entre os melhores da FIFA junto dos meus dois treinadores. Obrigado a quem votou em mim e sobretudo aos meus companheiros,pt
Bom dia 👍 https://t.co/711qV8Ymg5,pt
Faz já um mês...recordação muito feliz! Dois grandes homens! https://t.co/oe4isqXtfK,pt
Triste com o resultado mas sei que todos juntos vamos dar a volta por cima. 🇵🇹 https://t.co/AltYaxVDKp,pt
"Hoje queremos levar para campo, não só a vontade de vencer de 11 mas a de todos os🇵🇹 . Contamos com o vosso apoio!⚽ https://t.co/YIfky7tbTp",pt
"Grande jogo de toda a equipa. Vencemos juntos, celebramos juntos. @realmadrid #HalaMadrid #RMClasico ⚽😀💪🏽✌🏽️👊🏽 https://t.co/UXwghH7ACS",pt
"Engineered Speed.Novo Equipamento Principal de Portugal 2016. #SparkBrilliance
https://t.co/EXv32Ajrei @nikefootball https://t.co/BE8uqGgjAl",pt
Obrigado a todos pelas mensagens de parabéns no meu 31° aniversário! https://t.co/jFBvpAMnmj,pt
"Well done team!! 👏⚽️
Enhorabuena Nacho!! 🔝👌 https://t.co/lS5MN0MQWI",pt
Espírito Português. http://t.co/jQ5IDShaab,pt
Parabéns aos campeões da Selecção Nacional de Futebol de Praia! Enorme orgulho para Portugal! http://t.co/YGBZp5wmcJ,pt
O nosso brazão. As nossas cores. O nosso orgulho. Põe o teu nome na nova camisola da Seleção. http://t.co/X08DD2egkl http://t.co/1uW9vTXHib,pt
"Honoured to receive the Cordão Autonómico de Distinção, the highest distinction of Made... http://t.co/GrX0DjSe3A http://t.co/WaY6AgxNTk",pt
"Portugal campeão da Europa de ténis de mesa! Parabéns aos campeões Marcos Freitas, Tiago Apolónia e João Monteiro! http://t.co/wsoiNsgsns",pt
"Desejo boa sorte à nossa Selecção, nova etapa, estamos juntos.",pt
You asked: Olá Cristiano! Sou portuguesa e quero-te dizer que mais um vez orgulhaste Portugal! Força :) http://t.co/pVc3aMwxe8,pt
@_Bruno_305 Olá a todos no Brasil.,pt
"You asked: Olá Cristiano! Podes dizer ""Olá Portugal""?  http://t.co/EJq4tPgePg",pt
"You asked: Um ola para mim, Vanessa ?  http://t.co/L0hBmoWBPJ",pt
"Hoje é um grande dia para a Selecção de Sub-19, pois jogam a final do Campeonato da Europa.Estão todos de parabéns.Boa sorte! #forçaportugal",pt
"Avó, estás sempre no meu coração. Descanse em paz, beijos de todos os netos. http://t.co/rwa8qBPJPu",pt
"Hoje, quando a nossa epopeia finalmente começar, seremos muito mais do que 10 milhões... http://t.co/CxNgIG0a7a http://t.co/1AvvlOyYgv",pt
#ForçaPortugal. E obrigado @7cristianorb,pt
@CRonaldoNews muito obrigado e #ForçaPortugal,pt
Obrigado @CRonaldoFever pelo vosso apoio.,pt
Obrigado @LukinhasMendes7,pt
Força Portugal! http://t.co/yUJUpuQbv9,pt
"You asked: Olá, poderia mandar um abraço para uma grande fã do Brasil? :) http://t.co/swyeKUBQEV",pt
Acabei de fazer as minhas previsões para o R. Madrid vs. A. Madrid no #VivaRonaldo. E tu? @VivaRonaldo http://t.co/ZQmCmauqWF,pt
Sabem o que quer dizer CR? Não é bem o que estão a pensar. A D. Inércia do BES diz-vos. http://t.co/EPrF7wRcp0,pt
Não imaginam a pergunta que a Dona Inércia me fez. Vejam em http://t.co/Ole5EkkrcS,pt
O que é que eu e a Dona Inércia temos em comum? Descubram em http://t.co/O7HezUz2bq,pt
You asked: Olá Cristiano ¿Como você está? Saudações da Argentina. Eu te amo ídolo @pato_sardelli01 http://t.co/SmeZWk0y9z,pt
Acabei de fazer as minhas previsões para o R. Madrid vs. Barcelona no #VivaRonaldo. E tu? @VivaRonaldo http://t.co/ZQmCmauqWF,pt
Acabei de fazer as minhas previsões para o Team CR vs. Schalke 04 no #VivaRonaldo. E tu? @VivaRonaldo http://t.co/ZQmCmauqWF,pt
Acabei de fazer as minhas previsões para o Portugal vs. Cameroon no #VivaRonaldo. E tu? @VivaRonaldo http://t.co/ZQmCmauqWF,pt
É uma grande honra apresentar o nosso novo equipamento para jogar sem medo. #jogasemmedo http://t.co/PVxCcXTAmZ http://t.co/WPFM7xWVfl,pt
Acabei de fazer as minhas previsões para o Schalke 04 vs. Team CR no #VivaRonaldo. E tu? @VivaRonaldo,pt
Acabei de fazer as minhas previsões para o Bilbao vs. Team CR no #VivaRonaldo. E tu? @VivaRonaldo,pt
Acabei de fazer as minhas previsões para o Team CR vs. Granada no #VivaRonaldo. E tu? @VivaRonaldo,pt
@domingosrebeiro Um abraço para Timor Leste.,pt
@cabisanha Bom dia! Abraço para a Guiné-Bissau.,pt
Acabei de fazer as minhas previsões para o Betis vs. Team CR no #VivaRonaldo. E tu? @VivaRonaldo,pt
Obrigado @Pedromsantos75. Estamos juntos.,pt
@Cr7Marcielle Muito obrigado pelo apoio.,pt
Acabei de fazer as minhas previsões para o Team CR vs. Osasuna no #VivaRonaldo. E tu? @VivaRonaldo,pt
Acabei de fazer as minhas previsões para o Valencia vs. Team CR no #VivaRonaldo. E tu? @VivaRonaldo,pt
Acabei de fazer as minhas previsões para o Osasuna vs. Team CR no #VivaRonaldo. E tu? @VivaRonaldo,pt
@SteffLgo7 Boa semana!,pt
Acabei de fazer as minhas previsões para o Sweden vs. Portugal no #VivaRonaldo. E tu? @VivaRonaldo,pt
Acabei de fazer as minhas previsões para o Portugal vs. Sweden no #VivaRonaldo. E tu? @VivaRonaldo,pt
Acabei de fazer as minhas previsões para o Juventus vs. Team CR no Viva Ronaldo. E tu? - http://t.co/ZQmCmaLtYF,pt
Acabei de fazer as minhas previsões para o Barcelona vs. Team CR no Viva Ronaldo. E tu? - http://t.co/ZQmCmaLtYF,pt
Acabei de fazer as minhas previsões para o Levante vs. Team CR no Viva Ronaldo. E tu? - http://t.co/ZQmCmaLtYF,pt
Parabéns aos dois. Deixaram todos os portugueses orgulhosos neste dia.,pt
Que dia único para Portugal! Os nossos atletas João Sousa no ténis e Rui Costa no ciclismo fizeram história hoje.,pt
"Acabei de fazer as minhas previsões para o N. Ireland vs Portugal no Viva Ronaldo, e tu? - http://t.co/ZQmCmaLtYF",pt
"Acabei de fazer as minhas previsões para o Granada vs Team CR no Viva Ronaldo, e tu? - http://t.co/ZQmCmaLtYF",pt
"Acabei de fazer as minhas previsões para o Team CR vs Al Sadd no Viva Ronaldo, e tu? - http://t.co/ZQmCmaLtYF",pt
@AlwaysMerengue7 Bom dia. Está tudo bem?,pt
Força Portugal! Todos juntos vamos conseguir! http://t.co/LVXHw3vYXq,pt
@annadanielewska obrigado,pt
@FlavinhaFan melhor o @realmadrid :-),pt
@Pedromsantos75 Para ti também. Abraço,pt
Grande abraço “@DaniiloMoraes: @Cristiano Por favor manda um abraço em português para seus fãs no BRASIL? Please! #celebrate15m”,pt
Acho bem :-)“@SofiaMarques1: Qualquer dia viajo dos Açores até ao Bernabéu para ir ver o @Cristiano. Já esteve mais longe. #Celebrate15M”,pt
"A favorita para já para mts @fakhrihidayat_: poderia fazer como no facebook e postar 1 foto de fãs por dia, durante 15 dias. #celebrate15M",pt
Nunca???? :-)“@barbarajulio: @Cristiano PORQUÊ que NUNCA me respondes???”,pt
"It's an option yes “@RaicaAraujo: @Cristiano poderia fazer como no facebook e postar 1 foto de fãs por dia, durante 15 dias. #celebrate15M”",pt
Um abraço “@pgpily: @Cristiano Gostariame muito Si escribises en Portugués. Saudos crak!!”,pt
Nervous to receive Premio Nacional del Deporte 2011 http://t.co/1mVYpva2,pt
Obrigado Caio Franchesco. Um abraço a todos os brasileiros. Estamos juntos - http://t.co/lxEcd79j,pt
"Somos uma equipa, Somos o Real Madrid  http://t.co/PcD76a31",pt
Obrigado Portugal  http://t.co/2Z2MuxT0,pt
"Em casa, com amigos ou no estádio....amanhã estamos todos juntos. Força #Portugal !! http://t.co/Sdj1kAPc",pt
"Obrigado equipa, obrigado Portugal!!!!",pt
Bom dia. Estamos de partida para Lviv. Obrigado pelo apoio e carinho de todos os portugueses para o jogo com a Dinamar… http://t.co/6CkJGgEw,pt
"Força Portugal! Pepe, Bruno and I are here with the team bus. http://t.co/HxoQbiUM",pt
2012 vai ser um ano recheado de conquistas. Jogar em equipa. Ganhar em equipa. Quem concorda comigo?#makeitcount http://t.co/Ue7Kh2De,pt
"Vamos todos ajudar o Gustavo e aqueles que como ele, precisam da nossa ajuda #todosconMartins #vamosajudarogustavo http://t.co/5pY6JLfR",pt
Façam testes e que ajudem a encontrar dadores compatíveis para todos os que necessitam de transplantes de medula. V... http://t.co/ao98XdsB,pt
Vamos todos ajudar o Gustavo e todos os outros que precisam desta nossa pequena ajuda. http://t.co/XhqgDSW1,pt
Ontem conseguirmos uma importante vitória para Portugal. Infelizmente o dia não foi de alegria como esperávamos por... http://t.co/brTV8t0k,pt
Força Portugal!! http://t.co/DII1IKm3,pt
Preparing for the game. Força Portugal! http://t.co/5fRmq3wf,pt
tudo a posto para jogo de logo à noite http://t.co/66H7VY2,pt
Bom dia!,pt
@paulocoelho obrigado pelo apoio,pt
Obrigado. Espero jogar novamente em breve. RT @AdriannaFiore @Cristiano Recuperate prontooo!!!! We miss you!,pt
@Paparazzilatino PArabéns,pt
@Lcaco94 bom dia,pt
@2010MissVzlaU PArabéns,pt
@Pedromsantos75 obrigado. Foi o Jorge monteiro,pt
Muito obrigado. @danidocristiano @Cristiano ParabÃ©ns por mais uma vitÃ³ria..HALA MADRID '-',pt
Eu tento responder a quantas posso. @babihsd @Cristiano perdi a sessão de perguntas e respostas? Não creio! Faz de novo!,pt
Treno cada dia. @cheyendella @Cristiano Quantos dias da semana tu trena? E quando tu descansa?,pt
Don't know for now. I would love to do it.- @Sharon_Lollipop Como você está? Quando você está indo para ir à Indonésia?,pt
Mas há duvidas? ;) @juh_grou eu ainda não sei se compro minha camisa do Real Madrid com nome/numero de @G_Higuain ou @Cristiano G_G,pt
"Lisbon, Porto, douro river, Coimbra, Alentejo, Azores, Algarve. Also Madeira island @victoriamfailla trip 2 Portugal (nazare) where do i go",pt
"Depois diz-me o que pensas. @Portchy @Cristiano just downloaded the app, vamos ver ou que da!",pt
Obrigado. @DriBonome Parabéns ao @RealKaka e ao @Cristiano pelo jogo de hoje! #HALAMADRID,pt
"It's a must have for this holiday. @nluz @Cristiano amigo espero que gostes do livro que te ofereci, Bíblia do Real ... http://say.ly/DLa5U9",pt
"Great plans. @iLocateli Minha família se reúne na véspera e comemos leitão, tender, chester e bebemos vinho e entregamos os presentes!",pt
"Eu gosto dessa tradição @Nad_Pinto passar tempo com a familia, comer, comer, ir a igreja, comer; ouvir as velhas historias de familia !",pt
Parabéns @realkaka! Espero em breve conhecer a sua filha.,pt
"@Ochocinco Parabéns pelo noivado. Gostaria de receber como presente, lições sobre como falar Português ?",pt
Gracias! Vou tentar @feelemos @Cristiano Espero que tu faças muitos golos durante El clássico!! ?,pt
http://say.ly/TKR57o - Great picture. RT @leeonaaardo_ o @Cristiano fez só dois hoje,pt
"http://say.ly/vna4VW - Here's my goal, in case you missed it. Força Portugal!",pt
Força Portugal!,pt
@OMGItsMajoSoler Olá!  Thanks for the support.,pt
Me and Kaká... @realkaka #POR #BRA #worldcup http://twitpic.com/20ilib,pt
"Olá! Thanks for the support... 
http://bit.ly/9oJn7n #POR #worldcup",pt
Vota aqui http://bit.ly/bHuqG1 para apoiar Porto Santo e o bosque de Laurissilva em formar parte das 7 Maravilhas Naturais de Portugal,pt
O meu primo da Austrália veio ver-me. É bom termos a família e amigos por perto… http://twitpic.com/1xcwv1,pt
🎄 flo's Santa ❤💚  #HoHo http://t.co/zYEPInejNA,pt
@whoisforbes bruna eu te amo,pt
:O wow. Thank youRT @iAndyluna: http://twitpic.com/38xvgn - Como me quedo??? Se parece a @selenagomez o no??,pt
crisp #dangerouswomandiaries @BriLoveLife @iamSkot 🍑@JonesCrow https://t.co/cYVE90r8MH,pt
a bop.  https://t.co/bD1hLpcU2r,pt
lavender envelopes,pt
A @radiomixfm esteve no lançamento do #Dance da Shak e aproveitou para fazer umas perguntinhas dos fãs para ela. SHQ https://t.co/4MQMZhWBtS,pt
"Shakira ontem com seus fãs, no aeroporto de São Paulo, após o lancamento da sua nova fragrancia, Dance. ShakiraHQ https://t.co/u91Nh8nvn6",pt
Celebrando mi nominación a los #GRAMMYs por Try Everything en São Paulo! Shak @RecordingAcad https://t.co/h5UkAUUxNz,pt
"Só na @sephorabrasil: com o seu novo perfume Rock!, ganhe os itens de beleza indispensáveis de Shakira! https://t.co/nrrET8yf1w ShakHQ",pt
Ola Brasil! A espera terminou! O novo filme da Disney: #Zootopia já está nos cinemas! https://t.co/sIF5E8k8uX ShakHQ,pt
"Happy 10th birthday Oral Fixation, Vol. 2! Feliz décimo aniversario Oral Fixation, Vol. 2! ShakHQ https://t.co/aYSVMhMSoT",pt
"Para celebrar o lançamento de #RockByShakira, sua nova fragrância, Shak é a estrela da capa da @revista_donna. ShakHQ http://t.co/zWNxIZnI5X",pt
RT “@showdavida: Daqui a pouco tem #ShakiranoFantastico” http://t.co/NWls63IjA8,pt
Com os presentadores do Fantástico; Renata e Tadeu este Domingo estarei no @showdavida com voces! Beijao! Shak http://t.co/ctObHphlxx,pt
"Oi Brasil, ja estou aqui! Estava con saudades de Voces. To muito Feliz de ve-los de Novo!! Shak",pt
Todo mundo vai assistir o jogo de hoje! Brasil! Shak #daretowin,pt
Vocês viram o novo vídeo da Shakira La La La (Brasil 2014) com a participação do incrível @carlinhosbrown? http://t.co/dacmQVy6Fw ShakHQ,pt
Pre-show autographs / Autógrafos antes de empezar el concierto #ShakiraTODAY ShakHQ http://t.co/mz1xjQoAJu,pt
24 DAYS / 24 DÍAS...  ShakHQ http://t.co/bYaO9Fn9gN,pt
Something totally wild is about to happen... / Algo totalmente selvagem está para acontecer... http://t.co/gAoKU4tfpg ShakiraHQ,pt
Parabeins Brasil!! Boa partida! Y Obrigado povo Brasilero por me fazer sentir como en casa! Shak,pt
Carlinhos obrigada por compartilhar comigo a sua qualidade humana e artistica. Voce e a alegria em… http://t.co/GNvn0Ts94s,pt
"Ganhe uma viagem de 5 dias a Paris para comemorar o lançamento do novo perfume da Shakira, Elixir! https://t.co/sS5MoVen
ShakHQ",pt
A message from Shakira / Un mensaje de Shakira http://t.co/r2pm6zaa,pt
Você já pode assistir a versão estendida do anúncio da fragrância Elixir by Shakira!   http://t.co/JApUAVbU ShakiraHQ,pt
Obrigada! Shak RT @Shakira_Brasil @Shakira_Brasil é Top TT com a tag #GetItStarted http://t.co/grvsL5Br,pt
Obrigada! Shak RT @jackleal_ Addicted To You - #Shakira Não Paro De Escutar.. \õ,pt
"A bright green reprieve in São Paulo #TheWeekOnInstagram
https://t.co/JZNEhkRH9w",pt
A dog’s day at a São Paulo park 🐶 https://t.co/F6jva5Mb4x,pt
Catch São Paulo’s sunsets from wherever you are https://t.co/NJEUHOpYsB https://t.co/yj0VpEM9r2,pt
"Oi Brazil! So happy to see you at the Z Festival in São Paulo, December 10th! Cant wait! Beijos e abraços! Tickets:… https://t.co/PSerYgfOMu",pt
#CONFIDENT is 2 times platinum in Brazil!!! Eu te amo!!!!! ❤️❤️ https://t.co/zGgVHsjx8T,pt
"Eu te amo, Brasil!!! ❤️
Get #CONFIDENT on @iTunes here: https://t.co/KwOryUceRi https://t.co/cKV6Jgs540",pt
@Gazo1a Nossa! Muito obrigada :),pt
@BerzGamer vai pa puta que te pariu :),pt
QUER MAIS DESCONTOS? (14/08) ⭐⭐⭐⭐⭐ 🌐 Confira no link ➔ | » Compartilhe! « Não encontrou a oferta ou cupom que procurava? Não se preocupe ;) criamos uma pagina com mais ofertas e cupons atualizada diariamente :),pt
"EU VOU PEGAR VCS, ME AJUDEM GALERA, PELO AMOR DE BUTERA. :) #MMVAs #iHeartRadioMMVAs #FFSingleNoTears",pt
"Estávamos em casa do Zé e eu estava a morrer de sono, chego a casa e fico sem sono :))))",pt
Precisa :),pt
@Jeniabreu07 mas por acaso adoro beijos e abraços Hahahahaha é bue fofiii ahahaha houve uma altura q n agora gosto :),pt
Solteiro s sozinho sempre :),pt
"Lindezas Cortador kit Mário coleção Bia Cravol já esta cadastrado no site, quem estava esperando já pode ir adquirir o seu e arrasar nas encomendas, afinal é um dos temas do momento :)...",pt
@otphurts Claro que sim :)),pt
@sasa_andradelb @pavardz Bora topar :),pt
@Brtz10 Sei fazer miojo :),pt
mano seria eu a única pessoa q usa emoji SÓ com a família? tipo eu tenho medo de parecer grosso mandando um :),pt
"@cobweeb_ Verdade, não tinha pensado por esse lado. :)",pt
"@andrefiremaster migo não é raid, é de daquelas missões de uma semana inteira fçaslkjdflksjd é chato mas é facim :)",pt
@catarin05832482 @MGeraldo21 @joaoantunesKRT Ainda bem que conseguimos resolver este assunto :),pt
@PoornaJags @BetterCallSaul @TomSchnauz @MMMacLaren De nada :),pt
@RenovaMidia @flaviomorgen @sensoinc O lixinho @pablovillaca me poupou click para bloquear! :P,pt
@vstolf @brancagaldino pode? :),pt
"Qual o seu videogame favorito? 🕹 — PlayStation. Qto ao jogo, futebol :)",pt
"@R6BRatualizado @FaZeClan @tgkfps Vcs me fizeram começar a assistir o competitivo de R6, desde a DEX, 3 de voces foram da primeira line que foi para o invitational, eu confio em vcs, sei que vcs iram trazer o caneco, entao venha porraaaaaaaaaaaa, trás pro brasil, VEJO VOCES EM BREVE, PRO LEAGUE RJ :D",pt
@duda_tn fico feliz sabendo q é recíproco :)),pt
@tiagob_monteiro ou seja tb tens saudades minhas :),pt
"@EgonGabaldo @HiRezAjax Eu imploro isso já faz uns 2 anos com tickets é twites mas nada do server br, porem espero que a você eles ouçam :)",pt
"Fala galera, to aceitando essa belezinha de presente de aniversário :)))",pt
@NegocieCoins Parabéns :),pt
"@hiuryrj zozo fica feliz assim, de nada :)",pt
alguém me quer adotar ? eu sou um mochi muito fofo eu sou baixinha adora carinho e retribuo amo comida adoro dormir agarradinho algum interesse? :´),pt
Já pensou em apoiar o canal e meus cosplays? Que tal se tornar um padrim? :),pt
"@mylenaroccha amei a mágica da arrumação, como não ser um babaca e a sutil arte de ligar o foda-se :) todos têm uma viagenzinha ou outra, mas consegui absorver bastante coisa",pt
"Bora deitar de conchinha, e ficar de boas :p Away!",pt
@Rafa_Silvahh Ainda bem que sabe que eu vou :) 💕 kkkkkkk,pt
tudo se acertando aqui em casa :),pt
@cxiaopucino xiaopucino is a cute username. :),pt
"o dia de hoje foi bom, obrigada :)",pt
12. friozinho :)),pt
@noir_isavi Que cuteeee :3 :),pt
"@serena_boss A vida só faz me foder também...tô até acostumada...porém,chorando sempre :)",pt
#FuiTrouxaQuando aprendi a sofrer por coreano e gostar disso. :),pt
Perguntem :),pt
já tenho onde ficar durante a agrival :) vai ser sempre roda no ar,pt
ai que tudo ela namora uia — :),pt
"ok tenho que fazer uma redação, um cartaz pra prof de bio e uma fanfic :)",pt
@jezinhabr Mas há outros tratamentos. :),pt
@Sdcav0701 para de sonhar e vem ver a gente :),pt
@pach211 O sol pôs-se mto vermelhinho (bom sinal) e nevoeiro a esta hora normalmente quer dizer que vai estar calor...a ver vamos :p,pt
@canalzigueira Perderam rápido pro @neskwga poder ver a filha mais cedo :p,pt
@drexalvarez @daniminu Sinto que serei obrigado a votar nele por conta das bolsas citadas. :P,pt
@mizanzika Primeira linguagem de programação? Esse é o começo de uma looooooooooonga viagem :),pt
@RivxrWho me metendo aqui ² :),pt
"queria ir numa noiite contigo :)) — :)) vamo ueee, me chama ou curte aqui",pt
"@umoutroalterego @TheRealJuliaMNG @kimkim2510 @aquilespintoPT Muito te interessa o que digo, pá :)",pt
@tecchhio @joao_danne @viniciusknaack eu sim :),pt
"HAHAHA! Vergonha Alheia. Nem sou Bolsonariano, mas ver a tchurminha da esquerda passando vergonha é ótimo! :)",pt
@llmrxx Feia é impossivel *-* :p,pt
@LwithP @szsweetcreature Eu sou uma pessoa confiável :),pt
@Pamy_liirio Estou sempre evoluindo :),pt
"Não sei se você chegou a ler, mas depois olha o resto das mensagens que eu te mandei :p — Bele",pt
@Rafa_Silvahh Mando umas fotos pra ti :),pt
@Smith_Hays Amém! :),pt
@mvnds024 Boa noite :),pt
"@theoriesaboutT ahhh, obrigada por explicar :)",pt
Digam oi para a mais nova universitária :),pt
@ruthion30 No problem! :D,pt
Eu teria tamanho ataque cardíaco :)))))(,pt
Sinto tristeza por aquela pessoa q n tem a capacidade de falar na cara td oq pensa :),pt
"Ahhhh tbm quero ver essa foto tua sem camisa de calção e de meia, posta aí Yago :))) — HAHAHAHA ah tá",pt
"@idfch Nessa foto realça se a doçura dos teus pais, mais nada :)",pt
Uma cena tão simples que me magoou tanto :),pt
"Meninada :) A partir de Setembro, darei aulas de Teatro Musical no Paula Marques- Conservatório de Dança e Artes, da AluapDans Companhia Dança Inscrevam-se já, através do site. Têm várias disciplinas artísticas fantásticas e...",pt
@lucasknust você n vai n ne? :),pt
dudaaaaaaaaaaaaaaaaaaaaaaaaaaaaaaaaaa que bom que voltou — :) quem é? ❤️,pt
Nao consigo dormir :))))),pt
Live on! Cola aí com a gente! :D,pt
"@zavadbr a propósito saudades debinha 💞💕 antes a gente tava se vendo quase todo dia, temos que achar uma nova academia :)",pt
"vou nem falar nada, depois a errada sou eu ne :)",pt
Vais te arrepender :))),pt
@nerd_tricolor Obrigada :) vai dar certo,pt
@orochizinho A minha perdeu o sentido 2 segundos após eu nascer :),pt
Cheguei a casa :)),pt
17. Noite :) credo detesto manhã,pt
"Qnd quero mesmo dormir não tenho sono, gr8 :)",pt
Eu disse q fugia d dramas :),pt
"@matheusmathiass off, prefiro meu penal, civil, constitucional e internacional publico que me obrigam a ficar na biblioteca :)",pt
to orgulhosa de mim :),pt
"@CanalGameplayFS @marcelotoledo23 Manolo, aparece nas lives talvez dê pra eu te ajudar de alguma forma :)",pt
@Foldpls @jimlink666 Supernova :))),pt
"@augxstto eu sei, mas se deixarem eu gravo :)",pt
"Te adimiro muito :) pela pessoa humilde que é :) — ahh, obrigada 💕",pt
@marcelaviraes @furmigzz vcs sao engraçados :p,pt
19. Nao :p,pt
"@tsrdgs não, pq minha mãe reclama todos os dias sem exceção e não aguento mais :) tive a pior briga da minha vida com ela hoje quebrei até a porta batendo de raiva :)",pt
fingir demência é smp a melhor opção :),pt
ai to muito feliz que eu to percebendo cada vaz mais que minha pele so melhora :D,pt
@mariacsoares_ ahhh bom :),pt
zé neto e cristiano :)))))))😍😍😍😍😍😍😍😍,pt
@AndreCuHz vires aqui adormecer-me funcionava melhor bb :p,pt
"QUERO TODOS VOCÊS NO MEU 2019. &lt;3 (Já vou deixar bem claro, para economizar uma enxurrada de status no meu WhatsApp.) :)",pt
Se tivesse um namorado não iria ficar loca atrás de música e nem dos meus ídolos o tempo inteiro ou faria ele ouvir minhas músicas :),pt
Linda é pouca pra ti gzuis — mt obrigada hehe :),pt
@MiguelJR_26 @DNeveSZ Alexa play “Sou como tu” da Barbie e a Princesa Aldeã :),pt
"@kccdrug a nossa, nem sei direito oq é isso ahsbsbbs boa sorte amanha :)",pt
"@Ultimate_Carol Faça as Rotas/Finais A, B, C, D e E! :) Você vai surtar quando ver todos esses finais...não tem como não lembrar do Kojima quando você finalizar essas rotas...quando fizer me avisa que te falo por que kkkkk",pt
@_cbzz Depois vamos às compras :),pt
:) seu anjo,pt
ia morrendo mas pelo menos comi um gelado :),pt
Pronto okay Qual é a melhor maneira de resolver os problemas? Bloquear as pessoas :) Adoro,pt
@Thefranqui Eu sei :) se não eu te mato :),pt
@Vileley_05 De nada :),pt
@miss_sunoficial eu sei :D,pt
"Te acho uma pessoa super simpática, sempre quis ser mais próxima! — Aah, muuito obrigado! Pode vir falar comigo, vou adorar! :D",pt
"@tiagosantana Eu não me formei, eu não tive festa de 15 anos. Eu não me casei. Eu nem lembro qual foi a última vez que eu comemorei meu aniversário :)",pt
Oi amor 💕 — Oie :) ❤️,pt
a mudança pode começar pela gente mesmo. beba no copo do conteúdo ou leve seu próprio canudo para os lugares; tem várias opções pela internet com preços bacanas. pequenos gestos já ajudam e muito. só pensar um pouquinho. :),pt
Update o meu bb trouxe me água :)),pt
a karol mostrando o meu daddy que saudades que eu estava :),pt
@mazezaza Olho fechadinho :),pt
@pfKat claroo!! chama la que eu te passo meu número qqr coisa :),pt
"Amanhã é o dia mais puxado, mas estou aqui rindo pq terei sedimento :)",pt
"@brendalimagalhs Aliás, só de falar que ela anda falando mal de ti por aí já é falar mal dela. Entende o que digo? Ninguém sai “limpo” da história. Natural ficar meio chateado. Depois passa e a pessoa vira uma lembrança distante. E os sentimentos vão sendo ressignificados. :)",pt
@KeoNovak ilysm,fr
@alwaysbeperry @LegendaryDurk @halseysfirework @rainbowspatrick @katysfood icons fer sure,fr
Drama*tique 💅🏼,fr
@HQzaynmaIik Thique™☝🏼️,fr
@ikissedagay thique™,fr
6th train squad game strongé 💪 http://t.co/ULjBX4EHNn,fr
Appropriate nails. http://t.co/TUFxewlH,fr
PARIS https://t.co/XZ45gSiLEy,fr
"#ColdWater dance video
@MAJORLAZER @MOMOMOYOUTH
https://t.co/JhRFCQ7nST",fr
@mileysforeign dance,fr
@NRJhitmusiconly Merci!!!! 🇫🇷🇫🇷🇫🇷💋💋💋,fr
"Trouble
Trouble
Trouble...
#1989TourCologne http://t.co/FelkHmeQHT",fr
"Meet Domino.

@jessicaalba 
#BadBloodMusicVideo http://t.co/Btee26i9gd",fr
"Meet Destructa X.

@elliegoulding 
#BadBloodMusicVideo http://t.co/PbgpkDUliT",fr
"Meet Catastrophe.

#BadBloodMusicVideo http://t.co/q9P7JJoWld",fr
capitalofficial's photo http://t.co/zn15Yzphqq,fr
"Paris fans, being legendary outside NRJ. http://t.co/tDVLtSVOPB",fr
"Trouble, trouble, trouble... @VictoriasSecret #VSFashionShow http://t.co/B1T2HkWGfi",fr
Bold action on climate change matters. #ActOnClimate https://t.co/fzKtmRyFCQ,fr
$un$et.  #Barbados http://t.co/rAB9m9jGEW,fr
elle http://t.co/mzqiI5dtHv,fr
C'mon BRA,fr
$$ on France,fr
C'mon Pepe,fr
Lui. PhanArt. #iheartrihanna http://t.co/ZgLeZpaOCl,fr
"“@MACcosmetics: Heaux, Heaux, Heaux.” #RiRiHeartsMAC #MerryChristmas",fr
Turquoise store #Greece @gnlstudios http://t.co/I5gquf3nHn,fr
Nicole Audition tape!!! #PourItUp #teaser http://t.co/a3tLfFGWCF,fr
HaaaaaA + bwahhaaa + el eaux el http://t.co/Y3FrETXE9b,fr
#frompariswithlove #bfflife je t'aime  @mforde11 http://t.co/lRqiyqWKNk,fr
#DiamondsWorldTour dance auditions,fr
@MuseeLouvre @googlearts @tomscott Très bien!,fr
❤️  L-A C-R-O-I-X ❤️  https://t.co/ilMA5KgmNw https://t.co/2d1pYqZWzA,fr
Pokémon incense. Not even once. https://t.co/ySMIkLnRCl https://t.co/XYASoryOF8,fr
"En garde!!! Let’s go, @MatPatGT ⚔⚔⚔  #VidCon #YTRedOriginals https://t.co/7NEsbceK1i",fr
@danaebessin29 700k!? Formidable! Félicitations!,fr
"Hi, Sophia! https://t.co/sBCipdlUU5 https://t.co/ZmoKru0Jls",fr
Today is #BubbleBathDay. Bon appétit! https://t.co/qb5VHdoDG1 https://t.co/NDMHHuravP,fr
@h0lygagaswift patience 😘,fr
Gaultier https://t.co/DQ8kl9MeH2,fr
JITROIS http://t.co/2VKNbntocA,fr
#HausWork or champagne &amp; sandwiches. 🎺🎉🎈 http://t.co/l5KDwp5QXq,fr
"C’mon, dammit. https://t.co/VjN2MXzlFU",fr
HBD @IamWandaSykes! You dont speak French so let your kids translate. Trouver le portefeuille de votre mère et de l'envoyer à la tante Ellen,fr
Mrs. Portia de Rossi #MyTypeIn4Words,fr
@justinbieber Encore! #LoveTwitter https://t.co/imvrcp7Qmr,fr
He Tweets! http://t.co/61kAWmK (cc @CoryBooker) #BookerSVTour,fr
"Oh Ellen.... @TheEllenShow. 

https://t.co/uoWUTJis9g https://t.co/cfKBmDCnW2",fr
#CantStopTheFeeling 🇺🇸 #MemorialDay #BBQ edition... @Spotify: https://t.co/34gfzAd6P9,fr
Let’s dance. #CantStopTheFeeling ⁰⁰@Spotify: https://t.co/1dhyfjb6sG,fr
"32,000 pts. Congrats @kobebryant #Vino",fr
Stade De France. Paris... 4:30 pm. http://t.co/QLfN3QoihH,fr
Excitement #RunnerRunner premiere #LasVegas http://t.co/y2P8Zdzwxe,fr
Diapers on aisle 9! @misslisa854,fr
CANCER SUCKS: CHLOË TAKES A STAND https://t.co/V7YlZR3vov https://t.co/azPPMpG87W,fr
Savage https://t.co/XXTj6dnww3,fr
Savage  https://t.co/gfZZkOKkkk,fr
GQ 📷 Mert &amp; Marcus https://t.co/Hy6xdPL5N8,fr
Vogue 100 https://t.co/ECXuegwxVO,fr
#TBT: MIAMI FASHION WEEK WITH KHLOÉ AND KOURT https://t.co/fWlEPmL5SQ https://t.co/tllUnG5of0,fr
#TBT MY LOUIS VUITTON MONOGRAM OBSESSION https://t.co/SIpZrZJK0z https://t.co/O0dnU8HQUf,fr
OPTICAL ILLUSION https://t.co/Vwy8UHEKdy https://t.co/FZTSDzLc3q,fr
FASHION ILLUSTRATIONS https://t.co/U9t7gP94wH https://t.co/VwgNQS9TOD,fr
#TBT KHLOÉ GOES TO JAIL https://t.co/zMlO5q6Dca https://t.co/zvjj0915fC,fr
ALL DAY HERVÉ https://t.co/n2KFiv6iW3 https://t.co/FFc4tAQnm8,fr
#PRODUCTPORN OUAI HAIRCARE https://t.co/oKGZJCLmqB https://t.co/NtNIlrOFFR,fr
9 MONTHS https://t.co/CF84gsPlFf https://t.co/bU4XNX677X,fr
FAUX FUR https://t.co/1Z0HHoQmiR https://t.co/Qx6Z6FAiYj,fr
CONTOUR TUTORIAL http://t.co/ywgRg5fahE http://t.co/mx53ipSGha,fr
#BTS PARIS http://t.co/fuklNYUxiR http://t.co/5z6FYnLaAR,fr
#WCW: KHLOÉ http://t.co/qyQGipzZgj http://t.co/HmXS800vuw,fr
4 months 👶🏽🍼 http://t.co/jCBZtwfR2H,fr
Cannes Clique http://t.co/LItYcSkDqf,fr
Coupre Électrique: Translation… #Blackout 😎 #GloryStreamingParty,fr
@angwbu LOL. Adorable #30MillionBritneyArmy,fr
@Eleonore_ZAP bonjour :) just followed ya!,fr
Parlez-vous francais? http://t.co/y6gk2hZs,fr
A TRUE CHAMPION chooses #CLEARMEN. #TRUECHAMPION #POWERHAIR #CLEARNODANDRUFF ⚽️👍🏼🏆 https://t.co/1Ty40KZrEv,fr
@Ang7lita_ Bonjour France!,fr
La Décima is ours. Hala Madrid! #uclfinal #realmadrid #lisbon http://t.co/q0NPEFAJCD,fr
@VickMayweather Bonjour France!,fr
On vacations. http://t.co/6VG5eDMhd6,fr
#Portugal vs #Czech Republic http://t.co/EPFoKUss,fr
@Rosepetouls Ice chai latte lol,fr
Goodbye Vancouver. Hello Los Angeles. http://t.co/R0VQLIzXXk,fr
"Illinois, Chicago http://t.co/DasXxdrr5p",fr
Je t'aime http://t.co/6UK8TtiRjZ,fr
Paris http://t.co/FrEuyhNqOg,fr
Hi Vancouver ☺ http://t.co/pk985gzrbV,fr
Dance http://t.co/CvNwlYeiaS,fr
Vancouver!!! On stage in 10...9...8...#WOTNCANADA!!!,fr
"Meet Mark, our tour manager http://fb.me/Bjf5RLPP",fr
Loving Chef Niki's @nnakarestaurant Chefs Table on @netflix. #n/naka #rockstar,fr
Merci Paris! Je vous aime de tout mon coeur,fr
je t'aime https://t.co/p4fJkJRfmY,fr
Bon nuit https://t.co/KLUPht6QMM,fr
je t'aime  https://t.co/gsBPqsdIa0,fr
je t'aime paris! merci beaucoup!!! je te vois demain de nouveau,fr
Merci beaucoup France!! 🇫🇷🙌 https://t.co/MJoSgg3W05,fr
Merci à tous mes fans français pour aujourdhui! A la prochaine! Shak,fr
The view outside the S by Shakira fragrance launch at @Sephora on the Champs Élysées just now ShakHQ http://t.co/YSSA8y5Gz7,fr
"Just over 3 hours until Shak arrives at @Sephora Champs Élysées - if you're in Paris, come on down!… http://t.co/PbCHiKDPMs",fr
Where Shak will sign bottles of her fragrance at @Sephora Champs Élysées from 5.30pm... ShakHQ http://t.co/5ZGezgG1cq,fr
Shak's in Paris today to sign bottles of S by Shakira at Sephora Champs Élysées from 5.30pm. Come… http://t.co/ZzGLfKC7Lr,fr
Nous commençons nos cours à l'école Ellie Dubois #Haiti. Merci d'avoir rendu cette reconstruction possible. http://t.co/NUSaHCt2,fr
J'aime la France. Shak RT @Lola_The_Kook J'ai aimé une vidéo @YouTube http://t.co/4GU7NqKS Shakira - Addicted To You,fr
"Je voudrais partager avec vous une de mes chansons préférés, ""L'encre de tes Yeux""... C'est de la poésie. http://t.co/4RB74jpf 
Shak",fr
"Check out Shakira opening the NRJ Music Awards this weekend with her #1 hit single ""Je L'Aime à Mourir""  http://t.co/6UePyjUC ShakiraHQ",fr
Merci a tous pour votre soutien et votre amour. J'aime La France!!  Shak,fr
A Parisian passerby's march mirrors a Champs-Élysées statue. #WHPimitation https://t.co/T8SVFxZimu,fr
"Our #BoomerangOfTheWeek = extreme 🥄🥄🥄 
https://t.co/vTVHeN6hNd",fr
"Nos pensées vont vers Nice, les victimes, leurs proches et tous les Français. 🇫🇷 https://t.co/mCOrX6YJeP",fr
Sizzling temptations from a Parisian pâtisserie #TheJoyOfBaking https://t.co/4pfzecgOpz,fr
"“Liberté, égalité, fraternité”: celebrating France with @LucilleClerc https://t.co/t8F4aOYyHw https://t.co/APjZkWVE8Y",fr
“It’s different every place I go.” —carpet connoisseur Kasimir Pilè,fr
Découvrez et partagez les inspirations du monde francophone sur Instagram. Bienvenue https://t.co/FzlUhRtXKn!,fr
4 months!! #AskDemi https://t.co/dcEbIqv6Qy,fr
🙇🏻🙌🏼 touché 👏🏼👏🏼👏🏼 https://t.co/7d8fsFbsTj,fr
"Itachi et Kisame : 0 discrétion

Ils entrent au village normal avec les motifs de l’Akatsuki et vont se payer un pt… https://t.co/KKgCpERdUw",fr
🔴 Affaire Geneviève Legay : une vidéo filmée par la gendarmerie prouve que le président #Macron a menti. @Mediapart… https://t.co/1CxnXj4Wdr,fr
"Mené 1 set 0 après avoir perdu le premier set, Tristan Lamasine remporte le deuxième set, 6-3.

Voilà le Français e… https://t.co/wGdNKz7GPd",fr
Donc apparemment ya des gars qui menacent de poster des nudes et des violeurs assumés sur Twitter et c’est sur des… https://t.co/39UyI2H6G1,fr
Re les bg j'ai sauté RTxFOLLOW blablabla ... https://t.co/I7D2mo2EgA,fr
il est magnifique je suis éblouie par ta beauté chaton https://t.co/hxNLMq4KCY,fr
orhhhh vous êtes mignons laaaa 😼 @j0retapo @_mistakrabs https://t.co/GRjaXgRFEI,fr
moi le lundi 7 décembre https://t.co/ufd4lVJnIf,fr
"ptit wip pour ma nouvelle banniere qui ce nomme ""Cotton Eyed Joe""🐴🤠 https://t.co/70DzN4xG2C",fr
"enhypen 🤝 stans enhypen 
ter 0 neurônios  https://t.co/YrvinUal00",fr
C'est vraiment ma couleur https://t.co/NpXLpJIgcR,fr
LISA IS MAIN RAPPER AND MAIN DANCER https://t.co/gIlMBiGhKl,fr
Hawaï https://t.co/tW0Gm0B95A,fr
Elle date elle 🙂 https://t.co/gKW786ZuiV,fr
Jaime l'homme habiller en noir https://t.co/namUKFvtiI,fr
bienvenue dans mon cœur sungchan https://t.co/Ll93JNuuOr,fr
"@ActualiteBarca El Pistolero en 4 images :

1- Son triplé fantastique contre le Real en 2018
2- Son but ultras déci… https://t.co/RjT1oQ5Rs2",fr
@TehBzz @sofyanboudouni Jveux rien savoir https://t.co/SbAGBaRXDi,fr
Je sais pas pk mais c’est déprimant mdrrr https://t.co/iNVGqsFoBv,fr
""" plus tard je veux une femme comme toi "" https://t.co/X1uQqwZcfe https://t.co/prowYXiHyk",fr
Quand t’entendais ce tag Back To The Future + Booba c’était une masterclass assuré https://t.co/ZQVUdZkdZJ,fr
"Si #FFXVI ne nous permet pas de caresser le chien, c'est 0/10 https://t.co/bb8shJN3LR",fr
Cookies de brownie de Nutella ❤❤ https://t.co/lr0o42bi0M,fr
Mon grand-père c’est un champion !! Il a battu ce putain de cancer je suis tellement heureux 🥳,fr
"BMW M3 &amp; M4
Moteurs: 3.0L I6 twin-turbo (S58)
Ch : 480hp/550nm
0-100km/h: 4.2s
T/Speed: 290km/h
Prix en $: $69,900/… https://t.co/xk3a90rmRa",fr
0 sauce pour mister you c’est bien sa meuf https://t.co/ofZrK0EGm7,fr
Je suis allez acheter un boitier airpods a une fille de Twitter elle est trop mignonne si vous avez perdu votre boi… https://t.co/r98xmbdqhN,fr
Mister you c'est comme tous les rebeux de nos jours. Ça melange prière baise alcool et drogue. Islam 2.0 https://t.co/bIlhzPwm6F,fr
Wa Real yi sougn deiguei Suarez meilleur 9 de la décennie rek niou indi l’argument Lewandowsky 😂😂😂 Mais ana sen 9???,fr
Pensez à dire à vos enfants : ⤵️ https://t.co/ucensEblon,fr
"Mon téléphone me sert strictement à rien, j’ai 0 messages 0 appels il me sert juste à aller sur les réseaux sociaux",fr
"J'ai encore 26 personnes qui la follow hein 
Si vous avez pas capter que elle est transphobe après avoir vu cela ,… https://t.co/4aF3yUEdwc",fr
"7 hommes parfait
Y a pas a dire je les aimes https://t.co/OSDM2rX3h9",fr
pour ceux qui ne le savaient pas lol #BiVisibilityDay https://t.co/2uzAG0E4yL,fr
Que Dieu m’épargne des cours en distanciel sinon je validerais pas mon année,fr
si vous pouviez baffer une personne dans le monde ça serait qui et pourquoi jk rowling,fr
"7-0 Barca
5-0 PSG
7-1 PSG 

Levels 👌🏾👌🏾 https://t.co/FxNHA3kptR",fr
"A Wall Street, le Dow Jones en forme grâce à Nike Wall Street évoluait en ordre dispersé mercredi peu après l'ouver… https://t.co/WXsWGn68AV",fr
J’ai envie de recommencer ma vie à 0😬,fr
Mon premier live ou je reste jusqu’à la fin ☺️ https://t.co/g4XUYKHIcF,fr
"J'ai mon 6S+ qui s'est bloqué sur cet écran puis a redémarré
Je pas comprendu https://t.co/7RSiAkWbXm",fr
"avec mon casque☝🏿☝🏿☝🏿📈📈📈 pour entendre 0 bruit de l'extérieur 
https://t.co/9nH6dKau2Q",fr
"«  cosplay  »

────
Quelle est la plus belle chose du monde？
────
Photo: @aosa__0 https://t.co/etkwBeOUV0",fr
6 MONTHS £0 SUPPORT 6 MONTHS £0 SUPPORT 6 MONTHS £0 SUPPORT 6 MONTHS £0 SUPPORT 6 MONTHS £0 SUPPORT 6 MONTHS £0 SUP… https://t.co/fnuLKu1N6E,fr
jveu être le chat https://t.co/05tJf8QmcT,fr
J’AI EUS MON CODE AVEC 0 FAUTES🥳🥳🥳😭😭😭😭😭!!!!!!!!!!!!!!!!!!!!,fr
Destination 35 ❤🇸🇦 @a7medmaf https://t.co/IHpkleRnAE,fr
"Best Wooyoung’s era, je le redirai jusqu’à ma mort https://t.co/Z8cHTOGxwO",fr
bizarre on m’avait dit qu’il sélectionnait lui même 20 personnes ? https://t.co/Vf9Qd3usYF,fr
Monna MKB gadu 2 months offline ayadu eh debhaki minimum 5months+ he povali la gandu 🤙🔥 https://t.co/OaQksdLZb3 https://t.co/4L7VITiZzy,fr
Loin de moi l’idée d’avoir des pensées impures mais on nous a appris quand même vachement tôt à décalotter pour léc… https://t.co/t1DLxSI6Wx,fr
Une ou deux? https://t.co/0XXSwN5UGu,fr
dorisi https://t.co/gkxxkHww4h,fr
La prochaine fois qu'un mec va me demander un nude je sais quoi envoyé lol https://t.co/p1mXUFOOSB,fr
"Mon pote : Wsh ta eu 0 en chimie

Moi : https://t.co/lFE3wl38HU",fr
il est si doux https://t.co/lcwXLzfLrn,fr
merci mon hamster est fucking mort il est deceder apres une longue nuit de souffrance https://t.co/YbShLiQoqi,fr
C’est drôle de voir que faire des vidéos merdique   avec 0 originalité des titres et des miniatures de merde  et av… https://t.co/bkXgzsax6I,fr
l'homme en costume noir il est trop grrr https://t.co/7Auyfubyh2,fr
On m'a demandé je le fais https://t.co/c9C95UTJEE,fr
j'essaie d'autre brush j'aime bien!!! https://t.co/g9e7tiy4nO,fr
je les aime trop adieu https://t.co/Qfj9qhOcyH,fr
"personne:
mon bleu me qui sourit: https://t.co/hcECJKCpZ0",fr
"Ça coûte 0€ de rt pour aider un artiste 🥺
Et en plus ça fait plaisir et ça réchauffe le cœur 

IG : Leamxkup https://t.co/05rO2P1A5b",fr
#ps4 @PlayStationFR  après quasi 7 ans de bons et loyaux services ne vous quitte et je vais vers un autre horizon.… https://t.co/tWxuGLFolA,fr
"16:12:23
Jour:
T° moyenne: 15,4 °C
T° Max: 24,3 °C à 14:53
T° Min: 10,6 °C à 07:46

Mois:
T° Max: 32,2 °C le 15 sep… https://t.co/J8vOGYRguf",fr
"Dubé veut une appli de traçage. Bien! Un outil de plus dans un coffre qui en contient peu.
Mais expliquez-moi…
Pour… https://t.co/X6UCg31mnm",fr
Du coup je fais quelques essais et je vais tenter une belle illu 👍 https://t.co/NKc8I9LdSL,fr
Benoît Paire de nouveau testé positif au COVID-19 ! Le Français l'a annoncé en conférence de presse. Il a tout de m… https://t.co/piMSk4wzZd,fr
"Pluie:
Jour: 0,0 mm
Q: 0,0 mm/h
1h: 0,0 mm
24h: 0,0 mm
Q max: 0,0 mm/h à 00:00
Dernière pluie: 2020-09-22 01:40
Il… https://t.co/0JrwpuFQPB",fr
Je viens de finir le tome 39 de #Berserk j'avais mis un petit ost elfique et jme suis régaler. Ce tome est juste ma… https://t.co/51X6SrWbT3,fr
"C qd mm marrant paske des que y’a plus l’appel à l’aide international à la commu kpop les résultats changent, rappe… https://t.co/Nl2qCco2GH",fr
Les échanges communicatifs instructifs aléatoire. https://t.co/Da2fiDFHwZ,fr
je sais pas si vous vous rendez compte mais: Sicheng leader 🥺🥺🥺🥺,fr
C’est une fille qui dit ca 0 vanne https://t.co/HDIKYWsLSA,fr
"Pfiou révolutionnaire le PCI 4.0 ! 😍😍😍

Ah non.

RTX 3080, PCI Express 4.0 vs. 3.0 Benchmark https://t.co/P68qkcAhKF",fr
Pour mon monsieur 😌 #Momo  https://t.co/48tm9Gyu6q,fr
"Saint Padre Pio intercède pour nous, prions avec lui aujourd’hui 

Un grand Saint italien avec une vie hors du comm… https://t.co/0c73LPIP57",fr
REGARDER CE QUE J'AI REÇU DE @soleil_lunaire_ POUR MON ANNIF  🥺 https://t.co/9AxA4HZo8k,fr
"Semedo ✅ 30m€ + 10m€
Wagué ✅ (P)
Todibo ⏳
Rafinha ⏳
Rakitic ✅ 1,5m€ + 9m€
Vidal ✅ 0 + 1m€
Suarez ⏳ 0m€ + 4m€ 

Les… https://t.co/yKOBBVEkrb",fr
Mais l’histoire de faire semblant d’aimer des trucs “de garçon” pour plaire aux mecs elle me fume,fr
J'ai envie de quitter les réseaux mais c tarpin addictifs,fr
mais? https://t.co/J3hSbE3sl8,fr
FOLLOW Y MAIN https://t.co/t7dNtEJmly,fr
Au furet ils ont recommandé mon livre du coup jsuis à 27 ventes au total en 2 mois de publication alors que j'ai 0… https://t.co/8YEhrXTOeA,fr
0 montage https://t.co/ySU4ZOUoGh,fr
Donc : j’ai pris 14j d’isolement dès la rentrée. Puis on a fermé 2 terminales (7j). Le nombre de contaminations/cas… https://t.co/ff3OVrJJgI,fr
".•. 𝕁’𝕡𝕣𝕖𝕟𝕕𝕤 𝕝’𝕞𝕒𝕦𝕧𝕒𝕚𝕤 𝕔ô𝕥é 𝕕’𝕝𝕒 𝕧𝕚𝕖 𝕖𝕥 𝕛’𝕝𝕦𝕚 𝕔𝕒𝕤𝕤𝕖 𝕝𝕖𝕤 𝕔ô𝕥𝕖𝕤
𝕋’𝕚𝕟𝕢𝕦𝕚è𝕥𝕖 𝕠𝕟 𝕚𝕣𝕒 𝕧𝕚𝕧𝕣𝕖  𝕦𝕟 𝕛𝕠𝕦𝕣 𝕤𝕦𝕣 𝕝𝕒 𝕔ô𝕥𝕖 𝕠𝕦𝕖𝕤𝕥 .•. https://t.co/htXK8k3ige",fr
"Kai va récupérer ta Jennie là, tu rates wsh https://t.co/G0RqaWy8lX",fr
"#National ⚽️🇫🇷
#Date 25/09/20 à 20:00 ⌚️
↠ BASTIA-BORGO +0,5 AH (vs. Stade Briochin) 
(C) 1.70@ (Pinnacle)
(M) 1%… https://t.co/suBm31UiLZ",fr
"""● calculer l'alchimie des interactions d'un #couple qui ne font jamais 1 + 1 =2. 
Dans un couple fusionnel 1 + 1 =… https://t.co/Y57fRWo3iy",fr
"stan skz ! ( svp juste m’attraper pas ma veste les anti, c mon tweet je met ma fan cam si je veux donc ignorez 💖) https://t.co/PDyM7RCygR",fr
"T°: 23,6 °C. Var T°: +0,7 °C.
Vent: 32,2 km/h SW.
P°: 1009,31 hPa. Var P°: -0,61 hPa/3h.
Pluie jour: 0,0 mm. Pluie… https://t.co/zVXkHY65o6",fr
"Je confierai mes gosses aux 2. Parce que les 2 ont le droit d'enseigner, les 2 ont le droit d'avoir un métier. Avoi… https://t.co/VQQQzc8do0",fr
"Hello
Je cherche des comptes de personnes concernees, ressources, chaînes à suivre, experts  : 
- des différents pe… https://t.co/zeXiaLWT1B",fr
"Co l'argent rend beau.
Donc l'argent de Grand P là c'est faux billets ??",fr
Me voy a m*rir https://t.co/Oc1Cu34UHY,fr
"📺 ISSA NISSA [EPISODE 3]

🚪 A la mi-temps d'@ogcnice - @PSG_inside, @SchneiderlinMo4, Y. Cardinale &amp; Coach Vieira e… https://t.co/Wcx9QtARsI",fr
"Moi : *pleure parce que le personnage principale s'est suicidé*

Les gens avec qui je regardais le documentaire sur… https://t.co/DiqocW1J8o",fr
Sans doute les moments qui me manqueront le plus https://t.co/CBJFrvFtxt,fr
"Tenez : jeu des 7 différences 

(Je vous aide : y’en a 0) https://t.co/V6Yp43eLSG",fr
Oui. Et les femmes de 1950 avaient 0 droit et étaient traités comme de la merde. https://t.co/ZUMutqTQiN,fr
Vivement qu'on puisse y jouer 😌 https://t.co/dYKVL8eZvD,fr
Petit thread sur les différents personnages importants de Blue Lock et leurs parallèles dans le football européen a… https://t.co/WVBiPBfaWz,fr
Le renfort  périmé de la décadence républicaine . https://t.co/4A3QYBtnGE,fr
mon prof de philo qui dit que quand il voit une paire de fesses ou un décolleté il peut pas s’empêcher de fixer à ses élèves 🤙🤙🤙,fr
"Prends le seum sur moi je peut pas join @OfficialXVI_  juste pcq je l'ai win 4-1 overall en sm G4T, 0 vannes il me… https://t.co/gwgkOyhXNx",fr
la main de xuxi fait la taille du visage a jeno presque https://t.co/r9epAphPkR,fr
dernière image c'est pour vous les loulou.tes prc que vous êtes trop des bg/blg et que jvous aime❤️ #BiVisibilityDay https://t.co/8D0Dvbhv9V,fr
Les deux tweets sont aussi stupides ca me bousille https://t.co/vcRd7WVNwq,fr
Cette scène éteint toute les scènes de dragon ball et de boruto 0 vanne. https://t.co/EqYS3lLYpp,fr
"Qui pour me faire passer les 800 ? 
Rt x FAV S'il vous plaît https://t.co/GwFco4G27X",fr
"#National ⚽️🇫🇷
#Date 25/09/20 à 20:00 ⌚️
↠ CRETEIL +0 AH (vs. Annecy) 
(C) 2.03@ (Pinnacle)
(M) 1%

Pour moi le DNB… https://t.co/ySiXU09JVX",fr
"Depuis le 1er janvier 2020, le #COVID19 a touché dans le monde plus de 31 829 949 personnes, soit 0.4073% de la pop… https://t.co/RY0pKGBji5",fr
Excellent 🙏🙏 @Shivani_0102 🌸 https://t.co/MIS4cLeeXN,fr
J’LES AIME VRAIMENT J’SUIS TROP FIÈRE D’EUX ET LEUR DISCOURS ÉTAIT MAGNIFIQUE 🥺https://t.co/EGyWkNfzQC,fr
J’ai envie de faire pareil en vidéo 🤣🤣🤣 https://t.co/XtJtOXCTSx,fr
"Les hommes qui aiment de cette manière la leurs femmes après autant d’années, c’est une des choses que je trouve le… https://t.co/bQdf3ZyVlZ",fr
C la déprime un peu https://t.co/xItzROceKO,fr
je pense qu’a toi🚨🚨🚨🚨🚨 https://t.co/oI9qxohcxO,fr
Tous les brawlers pv 10 😌 https://t.co/orO7coKidW,fr
*moi qui demande une colle en cours.… https://t.co/BEZDv4mD2c,fr
"#JujutsuKaisen : 

-Tome 12 113ème 
-Tome 1 193ème 
-Tome 2 201ème 
-Tomes 3 à 11 entre la 213ème et la 246ème plac… https://t.co/cZQ0JAU9eK",fr
"Idk dessin fait hier, faut pas chercher à comprendre en plus je joue pas vraiment à among us vu que j'ai pas d'amis https://t.co/qZfmE3Utdq",fr
"chie - 0    pau - 1 

@yellowhrj 🤣🤣🤣 https://t.co/a9KxRb6oHM",fr
"quatre mois avec le stérilet en cuivre : 

✨ aucune douleur lors de la pose, 0 douleurs pendant les règles
✨ règles… https://t.co/rCUCww7YwO",fr
"j'avais une heure de cours, j'ouvre snap, Nadia : https://t.co/4EZF7yBmWE",fr
"euh faut les nctzens montrent que leur système de vote à la akb48 ça va pas le faire, on sait que c pour acheter le… https://t.co/9Hc0crqEj8",fr
holiiiiiiis personiiiiis 🤩😜😍😄🤪😘 https://t.co/XOU85FLaJ2,fr
"1.0.0.0 🥳

Merci les gars https://t.co/fiXdl7E2Ow",fr
Je suis heureuse 🙈 #Tzuyu https://t.co/2Btv2wSouS,fr
"A toi, jeune rouquin, de faire -12.5 jeux dans ton match, on compte sur toi Rub'! 

Plie nous ça 2-0 sans bavure, sans tie break.",fr
"Qui a allégé le protocole sanitaire ?

Qui a dit #OnEstPrets ?

Qui a dit que la rentrée scolaire fut joyeuse ?… https://t.co/AnwgEqtp51",fr
"On rt et fav de la musique, des photos où la 3awra et affiché, on insulte, on critique, on se moque, on se rabaisse… https://t.co/wkEGEnRSrU",fr
"🚨 OFFICIEL - @SanjiIand est envoyé en prêt en première division israëlienne, à l'Hapoel Be'er Sheva, jusqu'en 2023. https://t.co/MbIFKITJNy",fr
Votre nouveau personnage d’animé préféré mdrr 🉐🉐❤️ https://t.co/DLavqzsKfK,fr
"Ma mère me fuuume, elle a 0 compassion, l’autre jour je suis tombée dans les escaliers : elle s’est moquée, aujourd… https://t.co/pBPQVt0i2C",fr
J’vois pas pk y’en a que ça choque c’est un pays musulman et l’homosexualités y est interdit donc rien de grave https://t.co/UedAJD8U9x,fr
hopekook les droits sont rendus merci 🤲 https://t.co/y7pApsxHOd,fr
fanart merci à @_shpr https://t.co/dySRrfaYrj,fr
Que pleurer  https://t.co/J1CYn2MWoA,fr
"elle je l’aime trop. chaque fois qu’on parle mal de la rdc, elle defend jamais les mains vides, toujours avec des s… https://t.co/3B3h2HoKAR",fr
Depuis 11h du mat je suis dessus j’ai pris 0 pauses pour me dire j’ai fait 1h25? https://t.co/VIbleRwrpB,fr
Je sais pas pourquoi je rigole quand je vois cette vidéo 😂😂 https://t.co/Rp8WKWR0IC,fr
J'attends mon bus avec le sang 😼 https://t.co/T2ZfHl2wnl,fr
"Luis Henrique n'est pas dans le groupe de Botafogo ce soir, pour affronter Vasco de Gama

via @sidaomarinho… https://t.co/d9fU608L0A",fr
Je le repete j’veux une clique comme ca https://t.co/ngzolkJF4N,fr
C’est réel https://t.co/6ZPcjZoA3s,fr
"Allez noa m'a chauffé, j'vais faire une playlist de classiques des années 2000s (surtout d'la pop)",fr
"LHJMQ | De 1,25 à 0,25 bagarre par match depuis 15 ans https://t.co/PtjLrwvpVx #FM93 https://t.co/fxWGaQwgnF",fr
Bande de gros sacs à merde https://t.co/hpMuAT50Hh,fr
Mbappéricubes https://t.co/GJ0YqVinyO,fr
"Nouveau test du Nymphy's ChocoCake.
200g choconoir + 100g beurre + 40ml café liquide chaud

Je verrais bien le résu… https://t.co/5NzzrBCHry",fr
@CNEWS Ce travail était fait en France depuis plus de 50 ans. Il faut tout reprendre à 0 avec les jeunes Musulmans… https://t.co/YVxGpn8bMt,fr
C'est moi ou ils l'ont changé ? https://t.co/BDHpFTbB6p,fr
Je partage maintenant ma vie (et ma chambre mdr) avec cette petite merveille ❤️ https://t.co/J8wGayKPhW,fr
"#COVIDー19 #veran 
🔴 DERNIÈRE MINUTE
Le ministre de la santé @olivierveran tiendra son point presse hebdomadaire con… https://t.co/1KpBuLkhRh",fr
"Résumé de mon premier ds de maths de l'année :
Oui",fr
Laïcité en France - Touche pas à ma Kippa 0/1 https://t.co/x2BgP7pPTk,fr
Je mets laquelle en pp ?? (RÉPONDEZ SVPP) https://t.co/IUMhl7rW7F,fr
"C'est le moment de voir si on a évoluer depuis la tierlist Doigby 
Ah non en fait chuis toujours personne 🤡 https://t.co/ft7Zie7xw6",fr
"@FaresMathers La photo est retouchée, elle va être comme ça https://t.co/pV7031rPEo",fr
Vous auriez un layout qui irai bien avec cette photo? https://t.co/P0L9h9hPUA,fr
@Areski77 Mélenchon quand il voit que y'a embrouillz https://t.co/SkKXxh0IAy,fr
J'ai trouvé la 103ème touche du clavier de @Pipomantis https://t.co/akFW51s67z,fr
"Article 471061 - Le conseil général statue, sous un mois, sur demande écrite du militaire. Le militaire peut bén... https://t.co/ZpSw7zKU6n",fr
On est en finale !!!! Gg à la @HarmoniaMK pour cette demi-finale que nous remportons 2 à 0 https://t.co/TH4wOsUwaK,fr
"Quand tu laisses ton paquet 0,0001 secondes sur la table en soirée https://t.co/rSo2tP6WhP",fr
Vous saoulez https://t.co/oue6MDbcfn,fr
"#covid19Qc

Pas d'intervention policière dans une résidence privée

Aruda 0 Guilbeault 1
À la mi-temps

Ce n'est pa… https://t.co/41po7YlH3O",fr
J'ai eu le courage de le couper...1kg080...magnifique et RÉELLEMENT délicieux....😋 https://t.co/dD0He8f4rm,fr
"faut absolument quon leur donne un 2e win je veux les revoir heureux comme ca 🥺 regardez les #BackDoor1stWin
 https://t.co/s730TcSEei",fr
on fais comment pour grandir ? 😭 0 vannes j'en ai marre d'être toute petite,fr
Un histoire en 3 étapes: https://t.co/ETWk9GmNDX,fr
Tu prends en photo mais tu recopies jamais https://t.co/zXFSOKU4aF,fr
PTDRRRR quel enchaînement https://t.co/QSUxjiaYlr,fr
Jai tenu jusqu’à la 10eme seconde et vous ?? https://t.co/2hCMCx8Tvk,fr
@RothenJerome @T0kenT0ken @RMCsport Ne l’oublie pas @RothenJerome. https://t.co/ErbC93rryv,fr
MERCIIIIIIIIIIII https://t.co/4SdUHzuUfX,fr
j’ai envie d’activer d’autre notifs mais jsp de qui 🚶‍♀️,fr
euh??? pourquoi j'arrive pas à regarder? https://t.co/eNDsFeQ713,fr
Gg a @zkywh60hz que je 5-0 a la manette merci pour les clip va train btw,fr
"생일축하해!

What’s your Korean age? https://t.co/KrWdF6vBxO https://t.co/Lg21NnkrjU",ko
이 빨강머리 신인 가수 누구야? https://t.co/9fBkPfQ5Ih https://t.co/TAm9fJcxt0,ko
한글 트위터 http://t.co/pv9EhPT,ko
나지금밥머거2시간걸어서 번화가찾았어..ㅜㅜ 잉ㅜㅜ  헐 ㅠㅠ 얼른 호텔들 가ᅲᅲ 엄청피건할첸데 나는인낫러요 나 두시출근이다ㅎㅎㅎㅎ 퀵으로 한대서 두시까지 오래 ㅋㅋㅋㅋ,ko
ㅎㅎㅎㅎ오좋겠네  잘 잤어??ᄏᄏᄏᄏᄏ,ko
ㅋㄱㅋㄱㄱㄱㄱ아니 자지도 못했어 진짜 피시방에서 30분? 네가 좋아하는 돈 가 쭈 머거  잉 나도 줘... 내 돈가스...,ko
ㅋㄱㄱㄱㄱㄱ맛있어 고로케도존맛탱  사진 찍었어....???,ko
ㅋㄱㄱㄱㅋ 먼사진?  돈 따스!!!!!!!!!!,ko
학생이면좋구!  훔 학생 없는데... 주변에...,ko
왜 혼자 다니냐고 오.....  아니 복학하고 학교를 못 가는데 어떻게 친구가 있냐..,ko
근데오빠는말을또 잘해서 내가화내다보면결국내잘못 답답해진짱ㅋㅋ  그럴 때 억울하지 짖자 오빠도 오늘 회식이야?,ko
아니 오빠는친구들이랑 노는중ㅋㅋ  아,ko
ㅋㅋㅋㅋ너뮤하지않니 그냥 돗자리 하나사겟어  디자인도 다이소같이 아 다이소가 자 사람이름 나 떨어 려 키보드 고쳐야 하는데.... 떨어 려 어쩌지 하 정말 투스 북아,ko
오늘 가는 거니 근데 키보드는 뭐가 문제니  응응 내일 가려고 했믐데,ko
사람이름 ㅇㄷ야  나 지금 차,ko
전화 안 되지? 아아  전화해도 된,ko
괜찮아??  전화해도됭 응응,ko
가족들 있는데  갠 차 낭ㅋㅋㅋ,ko
그래그래 지금 할게  흠..ㅋㅋㅋㅋㅋㅋ 근데 진짜 난 정말 이해 못 하겠다 나도 웬만하면 이해하려고 이해해 주려고 노력해왔는데 더 이상은 아닌 것 같아 걔가 생각하는 이해랑 너랑 내가 생각하는 이해라는 의미가 너무 다른 거 같아서ㅠ 모르겠다 이제,ko
사람이름과 오빠한테 군대에 있는 친구한테 생일선물 보내줄 수 있는 방법 있냐고 물어봐달라는데...  그냥 소포로 보내면 돼ㅋㅋ 뭐 보낸대? ᄏᄏᄏ 힘들구먼...,ko
흠 그냥 생일선물이라고 하는데 코로나인데 외부 물건 안에 넣어주나요?  물건에 따라 다를 걸 나 있을 때는 택배는 가능했어 거기서 아마 검사할 거야 사람이름이 친구가 계급이 높지 않다면,ko
흠 그런 건 아닌 것 같아ᄏᄏ 그냥 불쌍해서 해주고 싶다는 뎅  ㅋㅋㅋㅋ 허허...,ko
아니 주사 맞고 저기에 태워져서 계속 토함  헉 그렇구나,ko
같이 갈 인간 내 주변 단 한망도 없을 거 같아  혼자 가면 안 돼?!,ko
그럼 죽을 거 같아 재미도 없고  이런! 언젠간 같이 가줄 사람 만날 거야,ko
영하 이십 도에 그냥 자  오마이갓 아무것도 없이? 웃겨,ko
잘했네 뭐라도 먹어서 다행이다 안 먹었으면 어떡하나 걱정했는데  난 밥 먹어,ko
지금??? 밥 먹는다고???  아니 알아서 먹는다고,ko
아 엉 조금이라도 꼬박꼬박 챙겨 먹어 사람이름이 아픈 거 싫어  왜 안 자?,ko
오늘은 잠이 안 오네 어젠 엄청 졸리더구먼 사람이름이는?  자야지,ko
사람이름 갯가 또 왔다  앗 사람이름 손에 녹아 여럿 나 사람이름한테 안 오낭 귀욥나,ko
웃겨ㅋㅋㅋㅋㅋㅋㅋㅋㅋㅋㅋㅋㅋㅋㅋㅋㅋㅋㅋㅋㅋㅋㅋㅋㅋㅋㅋㅋㅋㅋㅋㅋㅋ  그치않아?ㅋㅋ,ko
너 대화법은 진짜 답이 없다 보낼 테니까 그딴 말 한마디도 더 하지 말고 연락하지 말자  대화법? 너나 돌아봐 내가 왜 이렇게 됐는지 네가 어제 어땠는지 내 인생 내 주말 다 망쳐놓고 뭐 그리 뻔뻔해 아직까지도 정신 못 차린 거야 뭐를 얼마나 잘못했는지 이제는 깨우치지도 못할 정도로 네가 나빠진 거야 내 말 중에 틀린 말이 하나라도 있는지 내가 이렇게 말할 때까지 넌 뭐 했는지 말해봐 넌 이 순간에도 너 잘못을 못 보고 너 기분만 보고 있어 그게 내가 이딴 존재밖에 안 된다는 거야 그니까 힘든척하지 마 이딴 식으로 또 도망가고 무시하는 거면 네가 정말 죽을 만큼 연락하길 바라고 만나길 바랄 때는 절대 죽어도 안 그럴 거야,ko
왜 그래 너? 그렇게 억울해? 나를 만나고 나하고 헤어지는 게? 뭔 대답을 하려 하면 계속 뭐라 하네  왜 그러냐고? 그렇게 억울하냐고? 진짜 몰라서 묻냐 아니면 또 속 긁으려고 물어보는 거냐,ko
말 좀 쉬면서 해 대답을 못 하겠으니까  지금까지도 그냥 넌 가볍게 말하네 진짜 너무 화난다,ko
ㅋㅋㅋㅋㅋ  진짜 장난 아니지 않나 군더더기 없고 캬....,ko
우리가 예배를 지키면 그 예배가 우리를 지킨다  캬,ko
한 판 뒤집기 아주머니 혼자 앉아계시네요. 사람이름네 집 앞에 사람이름 자전거 가지러 가다가 봤어요. 저녁 드셨어요?  아 그래요? 오늘 문 열었네요 아직 안 먹었고 지금 밥 하구 있어요,ko
노은 동맥 주집도 요  저녁 먹었어요? 다들 안 쉬고 문 여네,ko
게 대충 ㅋ 사람이 음랑 점심 안 먹어서  사람이름 아빠랑 휴지 사러 노 브랜드 가고 있어요. 필요한 거 있어요?  피죤이 없네요 ㅋ,ko
네  오늘기도 모시러 갈 수 있어요?,ko
사람이름 이제 잠들었어요. 몇 시쯤 가시나요.  12시쯤 가려고요,ko
여기까지 와주실 수 있어요? ㅜ  네 그럼요. 갈게요,ko
준비하고 있을게요.  지금 출발할게요,ko
사람이름 공부 잘되는 중?  ㅋㅋㅋㅋㅋㅋㅋㅋㅋㅋㅋㅋㅋㅋㅋㅋㅋㅋ 사람이름이래 사람이름 언니 만났뎌 ㅋㅋㅋㅋㅋㅋㅋㅋㅋ 둘 다 정말 왜 그랭!,ko
밖에 엄청 덥네  그치 오늘 걸어올 생각 1도 안 해쑤다 카페도 더워요?,ko
카페는 추워요 ㅋㅋㅋㅋㅋㅋㅋㅋ오늘도 커피 마셨나요?  노우 음료 마셔 또 오빠 밥은 응!,ko
올 크리스마스는  나 예전에 가봤는데,ko
너 혹시 사람이름라 감?  어,ko
크리스마스 때?  어떻게 암 크리스마스 아님,ko
에잇 그냥 찍어봄  ㅋㅋㅋㅋㅋㅋㅋㅋㅋㅋ 히힝,ko
아 아니야 클쓰마쓰가아니라 암튼 그날 내 친구가 만화방 가서 유영호 보고  만화방개쩔탱,ko
끼치지 선물이라 엄청 잘 쓴 등  다행이야.. 맨날 올라가 잇는 거 같아,ko
ㅋㅋㅋ 마장  야옹이는 잘 안 올라가지?,ko
웅 애옥이는 오려줘야 있어  저번에 떨어졌던 거트 라우 마가 컸나,ko
ㅋㅋㅋㅋㅋㅋㅋㅋㅋㅋㅋ 그런가 우당탕했어  만약 자고 있다가 그랬으면 진짜 충격이지..,ko
뭐가 또 노여 ㅡㅡ 오락가락하냐?  난 결혼을 포기한 남자 ㅇㅋ?,ko
풋 한다며 언제는  야,ko
뭔데  연상 형들 ㅠㅠ,ko
왴ㅋㅋㅋㅋㅋㅋ 누구 와이  와 오히려 30대 초반 사람들이 연애를 꺼려 하네,ko
내 오리발한테 왜구래 치마 입을라다가 아무리 생각해도 불편해서 입지 못했다  굳 근데 신발 볼수록 개웃기더,ko
너 만날 땐 안 신어 ㅎ  글엔 맘대룽,ko
흥이다 흥이여 애들 안 와서 기다린다  혼자 있어?,ko
넌 이름 마음에 들어?  음 뭔가 사람이름일 때의 삶과 지금의 삶이 확연히 구분이 되는 느낌이야 뭔가 테가 뜨는 잉크처럼 헤릭,ko
아 진짜? 어땠는데?  음 뭔가 개명 전 이름일 때는 약간 거센?? 느낌이었던 것 같아 약간 무뚝뚝...?? 지금은 덜 무뚝뚝??,ko
아 진짜? 네가 거새다니 나중에 타임머신이 생기면 꼭 널 보러 갈게  그냥 느낌이 그랬던 것 같아!!,ko
딸 바쁘니?  그냥 그래요,ko
치즈 먹니?  할 건 많지만 바쁘지는 않은 상태 치즈 안 먹어요,ko
왜냐면 치즈 세일이라  유제품을 안 먹을라고요 좀 몸에 안 맞는 거가 타서...,ko
아주 싸서 사 가려고  음... 집에서 머가 용 저는 치즈 안조 아해요,ko
그럼 둘이서 14개 씰 나눠서 하면 될 것 같은데 어우 나 좀 걸어야 할 것 같음  ㅋㅋㅋㅋㅋ 응응 아니 우리가 카톡을 얼마나 했는지 알게 됨 사촌이 여자친구랑,ko
46만 개 정도 나오던데  4년 동안 한 게 35개 나오는데 우리는 이제 막 일 년 넘었는데 28개ㅋㅋㅋㅋㅋㅋㅋ,ko
??  개그 건 아니다,ko
우리가 많이 한 거 아니야?  그렇지,ko
나 지금 룸메 동생한테 사주 보는 법 아까 알려줬거든 원래 사주 안 믿는 앤데  잼 따지 제,ko
읽고 소름이 돋아가지고 즈그 엄마랑 전화하고 옴  미쳤나 귀 엄청 얇아 안믿는거맞냐곸ㅋㅋㅋㅋㅋㅋㅋㅋㅋㅋㅋㅋㅋㅋㅋㅋㅋㅋㅋㅋ,ko
모든 게 맞다면서  아 엄청 웃기네,ko
근데 지금 잠 오고 배고파ㅠㅠ  흐엉 ㅠㅠㅠ 진짜 잠 오는 건 ㅇㅈ,ko
죽겠어요  눈이 감겨 ㅠㅠㅠ,ko
진짜 푹 자고 싶다ㅠㅠ  학교야ㅠㅠㅠ 나도.. 하,ko
와 진짜 누워서 자고 싶다  내 말이 하 진짜,ko
알쏭  보고 싶어 사람이름,ko
우웅 낼 보장!!! 이하 사랑해ㅠ  큰일이다 벌써 30분 남았다,ko
자기야  너네 어머니가 무서워서 오늘만 참는다,ko
나 이제 방왔다  응 나는 일하는 중인데 9시부터 계속 바쁘네,ko
그렇구나ㅠㅠ 나 이제 자려고  왜 이제 자 ??,ko
놀다 졸다 하나가  웅 늦었어 얼른 코자,ko
웅 사랑해  나도 사랑해,ko
오빠 먹고 싶은 거 있어? 편의점에서!!  아니 없어 ㅎㅎ,ko
아놔 진짜로 말해 사갈게  음 모르겠어,ko
참고로 나 엽떡 만들 거야 레시피 하나 찾은 거 있어서  ㅋㅋ그럼 그거 같이 먹을게.,ko
사람이름 안 피곤해?  나 피곤하지ㅣ 허니 한시에 차례 지낸다더니 늦었네요 흑,ko
마자 ㅜㅠ 이것저것 준비한다고 사람이름 졸리겠다 ㅜ  나 졸려ㅕ,ko
반니 자요 자기야 헤헤 오늘 사람이름과 먼저 잔당  그래도 허니랑 카톡 하려고 안 자고 있었다고 흑,ko
사람이름ㅎㅎ  미쳤나 봐 누구랑 비교해......,ko
자기야 아아아 아자?  아 네....,ko
ㅎ 사람 만나고 있어요? 난 그냥 내용의 질과는 별개로 어제오늘이 최근 들어오라 방이랑 젤 많이 카톡 한 것 같아서 좋아 성  그런가 우리가 톡 많이 했었나?,ko
다 자기 잘못니다 이런 얘기 듣고  미련 덩어리 군,ko
술 홀짝홀짝하는 중이야 허허  후회해 봤자,ko
진짜로  소용없는 걸,ko
내가 여기서 잡아봤자 쟨 또 나한테 돈 안 쓰고 내가 잡은 거니까  맞아,ko
악순환임  하,ko
야 갑자기 딱 정떨어짐  그래...,ko
남자들 다 똑같아  맞아 초등학생이나 어른이나 근데 얜 왜 나한테 왜!!!! 아쉬운게앖냐고,ko
ㅋㅋㅋㅋㅋㅋㅋㅋㅋㅋㅋㅋㅋㅋ 없지없지ㅡㅡ  어휴,ko
?!  나 그냥있옹!!,ko
좀 쉬어 피곤할 텐데 ㅠ  시론 ㅠㅠ 나는 하나도 안 피곤해 바부야ㅠㅠ,ko
ㅎㅎㅎㅎ사랑해에   ㅎㅎㅎㅎ조만간 얼른 사람이름이 정장 맞추러 가장 제일 멋있는고 ㅎㅎ헤헤헤,ko
그래 구래요  ㅎㅎㅎ사람이름 날씨 완전 구름짱만 엉,ko
누가 봐도 꼬리가 두 짝이 낙  ?????????? 그러네,ko
ㅠ  엉덩이네 ?!?!????!!!,ko
더러웟  와 몰랐어요,ko
ㅋㅋㅋㅋㅋㅋㅋㅋㅋㅋㅋㅋㅋㅋㅋ  제 눈에는 그렇게 안 보이는데,ko
아 뭐 눈에는 뭐만 보인다 말하려고? 2번 멕이네  어떻게 알았지 ...,ko
응 울퉁불퉁..  살빼야지...ㅠㅠㅠ 효소 먹고 아랫배 불편한 거라도 좀 없어졌으면 나 이제 밥 아깝다고 다 안 먹고 남기고 그래 요새,ko
먹기 시작했음? ㅋㅋㅋㅋㅋㅋㅋㅋㅋㅋㅋㅋ  요새라기엔 얼마 안 됐지만,ko
밥이 왜 아까워.. 난 그런지 오래다..  항상 아까워서 다 먹었거든 뭐든지 나 음식 남기는 거 진짜 싫어해서,ko
나도 엄마한테 그렇게 배우고 커서 그랬는데 예 저녁에 포기함  엄마한테 언제 그렇게 배웠냐,ko
엄마가 음식 남기지 말랬야  엄마는 항상 남기라 했지,ko
이사진읒 터프사에 있을 때 본 거다 ㅎㅎㅎ  마져마져,ko
이때 너무 이뻤을  꺄흑,ko
이따가 저녁에 아무 때나 파크자이에 마스크 받으러 갓다와줄수있엌ㅋㅋㅋㅋㅋㅋㅋㅋ? ....... 불가능할 것 같음 다른 사람한테 넘기기  파크자이면 여기 뒤이긴 한데 몇 시? 시간이 중요하지,ko
몰라 오빠한테 맞춰야지 그거 눈 문고리 드림이라서 문고리에 걸어놔쥰댕  그럼 지금 갔다 오는 게 날 거 같긴 한데,ko
지금?  자기 잠깐,ko
아님이 따 배달 가는 길에 갖다줘듀대  갖고 오는 거지?,ko
우웅 근데 아직 안 읽고 있네 0   옹옹 얘기되면 말해죠,ko
내가 욕을 하고 반말을 하고 이래도 그냥 귀엽게 봐 ㅋㅅㅋㅅㅋㅅㅋㅋ  ㅁㅅㅋㅅㅅㅋㅋㅅㅋ 언니,ko
근데 친구들한테 아니 그 절친한테 헤어진 얘기 했을 때 반응 어땠어 나도 좀 얘기하고 싶은데 나 그 무리 중엔 고등학생 때부터 사귄 애도 있는데 왜 이렇게 말을 못 꺼내겠지  나 그냥 한 명한테 말한 거임 그럴 줄 알았다는 반응,ko
그래? 그냥 남자친구 만난다고?  웅,ko
주소 이거 복사하세요 URL  올 ㅋㅋㅋ 또 어디서 누가 보내준 거 올려줬네,ko
내가 쓴 건 디  그렇담 감동,ko
눈 안 보인대서 특별히 쳐준다  렌즈 다시 끼고 왔어요 ㅋㅋㅋ,ko
ㅋㅋㅋㅋㅋㅋㅋㅋㅋㅋㅋ이제 다시 보이냐  네 ㅋㅋ 방금 꺼 놓침 주는 김에 저것도 마저 주세요 ㅋㅋㅋ,ko
나도 뒤에 건 놓침ㅋㅋㅋㅋㅋㅋㅋㅋㅋㅋㅋㅋㅋㅋㅋㅋㅋㅋㅋㅋㅋㅋㅋ  조졌네,ko
사람이름의 오늘 하루 시작 브이로그 찍자  와,ko
삼송동 마트 물가는?!  오늘은 즐거운 화요일 아침... 아니라 오후랍니다,ko
ㅋㅋㅋㅋㅋㅋㅋㅋㅋㅋㅋㅋㅋㅋㅋㅋ ㅋㅋㅋㅋㅋㅋㅋㅋㅋㅋㅋㅋㅋㅋㅋ오 조은 멘트다  일어나자마자 엄마의 전화에 장 보러 가기로 했어요,ko
ㅋㅋㅋㅋㅋㅋㅋㅋㅋㅋㅋㅋㅋ귀여워  걸어가는 중,ko
터벅터벅 하늘 한번 찍어주고  와 가다가 오리 친구를 만났어요!,ko
나 지금 가자미구이 먹어! 어제저녁에도 먹었어!  헐.. 진심 소름,ko
엄청나!!  살려줘,ko
졸리다  퇴근 주무시나,ko
안 주무셔! 방금 커튼 떼고 커피타왓져 가는 중이신가 통화하까? 여윾시 끊겼군 와파 잘 뜨고 있는데 뭔 일이람 그래 소 이제 얼른 손 씻고 발 씻고 밥 준비하고  듣는다,ko
올..잘햇져 나는 짐 속에서 책을 꺼내왔지 아주 힘든 해체작업이었어 하지만 정리는  지옥이군,ko
지금 널브러져놨는데 이따 해야지  윽.. 더럽게 어렵네,ko
그냥 맴편히 들어요 막 다 이해해야지 외워야지 하면 하기 싫어져  맞아맞아 편하게 듣는 중,ko
여보 하이!  일어났어 여보!?,ko
엄마랑 망원동 가기로 했는데 비 와서 엄마 귀참ㅎ아허는거같아서.. 그냥 동네에 카페 가기루햇더... 울 엄마 자기 같아!!! 흥  아니야!!!!!! 나는 하나도 안귀차나!! 여보!! 여보 가정분양포메 엄청 싸졋당!,ko
아 뭔데!!!!! 딱 봐도 못생긴 애다!!!! 얼굴이 왜 저리 큰데! 2개월 된 포에 맞나!!!  왜 귀여운 댕 자갸 아까 그 사이트에 가입 안 해도 대니까 포에 치면 가정 분양 애들 많이 나와!!,ko
너무 무섭니??ㅋㅋㅋㅋㅋㅋ  ㅋㅋㅋㅋㅋㅋㅋㅋㅋㅋㅋㅋㅋㅋㅋㅋㅋㅋㅋㅋㅋㅋㅋㅋㅋㅋㅋㅋㅋ 야 그만해 ㅋㅋㅋㅋㅋ 소오 오름이야,ko
소름 돋아 내가 말하면서도  정화니는 박제 안 하니,ko
아 정화니는 극세 사이 부리랑 같이 ㅋㅋㅋㅋㅋㅋㅋㅋㅋㅋㅋㅋㅋ 팔베개 모드로 나랑 마주 보고  항상 한쪽 팔이 ㄸ뻗어 잇는 거니,ko
응 그 버스에서처럼  무섭다 무서워,ko
오늘 사람이름과  웅,ko
사람이름이 보여줌  ㅋㅋㅋ 아 웃겨 웬일로 크ㅋㅋㅋㅋㅋ,ko
진짜 웃곀ㅋㅋ  사람이름과 드디어 새로운 사람을 데려온 더구나 아웃겨랔ㅋㅋㅋㅋㅋㅋㅋㅋㅋㅋㅋㅋㅋ,ko
ㅋㅋㅋㅋ  사람이름이랑 사람이름 사람이름해서 같이 만났어?,ko
저거 두 마리 물려서 병원 대려 갓 잡나  그리고 작았어 아직 피 빨아먹기 전인 것 같았는데 윙윙,ko
그냥 손으로 때면 몸통이랑 분리돼서  저런 거는 좀 알아서 안 태어났으면 좋겠다,ko
강쥐들 피부에 드간 대  병원 가야지 ㅠㅠㅠㅠㅠㅠ,ko
계속 누워계셔 밥도 잘 못 드시고  아이구흐규ㅠ,ko
편도가 부 우셨어  사람이름과 잘 돌봐두려라 헉 약 받아오셨어? 흐규ㅠ,ko
뱐아오셔써  약 먹고 푹 쉬셔야겠다... 흑 사람이 음랑 사람이름과 잘 돌봐드려야지!!,ko
네 인스타 구경하는 둥인데 재밌네ᄒᄒᄒᄒ  ㅋㅋㅋㅋㅋㅋㅋ앜ㅋㅋㅋ 숨긴 게 더 많은데 ㅠ,ko
ㅋㅋㅋㅋ몇년치 숨겼다 이가 아 나도 숨김 기능 알면 숨겼을 건데ᅮᅮᅲ  맞다,ko
모르고 다 지워가 거ᅲᅲᅲ  숨기다가 너무 힘들어서 포깈ㅋㅋ,ko
16봉지 18800원에 산ㅋ 역대급 최저가ㅋ  키키,ko
오 맛있겠다 ㅜㅜ 운전 중  맛있어 사람이름이 잘 먹네ᄏ 오빠 오면 많이 해줄게 이 운전 조심해,ko
응ㅋ 일도 지구 콜 대기 중ㅋ  차는 어딨어?,ko
김녕ㅋ 내일 가지러 가든지 해야지 오늘 그냥 시내 콜 부지런히 띠어 사주 편의점서 간단히 베지밀에 햄버거 먹어ㅋ  할 밥 안 먹고?ㅜㅜ,ko
불금이라서  밥 잘 챙겨 먹어 밤늦게까지 일하는데ㅜㅜ,ko
시간이 금이 쥬  속상하게 휴,ko
토요일 뭐해? 다들?  ㅎㅎㅎ 굿모닝 이 시간 카톡 놀람 ㅋㅋㅋ,ko
히히  나는 점심 약속이 있고 사람이름은 프리해 ㅠㅠ,ko
사람이름이 가 예전에  말했던 도예? 그거 해볼까 하고. 그거 하고  점심 먹고 하면  좋을 것 같아서  응 좋지 나는 못 가지만 하게 되면 사람이름도 껴줘,ko
ㅋㅋ  그럼  쌩유,ko
일단 사람이름이 스케줄을 모르니 잠시 기다려보자ᄏᄏ  응 동생 이 아침에 뭐 해?,ko
언니 ㅋ  몇 시에 일어난 거야?,ko
공부하다가..   머리 안 들어와서 ㅋㅋ  주경야독 ㅋㅋㅋ,ko
눈이 따끔거려... 눈물이 나... 너만 생각하면 나.. 맘이 덜컹.. 몰래 훌쩍... 혼자만 아픈 내 짝사랑...  뭐야? 짝사랑 중이여?,ko
나 너무 슬퍼  왜지요,ko
어제 울어떠.. 또르르 또르르  모냐고,ko
ㅠㅠㅋㅋㅋ근데 나도 아까 유리그릇 떨궜는 게 체중계 위로 떨어져서 헉함  이렇게 위험하다 살림,ko
엌ㅋㅋㅋㅋㅋㅋㅋㅋ  유우키 형 동네 백수였는데 살인자로 잡혀갔느냐 ㅠㅠ 선량한 백수인데요,ko
ㅋㅋㅋㅋ앜ㅋㅋㅋ 뭔 얘긴가 함ㅋㅋ 애니? ㅋㅋㅋ ㅠㅠㅋㅋㅋㅇㅇㅋㅋㅋㅋㅋ 잡혀갔지  응 저 선생님이 범인인가 범인 유키 형 아니었는데,ko
영 선생님이었던 거 같지 물론 기억은 잘 안남  ㅋㅋㅋㅋ,ko
운동 또 실패  갠춘!할날은많아,ko
겨울이 오고 있어  겨울 이미 왔어!,ko
그니까 추워서 자주 할 수가 없어  어차피 실내인걸!,ko
걸어가야 하니깐!  지하주차장 공사 끝나서 지하로 다닐 거야ㅋ,ko
명함이 다 같은 명함이 지 있어 보이고 없어 보이고 그런 게 어딨어!!  나한텐.. 정말 뜻깊단 말이야... 내가 이거 얻을라고 그 몇개으ㅓㄹ동아누얾나 고생했는데..,ko
그렇네.. 축하해 어머니 아버지도 드리고  서운할 뻔했어 얼마나 나는 뭔가 뭐랄까 뭐라 하지 좀 좋아!,ko
나도 그 뜻깊은 거 제일 먼저 받고 싶었어 늦어질 걸 아니까 사진으로 달랬던 걱ㅎ  내가 그것도 모르고 내 생각만 했네에 예에.. 미안해 느ㅡㄴ 조금 버티면 그게 더 크게 와닿을 줄 알고.. 공주 먼저 보여줄걸 후회돼,ko
아냐 서로 입장이 달랐던 가징  이해해 줘서 고마워.,ko
무슨 얘기 해 떠?  그냥 일상 얘기! 근데 진짜 말이 통하니까 오랜만에 만나도 어제만난것같아ㅋㅋ,ko
둘이서 또 수다 떨었소? ᄏᄏᄏᄂᄀᄏᄏ 재밌었구낭  냐 진짜수다떨었다ㅋㄱㄱㅋ,ko
ㅋㅋㅋㅋㅋㅋㅋㅋ즐거운사람이름  즐거운 사람이름!,ko
일본 가정식은  집돌착했댜 시오!,ko
거기 닭밥 맛있소  닭밥ㅋㄱㅋㅋ 어감웃겨ㅋㄱㅋ 야키도리,ko
아하.....  카페는 진짜 찐했어,ko
도착했어요!  용 맞아요 재밌게 놀어요,ko
좀만 쉬기로 했소  보 바보 친구 만나니까,ko
사람이름은 바보에 오  아주 좋아?,ko
둘 다 저녁 뭐 먹지 술 뭐 먹지 하면서  오랜만이에요,ko
말없이 소미 보는 중이야  ㅋㅋㅋㅋ,ko
ㅋㅋㅋㅋㅋㅋㅋㅋㅋㅋㅋㅋㅋㅋㅋㅋㅋ  집 좋아 ???,ko
엄마가 사 와서  엄마 멋져 딸내미 먹으라고 사 오시고,ko
남자들도 노는 무리가 있잖아 거기에 인원이 홀수여도 다들 소외감 없이 잘 놀아?  냐 홀짝 이런 거 신경 안 쓰는데.. 여자들은 신경 쓰이나?,ko
냐 5명이서 놀면 꼭 한 명이 남거든  오잉,ko
그 한 명은 소외감을 느껴 ㅋㅋㅋㅋㅋㅋㅋㅋㅋㅋㅋ 이해 안 가는 남자 ㅋㅋㅋㅋㅋㅋㅋ  23 이렇게 놀면 되지 않아? 이건진짜이해못하겠더ㅋㄱㅋㅋ,ko
아니야 늘 둘둘 하나 이렇게 남아  신기해 그럼 홀수로는 안 만나?,ko
ㅋㅋㅋㅋㅋㅋㅋㅋㅋㅋㅋ  한 끼 먹으라 래,ko
청소했다고? 아하  ㅋㅋㅋㅋㅋㅋㅋㅋㅋ,ko
ㅋㅋㅋㅋㅋㅋㅋㅋ  돈 못 벌어서 이거밖에 못 준대 그래서,ko
밍 ㅋㅋㅋㅋ 웅  오 생일선물도 안 줬는데ㅔ 무슨 일이야,ko
진짜 ㅋㅋㅋㅋㅋㅋㅋㅋㅋ  했더니 자기가 주지 않앗녜 곧 생일이 오거든 기대하고 있다고,ko
꿈에서 너랑 놀았는데 네가 자꾸 모르는 이상한 여자 챙겨서 너랑은 아는 사인데 나랑은 모르는 사이인 여자를 자꾸 챙겨서 화가 났어 ㅡㅡ  난 도세요 끝나고 집 가는 길,ko
사과해  엥 제가여?,ko
네 뭐하니  갑자기 이모부 만나서 이모부랑 밥 먹고 왔을,ko
야 인마 말을 해야지  뭔가 갑작스럽게 만나게 돼서 어른이랑 얘기하는데 폰 하기 점 그래서 폰 한반도 안까냄ㅋㅋㅋ,ko
헤헤 아직 안 자유  헤헤 뭐 하나 내가,ko
네이버에 나왔뎌요 첫 스티커 ㅋㅋㅋㅋㅋ  신기해 저거는 카톡에서도 쓸수릿어?,ko
아뉴 .. 저건 네이버에서만 그래서 안좋쥬 ㅜㅜㅜ 블로그 쓰는 사람들이 사는 거야!!  아.. 블로그ㅠㅠㅠㅠㅠㅠㅠ 맴 아파,ko
어제 그거 다 해놓고 잤어! 휴... 겨우 다 했어  ㅋㅋㅋㅋ 수고 많았네잉 그럼 과제는 이제 없는 경??,ko
ㅋㅋㅋㅋㅋㅋㅋㅋㅋㅋ 알겠습니다! 휴 운동 가야지...  sk,ko
그니까 짜증 나서 못 해먹겠어  ㅜㅜ 그냥 고등학교 졸업하고 공시 준비나 할걸,ko
ㅋㅋㅋㅋㅋㅋㅋㅋㅋㅋㅋㅋㅋ 리얼ㅋㅋㅋㅋㅋㅋㅋㅋㅋㅋㅋ ㅋㅋㅋㅋㅋㅋㅋㅋㅋㅋㅋㅋㅋ ㅠㅠㅠㅠㅠㅠ 대학교가 수 괜히ㅔ돈이나버리고ㅠㅠ  얻어 가는데 없었다...,ko
웅 운전 중 들어가서 보고할게 융  알쯍 조심운전,ko
구름옴청 이쁘네 오늘은 그럼 끝나고 바루 들어 강?  오늘 날씨 쩌렁 웅 오늘 바로 들어갈 거양 칼퇴 해야 디오,ko
위법도 많이 한다 하고 원래 못하는 업무인데 시키고  으..,ko
그래서 전 서울에서 배정받고 부산으로 옮겨야죠 ㅋㅋ 옮기면 행정 쪽으로 빠진다는 이야기가 있어요 어디까지나 들은 이야기이지만..  꿀 빠세요!!! 공익 허면서 자기 계발하면..,ko
공익 화면 수능 두 번도 보는데 그래서 전 공익 허면서 편입 준비하려 했죠 근데 올해부터 넣으려고 하니..  준비는 빠를수록 좋아요! 지금 바로 공익 가실 거 아니면 2학년 끝나고 가요.,ko
내년에 공익 못 가면..  엥 못 갈 수도 있어요?,ko
창피 신청이 12월에 있어서 3번 떨어지면 면제  왜 떨어져요?,ko
1시 예상하는데 먼저 퇴근하셔도 됩니다 ㅋㅋㅋㅋㅋㅋㅋㅋㅋㅋㅋㅋㅋ  저요? 조금 더 귀찮게 앵글 건대요,ko
레드 카펫 깔아주잖아  귀찮음 환영 ㅋㅋㅋㅋㅋㅋㅋ 으으,ko
너를 위해 ㅋㅋㅋㅋㅋ  포토존 어디죠?,ko
아빠가 사주면 뭐해 잘린 거 말할 텐데  ᄏᄏᄏᄏᄏ 풋,ko
몇 번 했냐  ㅋㅋㅋㅋㅋㅋㅋㅋㅋㅋㅋㅋㅋㅋㅋㅋㅋ,ko
100번 한 드세 듯  ㅋㅋㅋㅋㅋㅋㅋ ㅋㅋㅋㅋㅋㅋㅋㅋㅋ 아니 이번엔 진짜 달라 일단 제일,ko
왜  달라진 점,ko
어떻게 달라  오늘 물론 아홉시부터 열시까지 1분 간격으로 알람 울리긴 했는데 열시에 일어나서,ko
ㅋㅋ  바오로 책상에 앉았어 양치만 하고 밥 안 먹고 그러고 법총론 다하니까,ko
ㅋㅋㅋㅋ근데 사람이름 안니 기분좋으신거깉네 오늘 응 남자친구랑 화해하셨나  안싸운걸수도있지ㅋㅋ,ko
ㅋㅋㅋㅋㅋ그럴수도잇쥬 흠.. 근데 싸울 가능성 90프로였지 앎..  그러긴 했지 ㅋㅋㅋ,ko
사! 랑! 해애 애애 애액 빼애애애새아애새애어액 얼른 쉬어요 오늘 아르바이트하느라 고생했기  내가 알아서 해요 얼른 자자 빠이,ko
내일 일어나면 연락할게 사랑한다  그러든가요,ko
사랑한다고  알겠다고,ko
사랑한다니까?  알겠다니까?,ko
아니 내가 너 사랑한다고  나도 사랑해 많이,ko
뽀에...  뽀엔...,ko
뿌 고먐미...  헷 시루 낚아서 집에들어와쪙,ko
ㅋㅋㅋㅋㅋㅋㅋ 이 예 이 이 이 이 이 이 이ㅔ  핸드폰 충전기로 낚아 쪄,ko
사람이름이 집 가 가!?  ㅋㅋㅋㅋㅋㅋㅋㅋㅋㅋㅋㅋ,ko
사람이름이집에오라고 막막 막!!! 이이이이이이이이이이이이이 뻐에에에에에에에에엥에에에  헷 아냐 사람이름이,ko
이쁘게 말해줘 응 x 웅  뭘 이쁘게 하래 뒤지려고,ko
얼굴만 이쁘면 다야?  웅 맞아 이쁘면 그만이야 어쩔래,ko
어 그래 맛있냐 사진 좀 보내줘봐라  아니ㅡㅡ 대표랑 이 사랑 실장 매니저 다 같이 시켰는데 나 혼자 시무실에서 먹으려는데 밥을 회의실로 가져가서 지금 일단 사무실에닛는중 이따 쟤들 다 먹을 때쯤 가져와서 먹을라고,ko
ㅋㅋ 이제 간다네요 울 집서 와인 먹어도 되나?  사람이름 사람이름?,ko
힝힝 한국이 이기고 있든ㅇ 당  구래????벌써??,ko
억담환도 있음 풍담엔 포말이 있어  나 밥 먹으려고  일찍 나옴,ko
아 지금? 밥 먹으려고? 시간 알차게 쓰노  편의점 김밥 먹을 거임 ㅋㅋㅋㅋㅋㅋㅋㅋㅋㅋㅋㅋㅋ 너무 충분한 시간 아니 그냥 빨리 치고 싶다 그리고 오늘 밤 난 고생 오지게 할 예정,ko
30분 남았네.. 제발 족보.. ㅈㅂㅈㅂ ㅈㅂㅈㅂ...  하 오늘과 목 졷보 안 타면 멘탈 나가서 내일 과목도 조질 거고 ㅎㅎ,ko
ㅋㅋㅋㅋ 아냐 오늘은 탈 거야 최소한 오늘은 다 타는 과목임 ㅈㅂㅈㅂ  안 타면 안 되지 이건 못 참지...,ko
이 가방나 첨 보는데?!  아니야.... 나 자기가 칼하트 주기 전까지 매일 매던 거야...,ko
ㅋㅋㅋㅋㅋㅋ나랑도 있을 때 맸어?  응....,ko
그럼 얇은 거 아닌 강 꾸  아냐아냐 ㅋㅋㅋ 자기야 나 백팩 필요 없어 진짜 ㅋ 준지 거도 샀잖아 ㅋㅋ,ko
크로스백은?  괜찮아요 ㅋㅋ,ko
도전해 보게  자기 당첨 엄청 되네???,ko
로맨틱한 분위기에 취해있는 날 왜...  맛있으니까!,ko
그러려고 글 열심히 썼냐! 나를 혼내랴고?  다 그런 거 아니겠어 구냥 모 데이트할 때 자기 맛있는 거 좀 더 먹이고 조금 더 혼내주고 더 로맨틱하게 사귀는데 쓰겠지요 크게 갖고 싶은 건 없어서 샤부샤부 좀 사 먹고..,ko
구래 구래 딱 좋다 히히 내가 다 뿌듯하네 내 새끼가 다 컸어 아주  헤헤 자기도 대회 나가는 거 잘 됐으면 좋겠다 자기도 뭐 상금 타나??,ko
아마 있을 거야 상장하고 크진 않을걸....  옹 그렇구나,ko
어제 진짜 노답ㅋㅋㅋㅋㅋㅋ  적당히 놀래,ko
ㅋㅋㅋㅋㅋㅋ 아 엄마 일어나면  그래서,ko
디 지겠서 무서움  내가 나중에 놀러 간다고ᄏᄏᄏ,ko
일어나자마자 물  그랬어 네가 맛있는 거 해주라고 막,ko
아하 자영 ㅠㅠ  다들 술 엄청 먹고 지금 아이스크림 사러 나간데요ᅲ 난 안 나가고 ㅎㅎ,ko
잘했어!!  고럼 ㅎㅎㅎ 사람이름이잖우 히히,ko
77ㅑㅑㅑㅑ 사람이름 쓰  ㅋㅋㅋㅋㅋㅋ 케케켘ㅋㅋ 감쟈합니댜,ko
근데 치마 입자니 치마는 길어도 짧아도 불편함ㅋㅋㅋㅋ 길면 길어서 불편하고 짧으면 짧아서 불편하고 내가 다리 잘 붓잖아  아 맞아ㅋㅋㅋㅋ,ko
그래서 막 일하다가보면 일자바지 입어도 다리 부어서 낌ㅋㅋㅋㅋ 아침에는 널찍한데ᄒ  ㄱ... 으 힘들겠다...,ko
우앙 다가 투카 해! 나 어제 잠들라 또..  잘해 또! 히히 나도 너무 늦게 안 자고 자 또,ko
헤헤 다가 잘 자 떠?  웅 근데 좀 피곤허넹 호호... 자기는 출근 잘 했어? 난 아침에 일어나자마자 사람이 음랑 사람이름이랑 산책하고 지금 마저 일 하구 있어 점심까지 야무지게 얻어먹고 갈고 얌 헤헤,ko
우왕 비빔밥!!!  ㄱ ㅐ만 있 어 요 김치도 환상쓰,ko
헤헤 다기 비빔밥 짱 오랜만에 먹었네 다가 열 수업 중? 나 오늘 회식이 잡힐 거 가터다  오... 오랜만에 회식이네? 나 수업하고 공강이고 5시쯤 저녁 동료분들이랑 밥 먹고 79시 수업합니다 오늘 집 가서는 기획일 얼개 좀 짜고 잘 것 같아,ko
넹넹 동료들이랑 맛난고 머거욤?  네네 메뉴 정하기 어렵다,ko
엥 왜 배고 차 나 왜 안자...  ㅋㅋㅋㅋㅋㅋ 내일 개거생쓰 ㅠㅠ 언니 근데 사람이름쥠님이랑 잘 풀었어 유??,ko
하아... 1박2일 동안 싸움 ㅠㅠ  와우,ko
만나서 합의 보고 풀어서... 근데 진짜 그 지난 1주일은 정말 활화산의 지옥 진짜 장난 아니었음 나 지금 당장 전화해서 엄마한테 나 갈라선다고ᄏᄏᄏᄏ말 할라 했음 집도 혹시 몰라서 안 내놓고ᄏᄏᄏᄏᄏᄏ 이탈리아 나랑 허니문 갈 사람 구하고ᄏᄏᄏᄏ  ㅋㅋㅋㅋㅋㅋㅋㅋ 다행이네 잘 해결돼서 그래디 나 오늘 온 친구 중에 한 명 유부인데 ㅠㅠ 시험관까지는 해본 거 같은데 배란유도했다니까 근데 아기 못 가질 수도 있겠다 생각한다고 덤덤히 말하는데 안돼보이더라ㅠㅠ 준비할 땐 막상 얘기 안 하더니 좀 지나고 괜찮은지 얘기하더라 그,ko
나 다짐했음 11시는 점심시간이라고 일찍 일어나면 배고프니까 11시에 너도 맞춰 먹어야 함  ㅋㅋㅋㅋㅋㅋㅋ 알겠음 같이먹잨ㅋㅋㅋㅋ,ko
11시 끼지 맞춰야 함 ㅇㅋ? 난?  무섭지만 ㅇㅋ,ko
그전에 공부하러 오면  함 노력해 보게,ko
더 좋고  응 당뇨나 지,ko
근데 나 고백할 줄 몰라 ㅇㅂㅇ  ㅋㅋㅋㅋㅋㅋㅋㅋㅋㅋㅋㅋㅋㅋㅋㅋㅋㅋㅋㅋㅋㅋㅋㅋㅋㅋㅋㅋㅋㅋㅋㅋㅋㅋ므ㅏㄴ로리야 또 몇 달 전엔 잘해놓고,ko
저도 같은 부서였는 걸요 ㅋㅋㅋ  투척해 주고 감 ㅋ ㅋ ㅋ ㅋ,ko
맛있는 거 사주는 사람 좋은 사람  착한 사람 예쁜 사람,ko
ㅋㅋㅋㄱㅋ  멋진 사람 ㅋㅋㅋㅋㅋㅋㅋㅋㅋㅋㅋㅋㅋ,ko
1120에는 일어나아 하는데 만약 내가 연락이 없다면.. 나에게 전화해 줘 부탁할게..  ..? 친구야 너 또 술 마셨니,ko
또 술 마셨겠니?  응 확신해,ko
